LPN Nbr,Status,Item Code,Item Description,Mod Timestamp,Orig Qty,Current Qty,Allocated Qty,Create Timestamp,Location,IB LPN Label - Last Printed Timestamp,Previous Location,Expiry Date,Case Qty,Received Qty,IB Shipment,Batch Nbr,Received Timestamp,PO/TO Nbr,Receiving User,Mod User,Item Hierarchy 5 (Expiry Rule),Manufacture Date,Nbr Locks
IBUAA1048062,Located,="76928",SL RS WHITE HAMBURGER BUNS 16P 30Z,02/26/2026 02:18:47 PM,63,63,0,02/26/2026 01:06:31 PM,FRZ-0-52-0,02/26/2026 01:11:09 PM,,05/30/2026,3,0,UAA-146179,UAA102A022626,02/26/2026 01:06:31 PM,,bbualewisuaa,bbuahollowayuaa,12 Day Expiry Rule,02/26/2026,0
IBUAA1048067,Located,="76928",SL RS WHITE HAMBURGER BUNS 16P 30Z,02/26/2026 02:18:47 PM,63,63,0,02/26/2026 01:11:54 PM,FRZ-0-52-0,02/26/2026 01:13:03 PM,,05/30/2026,3,0,UAA-146179,UAA102A022626,02/26/2026 01:11:54 PM,,bbualewisuaa,bbuahollowayuaa,12 Day Expiry Rule,02/26/2026,0
IBUAA1048068,Located,="76928",SL RS WHITE HAMBURGER BUNS 16P 30Z,02/26/2026 02:15:46 PM,63,63,0,02/26/2026 01:12:55 PM,FRZ-0-52-0,02/26/2026 01:13:29 PM,,05/30/2026,3,0,UAA-146179,UAA102A022626,02/26/2026 01:12:55 PM,,bbualewisuaa,bbucminderuaa,12 Day Expiry Rule,02/26/2026,0
IBUAA1048070,Located,="76928",SL RS WHITE HAMBURGER BUNS 16P 30Z,02/26/2026 02:18:47 PM,63,63,0,02/26/2026 01:14:13 PM,FRZ-0-52-0,02/26/2026 01:14:14 PM,,05/30/2026,3,0,UAA-146179,UAA102A022626,02/26/2026 01:14:13 PM,,bbualewisuaa,bbuahollowayuaa,12 Day Expiry Rule,02/26/2026,0
IBUAA1048142,Located,="76928",SL RS WHITE HAMBURGER BUNS 16P 30Z,02/26/2026 02:18:47 PM,63,63,0,02/26/2026 02:16:02 PM,FRZ-0-52-0,02/26/2026 02:16:04 PM,,05/30/2026,3,0,UAA-146179,UAA102A022626,02/26/2026 02:16:02 PM,,bbuahollowayuaa,bbuahollowayuaa,12 Day Expiry Rule,02/26/2026,0
IBUAA1048143,Located,="76928",SL RS WHITE HAMBURGER BUNS 16P 30Z,02/26/2026 02:18:47 PM,63,63,0,02/26/2026 02:16:15 PM,FRZ-0-52-0,02/26/2026 02:16:16 PM,,05/30/2026,3,0,UAA-146179,UAA102A022626,02/26/2026 02:16:15 PM,,bbuahollowayuaa,bbuahollowayuaa,12 Day Expiry Rule,02/26/2026,0
IBUAA1048073,Located,="76928",SL RS WHITE HAMBURGER BUNS 16P 30Z,02/26/2026 02:23:40 PM,63,63,0,02/26/2026 02:19:08 PM,FRZ-0-52-0,02/26/2026 02:19:10 PM,,05/30/2026,3,0,UAA-146179,UAA102A022626,02/26/2026 02:19:08 PM,,bbublopezruaa,bbucminderuaa,12 Day Expiry Rule,02/26/2026,0
IBUAA1048074,Located,="76928",SL RS WHITE HAMBURGER BUNS 16P 30Z,02/26/2026 02:23:40 PM,63,63,0,02/26/2026 02:19:28 PM,FRZ-0-52-0,02/26/2026 02:19:30 PM,,05/30/2026,3,0,UAA-146179,UAA102A022626,02/26/2026 02:19:28 PM,,bbublopezruaa,bbucminderuaa,12 Day Expiry Rule,02/26/2026,0
IBUAA1048144,Located,="76928",SL RS WHITE HAMBURGER BUNS 16P 30Z,02/26/2026 02:32:49 PM,63,63,0,02/26/2026 02:22:23 PM,FRZ-0-52-0,02/26/2026 02:22:24 PM,FRZ-0-52-0,05/30/2026,3,0,UAA-146179,UAA102A022626,02/26/2026 02:22:23 PM,,bbuahollowayuaa,bbucminderuaa,12 Day Expiry Rule,02/26/2026,0
IBUAA1048145,Located,="76928",SL RS WHITE HAMBURGER BUNS 16P 30Z,02/26/2026 02:24:38 PM,63,63,0,02/26/2026 02:22:34 PM,FRZ-0-52-0,02/26/2026 02:22:35 PM,,05/30/2026,3,0,UAA-146179,UAA102A022626,02/26/2026 02:22:34 PM,,bbuahollowayuaa,bbuahollowayuaa,12 Day Expiry Rule,02/26/2026,0
IBUAA1048075,Located,="76928",SL RS WHITE HAMBURGER BUNS 16P 30Z,02/26/2026 02:26:54 PM,63,63,0,02/26/2026 02:24:07 PM,FRZ-0-52-0,02/26/2026 02:24:08 PM,,05/30/2026,3,0,UAA-146179,UAA102A022626,02/26/2026 02:24:07 PM,,bbublopezruaa,bbucminderuaa,12 Day Expiry Rule,02/26/2026,0
IBUAA1048147,Located,="76928",SL RS WHITE HAMBURGER BUNS 16P 30Z,03/12/2026 06:20:37 AM,63,63,0,02/26/2026 02:26:24 PM,FRZ-0-52-0,02/26/2026 02:26:25 PM,,05/30/2026,3,0,UAA-146179,UAA102A022626,02/26/2026 02:26:24 PM,,bbuahollowayuaa,bbuamurillouaa,12 Day Expiry Rule,02/26/2026,0
IBUAA1048077,Located,="76928",SL RS WHITE HAMBURGER BUNS 16P 30Z,02/26/2026 02:38:51 PM,63,63,0,02/26/2026 02:27:41 PM,FRZ-0-52-0,02/26/2026 02:27:42 PM,,05/30/2026,3,0,UAA-146179,UAA102A022626,02/26/2026 02:27:41 PM,,bbublopezruaa,bbucminderuaa,12 Day Expiry Rule,02/26/2026,0
IBUAA1048078,Located,="76928",SL RS WHITE HAMBURGER BUNS 16P 30Z,02/26/2026 02:32:49 PM,63,63,0,02/26/2026 02:27:55 PM,FRZ-0-52-0,02/26/2026 02:27:56 PM,,05/30/2026,3,0,UAA-146179,UAA102A022626,02/26/2026 02:27:55 PM,,bbublopezruaa,bbucminderuaa,12 Day Expiry Rule,02/26/2026,0
IBUAA1048079,Located,="76928",SL RS WHITE HAMBURGER BUNS 16P 30Z,02/26/2026 02:32:49 PM,63,63,0,02/26/2026 02:28:02 PM,FRZ-0-52-0,02/26/2026 02:28:02 PM,,05/30/2026,3,0,UAA-146179,UAA102A022626,02/26/2026 02:28:02 PM,,bbublopezruaa,bbucminderuaa,12 Day Expiry Rule,02/26/2026,0
IBUAA1048080,Located,="76928",SL RS WHITE HAMBURGER BUNS 16P 30Z,02/26/2026 02:38:51 PM,63,63,0,02/26/2026 02:29:50 PM,FRZ-0-52-0,02/26/2026 02:29:52 PM,,05/30/2026,3,0,UAA-146179,UAA102A022626,02/26/2026 02:29:49 PM,,bbublopezruaa,bbucminderuaa,12 Day Expiry Rule,02/26/2026,0
IBUAA1048081,Located,="76928",SL RS WHITE HAMBURGER BUNS 16P 30Z,02/26/2026 02:38:51 PM,63,63,0,02/26/2026 02:33:09 PM,FRZ-0-52-0,02/26/2026 02:33:10 PM,,05/30/2026,3,0,UAA-146179,UAA102A022626,02/26/2026 02:33:09 PM,,bbublopezruaa,bbucminderuaa,12 Day Expiry Rule,02/26/2026,0
IBUAA1048083,Located,="76928",SL RS WHITE HAMBURGER BUNS 16P 30Z,02/26/2026 02:38:51 PM,63,63,0,02/26/2026 02:33:16 PM,FRZ-0-52-0,02/26/2026 02:33:18 PM,,05/30/2026,3,0,UAA-146179,UAA102A022626,02/26/2026 02:33:16 PM,,bbublopezruaa,bbucminderuaa,12 Day Expiry Rule,02/26/2026,0
IBUAA1048149,Located,="76928",SL RS WHITE HAMBURGER BUNS 16P 30Z,02/26/2026 02:43:18 PM,63,63,0,02/26/2026 02:37:51 PM,FRZ-0-52-0,02/26/2026 02:37:52 PM,,05/30/2026,3,0,UAA-146179,UAA102A022626,02/26/2026 02:37:51 PM,,bbuahollowayuaa,bbuahollowayuaa,12 Day Expiry Rule,02/26/2026,0
IBUAA1048150,Located,="76928",SL RS WHITE HAMBURGER BUNS 16P 30Z,02/26/2026 02:43:18 PM,63,63,0,02/26/2026 02:38:02 PM,FRZ-0-52-0,02/26/2026 02:38:08 PM,,05/30/2026,3,0,UAA-146179,UAA102A022626,02/26/2026 02:38:02 PM,,bbuahollowayuaa,bbuahollowayuaa,12 Day Expiry Rule,02/26/2026,0
IBUAA1048151,Located,="76928",SL RS WHITE HAMBURGER BUNS 16P 30Z,02/26/2026 02:41:14 PM,63,63,0,02/26/2026 02:38:19 PM,FRZ-0-52-0,02/26/2026 02:38:20 PM,,05/30/2026,3,0,UAA-146179,UAA102A022626,02/26/2026 02:38:19 PM,,bbuahollowayuaa,bbucminderuaa,12 Day Expiry Rule,02/26/2026,0
IBUAA1048084,Located,="76928",SL RS WHITE HAMBURGER BUNS 16P 30Z,02/26/2026 02:41:14 PM,63,63,0,02/26/2026 02:38:19 PM,FRZ-0-52-0,02/26/2026 02:38:21 PM,,05/30/2026,3,0,UAA-146179,UAA102A022626,02/26/2026 02:38:19 PM,,bbublopezruaa,bbucminderuaa,12 Day Expiry Rule,02/26/2026,0
IBUAA1048087,Located,="76928",SL RS WHITE HAMBURGER BUNS 16P 30Z,02/26/2026 02:44:57 PM,63,63,0,02/26/2026 02:42:52 PM,FRZ-0-52-0,02/26/2026 02:42:53 PM,,05/30/2026,3,0,UAA-146179,UAA102A022626,02/26/2026 02:42:52 PM,,bbublopezruaa,bbucminderuaa,12 Day Expiry Rule,02/26/2026,0
IBUAA1048089,Located,="76928",SL RS WHITE HAMBURGER BUNS 16P 30Z,02/26/2026 02:44:57 PM,63,63,0,02/26/2026 02:43:06 PM,FRZ-0-52-0,02/26/2026 02:43:07 PM,,05/30/2026,3,0,UAA-146179,UAA102A022626,02/26/2026 02:43:06 PM,,bbublopezruaa,bbucminderuaa,12 Day Expiry Rule,02/26/2026,0
IBUAA1048090,Located,="76928",SL RS WHITE HAMBURGER BUNS 16P 30Z,02/26/2026 02:50:09 PM,63,63,0,02/26/2026 02:43:12 PM,FRZ-0-52-0,02/26/2026 02:43:13 PM,,05/30/2026,3,0,UAA-146179,UAA102A022626,02/26/2026 02:43:12 PM,,bbublopezruaa,bbucminderuaa,12 Day Expiry Rule,02/26/2026,0
IBUAA1048091,Located,="76928",SL RS WHITE HAMBURGER BUNS 16P 30Z,02/26/2026 02:47:58 PM,63,63,0,02/26/2026 02:43:19 PM,FRZ-0-52-0,02/26/2026 02:43:20 PM,,05/30/2026,3,0,UAA-146179,UAA102A022626,02/26/2026 02:43:19 PM,,bbublopezruaa,bbucminderuaa,12 Day Expiry Rule,02/26/2026,0
IBUAA1048212,Located,="76928",SL RS WHITE HAMBURGER BUNS 16P 30Z,02/26/2026 02:46:59 PM,63,63,0,02/26/2026 02:44:52 PM,FRZ-0-52-0,02/26/2026 02:44:53 PM,,05/30/2026,3,0,UAA-146179,UAA102A022626,02/26/2026 02:44:52 PM,,bbuahollowayuaa,bbuahollowayuaa,12 Day Expiry Rule,02/26/2026,0
IBUAA1048213,Located,="76928",SL RS WHITE HAMBURGER BUNS 16P 30Z,02/26/2026 02:46:59 PM,63,63,0,02/26/2026 02:44:58 PM,FRZ-0-52-0,02/26/2026 02:44:59 PM,,05/30/2026,3,0,UAA-146179,UAA102A022626,02/26/2026 02:44:58 PM,,bbuahollowayuaa,bbuahollowayuaa,12 Day Expiry Rule,02/26/2026,0
IBUAA1048192,Located,="76928",SL RS WHITE HAMBURGER BUNS 16P 30Z,02/26/2026 02:54:41 PM,63,63,0,02/26/2026 02:47:21 PM,FRZ-0-52-0,02/26/2026 02:47:22 PM,,05/30/2026,3,0,UAA-146179,UAA102A022626,02/26/2026 02:47:21 PM,,bbublopezruaa,bbucminderuaa,12 Day Expiry Rule,02/26/2026,0
IBUAA1048195,Located,="76928",SL RS WHITE HAMBURGER BUNS 16P 30Z,02/26/2026 02:52:44 PM,63,63,0,02/26/2026 02:47:49 PM,FRZ-0-52-0,02/26/2026 02:47:50 PM,,05/30/2026,3,0,UAA-146179,UAA102A022626,02/26/2026 02:47:49 PM,,bbublopezruaa,bbucminderuaa,12 Day Expiry Rule,02/26/2026,0
IBUAA1048214,Located,="76928",SL RS WHITE HAMBURGER BUNS 16P 30Z,02/26/2026 02:51:01 PM,63,63,0,02/26/2026 02:47:58 PM,FRZ-0-52-0,02/26/2026 02:47:59 PM,FRZ-0-52-0,05/30/2026,3,0,UAA-146179,UAA102A022626,02/26/2026 02:47:58 PM,,bbuahollowayuaa,bbuahollowayuaa,12 Day Expiry Rule,02/26/2026,0
IBUAA1048215,Located,="76928",SL RS WHITE HAMBURGER BUNS 16P 30Z,02/26/2026 02:51:01 PM,63,63,0,02/26/2026 02:48:03 PM,FRZ-0-52-0,02/26/2026 02:48:04 PM,,05/30/2026,3,0,UAA-146179,UAA102A022626,02/26/2026 02:48:03 PM,,bbuahollowayuaa,bbuahollowayuaa,12 Day Expiry Rule,02/26/2026,0
IBUAA1048216,Located,="76928",SL RS WHITE HAMBURGER BUNS 16P 30Z,02/26/2026 02:53:25 PM,63,63,0,02/26/2026 02:51:41 PM,FRZ-0-52-0,02/26/2026 02:51:42 PM,,05/30/2026,3,0,UAA-146179,UAA102A022626,02/26/2026 02:51:41 PM,,bbuahollowayuaa,bbuahollowayuaa,12 Day Expiry Rule,02/26/2026,0
IBUAA1048217,Located,="76928",SL RS WHITE HAMBURGER BUNS 16P 30Z,02/26/2026 02:53:25 PM,63,63,0,02/26/2026 02:51:49 PM,FRZ-0-52-0,02/26/2026 02:51:50 PM,,05/30/2026,3,0,UAA-146179,UAA102A022626,02/26/2026 02:51:49 PM,,bbuahollowayuaa,bbuahollowayuaa,12 Day Expiry Rule,02/26/2026,0
IBUAA1048196,Located,="76928",SL RS WHITE HAMBURGER BUNS 16P 30Z,02/26/2026 03:00:22 PM,63,63,0,02/26/2026 02:52:50 PM,FRZ-0-52-0,02/26/2026 02:52:51 PM,,05/30/2026,3,0,UAA-146179,UAA102A022626,02/26/2026 02:52:50 PM,,bbublopezruaa,bbucminderuaa,12 Day Expiry Rule,02/26/2026,0
IBUAA1048197,Located,="76928",SL RS WHITE HAMBURGER BUNS 16P 30Z,02/26/2026 03:00:22 PM,63,63,0,02/26/2026 02:52:59 PM,FRZ-0-52-0,02/26/2026 02:53:00 PM,,05/30/2026,3,0,UAA-146179,UAA102A022626,02/26/2026 02:52:59 PM,,bbublopezruaa,bbucminderuaa,12 Day Expiry Rule,02/26/2026,0
IBUAA1048198,Located,="76928",SL RS WHITE HAMBURGER BUNS 16P 30Z,02/26/2026 03:06:19 PM,63,63,0,02/26/2026 02:53:09 PM,FRZ-0-52-0,02/26/2026 02:53:10 PM,,05/30/2026,3,0,UAA-146179,UAA102A022626,02/26/2026 02:53:09 PM,,bbublopezruaa,bbucminderuaa,12 Day Expiry Rule,02/26/2026,0
IBUAA1048218,Located,="76928",SL RS WHITE HAMBURGER BUNS 16P 30Z,02/26/2026 02:55:22 PM,63,63,0,02/26/2026 02:53:56 PM,FRZ-0-52-0,02/26/2026 02:53:57 PM,,05/30/2026,3,0,UAA-146179,UAA102A022626,02/26/2026 02:53:56 PM,,bbuahollowayuaa,bbuahollowayuaa,12 Day Expiry Rule,02/26/2026,0
IBUAA1048220,Located,="76928",SL RS WHITE HAMBURGER BUNS 16P 30Z,02/26/2026 02:58:32 PM,63,63,0,02/26/2026 02:56:58 PM,FRZ-0-52-0,02/26/2026 02:56:59 PM,,05/30/2026,3,0,UAA-146179,UAA102A022626,02/26/2026 02:56:58 PM,,bbuahollowayuaa,bbuahollowayuaa,12 Day Expiry Rule,02/26/2026,0
IBUAA1048222,Located,="76928",SL RS WHITE HAMBURGER BUNS 16P 30Z,02/26/2026 03:02:58 PM,63,63,0,02/26/2026 03:00:01 PM,FRZ-0-52-0,02/26/2026 03:00:02 PM,,05/30/2026,3,0,UAA-146179,UAA102A022626,02/26/2026 03:00:01 PM,,bbuahollowayuaa,bbuahollowayuaa,12 Day Expiry Rule,02/26/2026,0
IBUAA1048223,Located,="76928",SL RS WHITE HAMBURGER BUNS 16P 30Z,02/26/2026 03:02:59 PM,63,63,0,02/26/2026 03:00:06 PM,FRZ-0-52-0,02/26/2026 03:00:07 PM,,05/30/2026,3,0,UAA-146179,UAA102A022626,02/26/2026 03:00:06 PM,,bbuahollowayuaa,bbuahollowayuaa,12 Day Expiry Rule,02/26/2026,0
IBUAA1048199,Located,="76928",SL RS WHITE HAMBURGER BUNS 16P 30Z,02/26/2026 03:06:19 PM,63,63,0,02/26/2026 03:02:45 PM,FRZ-0-52-0,02/26/2026 03:02:46 PM,,05/30/2026,3,0,UAA-146179,UAA102A022626,02/26/2026 03:02:45 PM,,bbublopezruaa,bbucminderuaa,12 Day Expiry Rule,02/26/2026,0
IBUAA1048224,Located,="76928",SL RS WHITE HAMBURGER BUNS 16P 30Z,02/26/2026 03:11:02 PM,63,63,0,02/26/2026 03:07:15 PM,FRZ-0-52-0,02/26/2026 03:07:17 PM,,05/30/2026,3,0,UAA-146179,UAA102A022626,02/26/2026 03:07:15 PM,,bbuahollowayuaa,bbuahollowayuaa,12 Day Expiry Rule,02/26/2026,0
IBUAA1048225,Located,="76928",SL RS WHITE HAMBURGER BUNS 16P 30Z,02/26/2026 03:11:02 PM,63,63,0,02/26/2026 03:07:27 PM,FRZ-0-52-0,02/26/2026 03:07:28 PM,,05/30/2026,3,0,UAA-146179,UAA102A022626,02/26/2026 03:07:27 PM,,bbuahollowayuaa,bbuahollowayuaa,12 Day Expiry Rule,02/26/2026,0
IBUAA1048200,Located,="76928",SL RS WHITE HAMBURGER BUNS 16P 30Z,02/26/2026 03:18:38 PM,63,63,0,02/26/2026 03:08:49 PM,FRZ-0-52-0,02/26/2026 03:08:50 PM,,05/30/2026,3,0,UAA-146179,UAA102A022626,02/26/2026 03:08:49 PM,,bbublopezruaa,bbucminderuaa,12 Day Expiry Rule,02/26/2026,0
IBUAA1048201,Located,="76928",SL RS WHITE HAMBURGER BUNS 16P 30Z,02/26/2026 03:14:17 PM,63,63,0,02/26/2026 03:09:06 PM,FRZ-0-52-0,02/26/2026 03:09:07 PM,,05/30/2026,3,0,UAA-146179,UAA102A022626,02/26/2026 03:09:06 PM,,bbublopezruaa,bbucminderuaa,12 Day Expiry Rule,02/26/2026,0
IBUAA1048226,Located,="76928",SL RS WHITE HAMBURGER BUNS 16P 30Z,02/26/2026 03:14:15 PM,63,63,0,02/26/2026 03:12:15 PM,FRZ-0-52-0,02/26/2026 03:12:16 PM,,05/30/2026,3,0,UAA-146179,UAA102A022626,02/26/2026 03:12:15 PM,,bbuahollowayuaa,bbuahollowayuaa,12 Day Expiry Rule,02/26/2026,0
IBUAA1048227,Located,="76928",SL RS WHITE HAMBURGER BUNS 16P 30Z,02/26/2026 03:14:15 PM,63,63,0,02/26/2026 03:12:21 PM,FRZ-0-52-0,02/26/2026 03:12:22 PM,,05/30/2026,3,0,UAA-146179,UAA102A022626,02/26/2026 03:12:21 PM,,bbuahollowayuaa,bbuahollowayuaa,12 Day Expiry Rule,02/26/2026,0
IBUAA1048228,Located,="76928",SL RS WHITE HAMBURGER BUNS 16P 30Z,02/26/2026 03:16:23 PM,63,63,0,02/26/2026 03:15:23 PM,FRZ-0-52-0,02/26/2026 03:15:25 PM,,05/30/2026,3,0,UAA-146179,UAA102A022626,02/26/2026 03:15:23 PM,,bbuahollowayuaa,bbuahollowayuaa,12 Day Expiry Rule,02/26/2026,0
IBUAA1048229,Located,="76928",SL RS WHITE HAMBURGER BUNS 16P 30Z,02/26/2026 03:20:47 PM,63,63,0,02/26/2026 03:18:09 PM,FRZ-0-52-0,03/10/2026 01:31:37 PM,,05/30/2026,3,0,UAA-146179,UAA102A022626,02/26/2026 03:18:09 PM,,bbuwoakesuaa,bbushunteruaa,12 Day Expiry Rule,02/26/2026,0
IBUAA1048230,Located,="76928",SL RS WHITE HAMBURGER BUNS 16P 30Z,02/26/2026 03:20:47 PM,63,63,0,02/26/2026 03:19:24 PM,FRZ-0-52-0,02/26/2026 03:19:26 PM,,05/30/2026,3,0,UAA-146179,UAA102A022626,02/26/2026 03:19:24 PM,,bbushunteruaa,bbushunteruaa,12 Day Expiry Rule,02/26/2026,0
IBUAA1048231,Located,="76928",SL RS WHITE HAMBURGER BUNS 16P 30Z,02/26/2026 03:20:47 PM,63,63,0,02/26/2026 03:19:32 PM,FRZ-0-52-0,02/26/2026 03:19:33 PM,,05/30/2026,3,0,UAA-146179,UAA102A022626,02/26/2026 03:19:32 PM,,bbushunteruaa,bbushunteruaa,12 Day Expiry Rule,02/26/2026,0
IBUAA1048292,Located,="76928",SL RS WHITE HAMBURGER BUNS 16P 30Z,02/26/2026 03:20:47 PM,63,63,0,02/26/2026 03:19:38 PM,FRZ-0-52-0,02/26/2026 03:19:39 PM,,05/30/2026,3,0,UAA-146179,UAA102A022626,02/26/2026 03:19:38 PM,,bbushunteruaa,bbushunteruaa,12 Day Expiry Rule,02/26/2026,0
IBUAA1048293,Located,="76928",SL RS WHITE HAMBURGER BUNS 16P 30Z,02/26/2026 03:20:47 PM,63,63,0,02/26/2026 03:19:45 PM,FRZ-0-52-0,02/26/2026 03:19:46 PM,,05/30/2026,3,0,UAA-146179,UAA102A022626,02/26/2026 03:19:45 PM,,bbushunteruaa,bbushunteruaa,12 Day Expiry Rule,02/26/2026,0
IBUAA1048294,Located,="76928",SL RS WHITE HAMBURGER BUNS 16P 30Z,02/26/2026 03:20:47 PM,63,63,0,02/26/2026 03:19:52 PM,FRZ-0-52-0,02/26/2026 03:19:53 PM,,05/30/2026,3,0,UAA-146179,UAA102A022626,02/26/2026 03:19:52 PM,,bbushunteruaa,bbushunteruaa,12 Day Expiry Rule,02/26/2026,0
IBUAA1048296,Located,="76928",SL RS WHITE HAMBURGER BUNS 16P 30Z,02/26/2026 03:27:13 PM,63,63,0,02/26/2026 03:25:12 PM,FRZ-0-52-0,02/26/2026 03:25:13 PM,,05/30/2026,3,0,UAA-146179,UAA102A022626,02/26/2026 03:25:12 PM,,bbuwoakesuaa,bbuwoakesuaa,12 Day Expiry Rule,02/26/2026,0
IBUAA1048297,Located,="76928",SL RS WHITE HAMBURGER BUNS 16P 30Z,02/26/2026 03:27:13 PM,63,63,0,02/26/2026 03:25:16 PM,FRZ-0-52-0,02/26/2026 03:25:16 PM,,05/30/2026,3,0,UAA-146179,UAA102A022626,02/26/2026 03:25:16 PM,,bbuwoakesuaa,bbuwoakesuaa,12 Day Expiry Rule,02/26/2026,0
IBUAA1048298,Located,="76928",SL RS WHITE HAMBURGER BUNS 16P 30Z,02/26/2026 03:27:13 PM,63,63,0,02/26/2026 03:25:19 PM,FRZ-0-52-0,02/26/2026 03:25:20 PM,,05/30/2026,3,0,UAA-146179,UAA102A022626,02/26/2026 03:25:19 PM,,bbuwoakesuaa,bbuwoakesuaa,12 Day Expiry Rule,02/26/2026,0
IBUAA1048282,Located,="76928",SL RS WHITE HAMBURGER BUNS 16P 30Z,02/26/2026 03:28:42 PM,63,63,0,02/26/2026 03:27:31 PM,FRZ-0-52-0,02/26/2026 03:27:33 PM,,05/30/2026,3,0,UAA-146179,UAA102A022626,02/26/2026 03:27:31 PM,,bbushunteruaa,bbushunteruaa,12 Day Expiry Rule,02/26/2026,0
IBUAA1048283,Located,="76928",SL RS WHITE HAMBURGER BUNS 16P 30Z,02/26/2026 03:28:42 PM,63,63,0,02/26/2026 03:27:40 PM,FRZ-0-52-0,02/26/2026 03:27:41 PM,,05/30/2026,3,0,UAA-146179,UAA102A022626,02/26/2026 03:27:40 PM,,bbushunteruaa,bbushunteruaa,12 Day Expiry Rule,02/26/2026,0
IBUAA1048284,Located,="76928",SL RS WHITE HAMBURGER BUNS 16P 30Z,02/26/2026 03:28:42 PM,63,63,0,02/26/2026 03:27:47 PM,FRZ-0-52-0,02/26/2026 03:27:48 PM,,05/30/2026,3,0,UAA-146179,UAA102A022626,02/26/2026 03:27:47 PM,,bbushunteruaa,bbushunteruaa,12 Day Expiry Rule,02/26/2026,0
IBUAA1048233,Located,="76928",SL RS WHITE HAMBURGER BUNS 16P 30Z,02/26/2026 03:31:39 PM,63,63,0,02/26/2026 03:30:40 PM,FRZ-0-52-0,02/26/2026 03:30:42 PM,,05/30/2026,3,0,UAA-146179,UAA102A022626,02/26/2026 03:30:40 PM,,bbushunteruaa,bbushunteruaa,12 Day Expiry Rule,02/26/2026,0
IBUAA1048234,Located,="76928",SL RS WHITE HAMBURGER BUNS 16P 30Z,02/26/2026 03:31:39 PM,63,63,0,02/26/2026 03:30:47 PM,FRZ-0-52-0,02/26/2026 03:30:48 PM,,05/30/2026,3,0,UAA-146179,UAA102A022626,02/26/2026 03:30:47 PM,,bbushunteruaa,bbushunteruaa,12 Day Expiry Rule,02/26/2026,0
IBUAA1048235,Located,="76928",SL RS WHITE HAMBURGER BUNS 16P 30Z,02/26/2026 03:31:39 PM,63,63,0,02/26/2026 03:30:53 PM,FRZ-0-52-0,02/26/2026 03:30:54 PM,,05/30/2026,3,0,UAA-146179,UAA102A022626,02/26/2026 03:30:53 PM,,bbushunteruaa,bbushunteruaa,12 Day Expiry Rule,02/26/2026,0
IBUAA1048303,Located,="76928",SL RS WHITE HAMBURGER BUNS 16P 30Z,02/26/2026 03:33:00 PM,63,63,0,02/26/2026 03:31:52 PM,FRZ-0-52-0,02/26/2026 03:31:53 PM,,05/30/2026,3,0,UAA-146179,UAA102A022626,02/26/2026 03:31:52 PM,,bbuwoakesuaa,bbushunteruaa,12 Day Expiry Rule,02/26/2026,0
IBUAA1048253,Located,="76928",SL RS WHITE HAMBURGER BUNS 16P 30Z,02/26/2026 03:38:37 PM,63,63,0,02/26/2026 03:37:24 PM,FRZ-0-52-0,02/26/2026 03:37:26 PM,,05/30/2026,3,0,UAA-146179,UAA102A022626,02/26/2026 03:37:24 PM,,bbuahollowayuaa,bbuahollowayuaa,12 Day Expiry Rule,02/26/2026,0
IBUAA1048255,Located,="76928",SL RS WHITE HAMBURGER BUNS 16P 30Z,02/26/2026 03:41:19 PM,63,63,0,02/26/2026 03:39:21 PM,FRZ-0-52-0,02/26/2026 03:39:22 PM,,05/30/2026,3,0,UAA-146179,UAA102A022626,02/26/2026 03:39:21 PM,,bbuahollowayuaa,bbuahollowayuaa,12 Day Expiry Rule,02/26/2026,0
IBUAA1048256,Located,="76928",SL RS WHITE HAMBURGER BUNS 16P 30Z,02/26/2026 03:41:19 PM,63,63,0,02/26/2026 03:39:33 PM,FRZ-0-52-0,02/26/2026 03:39:33 PM,,05/30/2026,3,0,UAA-146179,UAA102A022626,02/26/2026 03:39:33 PM,,bbuahollowayuaa,bbuahollowayuaa,12 Day Expiry Rule,02/26/2026,0
IBUAA1048257,Located,="76928",SL RS WHITE HAMBURGER BUNS 16P 30Z,02/26/2026 03:45:07 PM,63,63,0,02/26/2026 03:42:15 PM,FRZ-0-52-0,02/26/2026 03:42:16 PM,,05/30/2026,3,0,UAA-146179,UAA102A022626,02/26/2026 03:42:15 PM,,bbublopezruaa,bbublopezruaa,12 Day Expiry Rule,02/26/2026,0
IBUAA1048258,Located,="76928",SL RS WHITE HAMBURGER BUNS 16P 30Z,02/26/2026 03:44:35 PM,63,63,0,02/26/2026 03:42:18 PM,FRZ-0-52-0,02/26/2026 03:42:18 PM,,05/30/2026,3,0,UAA-146179,UAA102A022626,02/26/2026 03:42:18 PM,,bbuahollowayuaa,bbuahollowayuaa,12 Day Expiry Rule,02/26/2026,0
IBUAA1048260,Located,="76928",SL RS WHITE HAMBURGER BUNS 16P 30Z,02/26/2026 03:44:34 PM,63,63,0,02/26/2026 03:42:25 PM,FRZ-0-52-0,02/26/2026 03:42:26 PM,,05/30/2026,3,0,UAA-146179,UAA102A022626,02/26/2026 03:42:25 PM,,bbuahollowayuaa,bbuahollowayuaa,12 Day Expiry Rule,02/26/2026,0
IBUAA1048259,Located,="76928",SL RS WHITE HAMBURGER BUNS 16P 30Z,02/26/2026 03:45:07 PM,63,63,0,02/26/2026 03:42:25 PM,FRZ-0-52-0,02/26/2026 03:42:26 PM,,05/30/2026,3,0,UAA-146179,UAA102A022626,02/26/2026 03:42:25 PM,,bbublopezruaa,bbublopezruaa,12 Day Expiry Rule,02/26/2026,0
IBUAA1048261,Located,="76928",SL RS WHITE HAMBURGER BUNS 16P 30Z,02/26/2026 03:44:38 PM,63,63,0,02/26/2026 03:42:32 PM,FRZ-0-52-0,02/26/2026 03:42:33 PM,,05/30/2026,3,0,UAA-146179,UAA102A022626,02/26/2026 03:42:32 PM,,bbublopezruaa,bbublopezruaa,12 Day Expiry Rule,02/26/2026,0
IBUAA1048262,Located,="76928",SL RS WHITE HAMBURGER BUNS 16P 30Z,02/26/2026 03:44:38 PM,63,63,0,02/26/2026 03:42:40 PM,FRZ-0-52-0,02/26/2026 03:42:41 PM,,05/30/2026,3,0,UAA-146179,UAA102A022626,02/26/2026 03:42:40 PM,,bbublopezruaa,bbublopezruaa,12 Day Expiry Rule,02/26/2026,0
IBUAA1048266,Located,="76928",SL RS WHITE HAMBURGER BUNS 16P 30Z,02/26/2026 03:46:57 PM,63,63,0,02/26/2026 03:45:19 PM,FRZ-0-52-0,02/26/2026 03:45:20 PM,,05/30/2026,3,0,UAA-146179,UAA102A022626,02/26/2026 03:45:19 PM,,bbuahollowayuaa,bbuahollowayuaa,12 Day Expiry Rule,02/26/2026,0
IBUAA1048267,Located,="76928",SL RS WHITE HAMBURGER BUNS 16P 30Z,02/26/2026 03:50:18 PM,63,63,0,02/26/2026 03:45:50 PM,FRZ-0-52-0,02/26/2026 03:45:50 PM,,05/30/2026,3,0,UAA-146179,UAA102A022626,02/26/2026 03:45:50 PM,,bbublopezruaa,bbublopezruaa,12 Day Expiry Rule,02/26/2026,0
IBUAA1048268,Located,="76928",SL RS WHITE HAMBURGER BUNS 16P 30Z,02/26/2026 03:50:18 PM,63,63,0,02/26/2026 03:45:56 PM,FRZ-0-52-0,02/26/2026 03:45:57 PM,,05/30/2026,3,0,UAA-146179,UAA102A022626,02/26/2026 03:45:56 PM,,bbublopezruaa,bbublopezruaa,12 Day Expiry Rule,02/26/2026,0
IBUAA1048271,Located,="76928",SL RS WHITE HAMBURGER BUNS 16P 30Z,02/26/2026 03:51:03 PM,63,63,0,02/26/2026 03:48:37 PM,FRZ-0-52-0,02/26/2026 03:48:38 PM,,05/30/2026,3,0,UAA-146179,UAA102A022626,02/26/2026 03:48:37 PM,,bbuahollowayuaa,bbuahollowayuaa,12 Day Expiry Rule,02/26/2026,0
IBUAA1048352,Located,="76928",SL RS WHITE HAMBURGER BUNS 16P 30Z,02/26/2026 03:51:03 PM,63,63,0,02/26/2026 03:48:48 PM,FRZ-0-52-0,02/26/2026 03:48:48 PM,,05/30/2026,3,0,UAA-146179,UAA102A022626,02/26/2026 03:48:48 PM,,bbuahollowayuaa,bbuahollowayuaa,12 Day Expiry Rule,02/26/2026,0
IBUAA1048354,Located,="76928",SL RS WHITE HAMBURGER BUNS 16P 30Z,02/26/2026 03:57:39 PM,63,63,0,02/26/2026 03:52:04 PM,FRZ-0-52-0,02/26/2026 03:52:04 PM,,05/30/2026,3,0,UAA-146179,UAA102A022626,02/26/2026 03:52:03 PM,,bbublopezruaa,bbublopezruaa,12 Day Expiry Rule,02/26/2026,0
IBUAA1048355,Located,="76928",SL RS WHITE HAMBURGER BUNS 16P 30Z,02/26/2026 03:54:39 PM,63,63,0,02/26/2026 03:52:35 PM,FRZ-0-52-0,02/26/2026 03:52:36 PM,,05/30/2026,3,0,UAA-146179,UAA102A022626,02/26/2026 03:52:35 PM,,bbublopezruaa,bbublopezruaa,12 Day Expiry Rule,02/26/2026,0
IBUAA1048356,Located,="76928",SL RS WHITE HAMBURGER BUNS 16P 30Z,03/12/2026 06:22:22 AM,63,63,0,02/26/2026 03:52:37 PM,FRZ-0-52-0,02/26/2026 03:52:38 PM,,05/30/2026,3,0,UAA-146179,UAA102A022626,02/26/2026 03:52:37 PM,,bbuahollowayuaa,bbuamurillouaa,12 Day Expiry Rule,02/26/2026,0
IBUAA1048357,Located,="76928",SL RS WHITE HAMBURGER BUNS 16P 30Z,02/26/2026 03:54:39 PM,63,63,0,02/26/2026 03:52:41 PM,FRZ-0-52-0,02/26/2026 03:52:42 PM,,05/30/2026,3,0,UAA-146179,UAA102A022626,02/26/2026 03:52:41 PM,,bbublopezruaa,bbublopezruaa,12 Day Expiry Rule,02/26/2026,0
IBUAA1048359,Located,="76928",SL RS WHITE HAMBURGER BUNS 16P 30Z,02/26/2026 03:54:44 PM,63,63,0,02/26/2026 03:52:47 PM,FRZ-0-52-0,02/26/2026 03:52:48 PM,,05/30/2026,3,0,UAA-146179,UAA102A022626,02/26/2026 03:52:47 PM,,bbuahollowayuaa,bbuahollowayuaa,12 Day Expiry Rule,02/26/2026,0
IBUAA1048362,Located,="76928",SL RS WHITE HAMBURGER BUNS 16P 30Z,02/26/2026 04:03:23 PM,63,63,0,02/26/2026 03:56:09 PM,FRZ-0-52-0,02/26/2026 03:56:10 PM,,05/30/2026,3,0,UAA-146179,UAA102A022626,02/26/2026 03:56:09 PM,,bbuahollowayuaa,bbuahollowayuaa,12 Day Expiry Rule,02/26/2026,0
IBUAA1048363,Located,="76928",SL RS WHITE HAMBURGER BUNS 16P 30Z,02/26/2026 04:03:23 PM,63,63,0,02/26/2026 03:56:14 PM,FRZ-0-52-0,02/26/2026 03:56:15 PM,,05/30/2026,3,0,UAA-146179,UAA102A022626,02/26/2026 03:56:14 PM,,bbuahollowayuaa,bbuahollowayuaa,12 Day Expiry Rule,02/26/2026,0
IBUAA1048364,Located,="76928",SL RS WHITE HAMBURGER BUNS 16P 30Z,02/26/2026 04:00:14 PM,63,63,0,02/26/2026 03:58:49 PM,FRZ-0-52-0,02/26/2026 03:58:50 PM,,05/30/2026,3,0,UAA-146179,UAA102A022626,02/26/2026 03:58:49 PM,,bbublopezruaa,bbublopezruaa,12 Day Expiry Rule,02/26/2026,0
IBUAA1048365,Located,="76928",SL RS WHITE HAMBURGER BUNS 16P 30Z,02/26/2026 04:00:13 PM,63,63,0,02/26/2026 03:58:59 PM,FRZ-0-52-0,02/26/2026 03:59:00 PM,,05/30/2026,3,0,UAA-146179,UAA102A022626,02/26/2026 03:58:59 PM,,bbublopezruaa,bbublopezruaa,12 Day Expiry Rule,02/26/2026,0
IBUAA1048367,Located,="76928",SL RS WHITE HAMBURGER BUNS 16P 30Z,02/26/2026 04:14:08 PM,63,63,0,02/26/2026 04:01:47 PM,FRZ-0-53-0,02/26/2026 04:12:43 PM,,05/30/2026,3,0,UAA-146179,UAA102A022626,02/26/2026 04:01:47 PM,,bbublopezruaa,bbublopezruaa,12 Day Expiry Rule,02/26/2026,0
IBUAA1048368,Located,="76928",SL RS WHITE HAMBURGER BUNS 16P 30Z,02/26/2026 04:14:08 PM,63,63,0,02/26/2026 04:01:58 PM,FRZ-0-53-0,02/26/2026 04:12:42 PM,,05/30/2026,3,0,UAA-146179,UAA102A022626,02/26/2026 04:01:58 PM,,bbublopezruaa,bbublopezruaa,12 Day Expiry Rule,02/26/2026,0
IBUAA1048370,Located,="76928",SL RS WHITE HAMBURGER BUNS 16P 30Z,02/26/2026 04:17:39 PM,63,63,0,02/26/2026 04:04:12 PM,FRZ-0-53-0,02/26/2026 04:10:22 PM,,05/30/2026,3,0,UAA-146185,UAA102A022626,02/26/2026 04:04:12 PM,,bbublopezruaa,bbublopezruaa,12 Day Expiry Rule,02/26/2026,0
IBUAA1048371,Located,="76928",SL RS WHITE HAMBURGER BUNS 16P 30Z,02/26/2026 04:17:39 PM,63,63,0,02/26/2026 04:04:25 PM,FRZ-0-53-0,02/26/2026 04:10:49 PM,,05/30/2026,3,0,UAA-146185,UAA102A022626,02/26/2026 04:04:25 PM,,bbublopezruaa,bbublopezruaa,12 Day Expiry Rule,02/26/2026,0
IBUAA1048393,Located,="76928",SL RS WHITE HAMBURGER BUNS 16P 30Z,03/12/2026 06:23:32 AM,63,63,0,02/26/2026 04:04:51 PM,FRZ-0-53-0,02/26/2026 04:04:52 PM,,05/30/2026,3,0,UAA-146185,UAA102A022626,02/26/2026 04:04:51 PM,,bbuahollowayuaa,bbuamurillouaa,12 Day Expiry Rule,02/26/2026,0
IBUAA1048394,Located,="76928",SL RS WHITE HAMBURGER BUNS 16P 30Z,02/26/2026 04:07:34 PM,63,63,0,02/26/2026 04:04:56 PM,FRZ-0-53-0,02/26/2026 04:04:57 PM,,05/30/2026,3,0,UAA-146185,UAA102A022626,02/26/2026 04:04:56 PM,,bbuahollowayuaa,bbuahollowayuaa,12 Day Expiry Rule,02/26/2026,0
IBUAA1048392,Located,="76928",SL RS WHITE HAMBURGER BUNS 16P 30Z,02/26/2026 04:17:39 PM,63,63,0,02/26/2026 04:05:47 PM,FRZ-0-53-0,02/26/2026 04:12:19 PM,,05/30/2026,3,0,UAA-146185,UAA102A022626,02/26/2026 04:05:47 PM,,bbublopezruaa,bbublopezruaa,12 Day Expiry Rule,02/26/2026,0
IBUAA1048395,Located,="76928",SL RS WHITE HAMBURGER BUNS 16P 30Z,02/26/2026 04:17:39 PM,63,63,0,02/26/2026 04:05:56 PM,FRZ-0-53-0,02/26/2026 04:12:00 PM,,05/30/2026,3,0,UAA-146185,UAA102A022626,02/26/2026 04:05:56 PM,,bbublopezruaa,bbublopezruaa,12 Day Expiry Rule,02/26/2026,0
IBUAA1048397,Located,="76928",SL RS WHITE HAMBURGER BUNS 16P 30Z,02/26/2026 04:13:27 PM,63,63,0,02/26/2026 04:09:49 PM,FRZ-0-53-0,02/26/2026 04:09:49 PM,,05/30/2026,3,0,UAA-146185,UAA102A022626,02/26/2026 04:09:49 PM,,bbuahollowayuaa,bbuahollowayuaa,12 Day Expiry Rule,02/26/2026,0
IBUAA1048398,Located,="76928",SL RS WHITE HAMBURGER BUNS 16P 30Z,02/26/2026 04:13:27 PM,63,63,0,02/26/2026 04:09:53 PM,FRZ-0-53-0,03/10/2026 01:32:00 PM,,05/30/2026,3,0,UAA-146185,UAA102A022626,02/26/2026 04:09:53 PM,,bbuahollowayuaa,bbuahollowayuaa,12 Day Expiry Rule,02/26/2026,0
IBUAA1048399,Located,="76928",SL RS WHITE HAMBURGER BUNS 16P 30Z,02/26/2026 04:16:52 PM,63,63,0,02/26/2026 04:15:13 PM,FRZ-0-53-0,02/26/2026 04:15:13 PM,,05/30/2026,3,0,UAA-146185,UAA102A022626,02/26/2026 04:15:13 PM,,bbuahollowayuaa,bbuahollowayuaa,12 Day Expiry Rule,02/26/2026,0
IBUAA1048400,Located,="76928",SL RS WHITE HAMBURGER BUNS 16P 30Z,02/26/2026 04:16:52 PM,63,63,0,02/26/2026 04:15:17 PM,FRZ-0-53-0,02/26/2026 04:15:18 PM,,05/30/2026,3,0,UAA-146185,UAA102A022626,02/26/2026 04:15:17 PM,,bbuahollowayuaa,bbuahollowayuaa,12 Day Expiry Rule,02/26/2026,0
IBUAA1048401,Located,="76928",SL RS WHITE HAMBURGER BUNS 16P 30Z,02/26/2026 04:19:47 PM,63,63,0,02/26/2026 04:18:16 PM,FRZ-0-53-0,02/26/2026 04:18:17 PM,,05/30/2026,3,0,UAA-146185,UAA102A022626,02/26/2026 04:18:16 PM,,bbuahollowayuaa,bbuahollowayuaa,12 Day Expiry Rule,02/26/2026,0
IBUAA1048402,Located,="76928",SL RS WHITE HAMBURGER BUNS 16P 30Z,02/26/2026 04:19:47 PM,63,63,0,02/26/2026 04:18:20 PM,FRZ-0-53-0,02/26/2026 04:18:20 PM,,05/30/2026,3,0,UAA-146185,UAA102A022626,02/26/2026 04:18:20 PM,,bbuahollowayuaa,bbuahollowayuaa,12 Day Expiry Rule,02/26/2026,0
IBUAA1048403,Located,="76928",SL RS WHITE HAMBURGER BUNS 16P 30Z,02/26/2026 04:25:23 PM,63,63,0,02/26/2026 04:19:22 PM,FRZ-0-53-0,02/26/2026 04:19:22 PM,,05/30/2026,3,0,UAA-146185,UAA102A022626,02/26/2026 04:19:22 PM,,bbublopezruaa,bbublopezruaa,12 Day Expiry Rule,02/26/2026,0
IBUAA1048404,Located,="76928",SL RS WHITE HAMBURGER BUNS 16P 30Z,02/26/2026 04:25:23 PM,63,63,0,02/26/2026 04:20:05 PM,FRZ-0-53-0,02/26/2026 04:20:06 PM,,05/30/2026,3,0,UAA-146185,UAA102A022626,02/26/2026 04:20:05 PM,,bbublopezruaa,bbublopezruaa,12 Day Expiry Rule,02/26/2026,0
IBUAA1048408,Located,="76928",SL RS WHITE HAMBURGER BUNS 16P 30Z,02/26/2026 04:27:36 PM,63,63,0,02/26/2026 04:25:41 PM,FRZ-0-53-0,02/26/2026 04:25:42 PM,,05/30/2026,3,0,UAA-146185,UAA102A022626,02/26/2026 04:25:41 PM,,bbuahollowayuaa,bbuahollowayuaa,12 Day Expiry Rule,02/26/2026,0
IBUAA1048315,Located,="76928",SL RS WHITE HAMBURGER BUNS 16P 30Z,02/26/2026 04:30:55 PM,63,63,0,02/26/2026 04:27:59 PM,FRZ-0-53-0,02/26/2026 04:28:01 PM,,05/30/2026,3,0,UAA-146185,UAA102A022626,02/26/2026 04:27:59 PM,,bbublopezruaa,bbublopezruaa,12 Day Expiry Rule,02/26/2026,0
IBUAA1048316,Located,="76928",SL RS WHITE HAMBURGER BUNS 16P 30Z,02/26/2026 04:30:55 PM,63,63,0,02/26/2026 04:28:08 PM,FRZ-0-53-0,02/26/2026 04:28:08 PM,,05/30/2026,3,0,UAA-146185,UAA102A022626,02/26/2026 04:28:08 PM,,bbublopezruaa,bbublopezruaa,12 Day Expiry Rule,02/26/2026,0
IBUAA1048411,Located,="76928",SL RS WHITE HAMBURGER BUNS 16P 30Z,02/26/2026 04:33:36 PM,63,63,0,02/26/2026 04:28:52 PM,FRZ-0-53-0,02/26/2026 04:28:53 PM,,05/30/2026,3,0,UAA-146185,UAA102A022626,02/26/2026 04:28:52 PM,,bbuahollowayuaa,bbuahollowayuaa,12 Day Expiry Rule,02/26/2026,0
IBUAA1048317,Located,="76928",SL RS WHITE HAMBURGER BUNS 16P 30Z,02/26/2026 04:38:19 PM,63,63,0,02/26/2026 04:29:00 PM,FRZ-0-53-0,02/26/2026 04:29:01 PM,,05/30/2026,3,0,UAA-146185,UAA102A022626,02/26/2026 04:29:00 PM,,bbublopezruaa,bbublopezruaa,12 Day Expiry Rule,02/26/2026,0
IBUAA1048318,Located,="76928",SL RS WHITE HAMBURGER BUNS 16P 30Z,02/26/2026 04:38:19 PM,63,63,0,02/26/2026 04:29:08 PM,FRZ-0-53-0,02/26/2026 04:29:08 PM,,05/30/2026,3,0,UAA-146185,UAA102A022626,02/26/2026 04:29:08 PM,,bbublopezruaa,bbublopezruaa,12 Day Expiry Rule,02/26/2026,0
IBUAA1048415,Located,="76928",SL RS WHITE HAMBURGER BUNS 16P 30Z,02/26/2026 04:38:30 PM,63,63,0,02/26/2026 04:34:57 PM,FRZ-0-53-0,02/26/2026 04:34:58 PM,,05/30/2026,3,0,UAA-146185,UAA102A022626,02/26/2026 04:34:57 PM,,bbuahollowayuaa,bbuahollowayuaa,12 Day Expiry Rule,02/26/2026,0
IBUAA1048416,Located,="76928",SL RS WHITE HAMBURGER BUNS 16P 30Z,02/26/2026 04:38:30 PM,63,63,0,02/26/2026 04:35:01 PM,FRZ-0-53-0,02/26/2026 04:35:02 PM,,05/30/2026,3,0,UAA-146185,UAA102A022626,02/26/2026 04:35:01 PM,,bbuahollowayuaa,bbuahollowayuaa,12 Day Expiry Rule,02/26/2026,0
IBUAA1048417,Located,="76928",SL RS WHITE HAMBURGER BUNS 16P 30Z,02/26/2026 04:38:30 PM,63,63,0,02/26/2026 04:35:25 PM,FRZ-0-53-0,02/26/2026 04:35:25 PM,,05/30/2026,3,0,UAA-146185,UAA102A022626,02/26/2026 04:35:25 PM,,bbuahollowayuaa,bbuahollowayuaa,12 Day Expiry Rule,02/26/2026,0
IBUAA1048422,Located,="76928",SL RS WHITE HAMBURGER BUNS 16P 30Z,02/26/2026 04:42:11 PM,63,63,0,02/26/2026 04:40:17 PM,FRZ-0-53-0,02/26/2026 04:40:18 PM,,05/30/2026,3,0,UAA-146185,UAA102A022626,02/26/2026 04:40:17 PM,,bbuahollowayuaa,bbuahollowayuaa,12 Day Expiry Rule,02/26/2026,0
IBUAA1048423,Located,="76928",SL RS WHITE HAMBURGER BUNS 16P 30Z,02/26/2026 04:42:11 PM,63,63,0,02/26/2026 04:40:21 PM,FRZ-0-53-0,02/26/2026 04:40:21 PM,,05/30/2026,3,0,UAA-146185,UAA102A022626,02/26/2026 04:40:21 PM,,bbuahollowayuaa,bbuahollowayuaa,12 Day Expiry Rule,02/26/2026,0
IBUAA1048425,Located,="76928",SL RS WHITE HAMBURGER BUNS 16P 30Z,02/26/2026 04:49:15 PM,63,63,0,02/26/2026 04:44:04 PM,FRZ-0-53-0,02/26/2026 04:44:04 PM,,05/30/2026,3,0,UAA-146185,UAA102A022626,02/26/2026 04:44:04 PM,,bbuahollowayuaa,bbuahollowayuaa,12 Day Expiry Rule,02/26/2026,0
IBUAA1048320,Located,="76928",SL RS WHITE HAMBURGER BUNS 16P 30Z,02/26/2026 04:51:17 PM,63,63,0,02/26/2026 04:48:29 PM,FRZ-0-53-0,02/26/2026 04:48:30 PM,,05/30/2026,3,0,UAA-146185,UAA102A022626,02/26/2026 04:48:29 PM,,bbublopezruaa,bbublopezruaa,12 Day Expiry Rule,02/26/2026,0
IBUAA1048321,Located,="76928",SL RS WHITE HAMBURGER BUNS 16P 30Z,02/26/2026 04:51:17 PM,63,63,0,02/26/2026 04:48:37 PM,FRZ-0-53-0,02/26/2026 04:48:38 PM,,05/30/2026,3,0,UAA-146185,UAA102A022626,02/26/2026 04:48:37 PM,,bbublopezruaa,bbublopezruaa,12 Day Expiry Rule,02/26/2026,0
IBUAA1048322,Located,="76928",SL RS WHITE HAMBURGER BUNS 16P 30Z,02/26/2026 04:51:17 PM,63,63,0,02/26/2026 04:49:18 PM,FRZ-0-53-0,02/26/2026 04:49:19 PM,,05/30/2026,3,0,UAA-146185,UAA102A022626,02/26/2026 04:49:18 PM,,bbublopezruaa,bbublopezruaa,12 Day Expiry Rule,02/26/2026,0
IBUAA1048428,Located,="76928",SL RS WHITE HAMBURGER BUNS 16P 30Z,02/26/2026 04:54:51 PM,63,63,0,02/26/2026 04:50:27 PM,FRZ-0-53-0,02/26/2026 04:50:28 PM,,05/30/2026,3,0,UAA-146185, UAA102A022626,02/26/2026 04:50:27 PM,,bbuahollowayuaa,bbublopezruaa,12 Day Expiry Rule,02/26/2026,0
IBUAA1048429,Located,="76928",SL RS WHITE HAMBURGER BUNS 16P 30Z,02/26/2026 04:54:51 PM,63,63,0,02/26/2026 04:50:32 PM,FRZ-0-53-0,02/26/2026 04:50:33 PM,,05/30/2026,3,0,UAA-146185,UAA102A022626,02/26/2026 04:50:32 PM,,bbuahollowayuaa,bbublopezruaa,12 Day Expiry Rule,02/26/2026,0
IBUAA1048430,Located,="76928",SL RS WHITE HAMBURGER BUNS 16P 30Z,02/26/2026 04:54:51 PM,63,63,0,02/26/2026 04:50:45 PM,FRZ-0-53-0,02/26/2026 04:50:46 PM,,05/30/2026,3,0,UAA-146185,UAA102A022626,02/26/2026 04:50:45 PM,,bbuahollowayuaa,bbublopezruaa,12 Day Expiry Rule,02/26/2026,0
IBUAA1048454,Located,="76928",SL RS WHITE HAMBURGER BUNS 16P 30Z,02/26/2026 05:01:34 PM,63,63,0,02/26/2026 04:56:22 PM,FRZ-0-53-0,02/26/2026 04:56:23 PM,,05/30/2026,3,0,UAA-146185,UAA102A022626,02/26/2026 04:56:22 PM,,bbuahollowayuaa,bbuahollowayuaa,12 Day Expiry Rule,02/26/2026,0
IBUAA1048455,Located,="76928",SL RS WHITE HAMBURGER BUNS 16P 30Z,02/26/2026 05:01:34 PM,63,63,0,02/26/2026 04:56:29 PM,FRZ-0-53-0,02/26/2026 04:56:30 PM,,05/30/2026,3,0,UAA-146185,UAA102A022626,02/26/2026 04:56:29 PM,,bbuahollowayuaa,bbuahollowayuaa,12 Day Expiry Rule,02/26/2026,0
IBUAA1048324,Located,="76928",SL RS WHITE HAMBURGER BUNS 16P 30Z,02/26/2026 05:06:45 PM,63,63,0,02/26/2026 05:00:13 PM,FRZ-0-53-0,02/26/2026 05:00:14 PM,,05/30/2026,3,0,UAA-146185,UAA102A022626,02/26/2026 05:00:13 PM,,bbublopezruaa,bbublopezruaa,12 Day Expiry Rule,02/26/2026,0
IBUAA1048325,Located,="76928",SL RS WHITE HAMBURGER BUNS 16P 30Z,02/26/2026 05:06:45 PM,63,63,0,02/26/2026 05:00:21 PM,FRZ-0-53-0,02/26/2026 05:00:22 PM,,05/30/2026,3,0,UAA-146185,UAA102A022626,02/26/2026 05:00:21 PM,,bbublopezruaa,bbublopezruaa,12 Day Expiry Rule,02/26/2026,0
IBUAA1048326,Located,="76928",SL RS WHITE HAMBURGER BUNS 16P 30Z,02/26/2026 05:06:45 PM,63,63,0,02/26/2026 05:00:28 PM,FRZ-0-53-0,02/26/2026 05:00:29 PM,,05/30/2026,3,0,UAA-146185,UAA102A022626,02/26/2026 05:00:28 PM,,bbublopezruaa,bbublopezruaa,12 Day Expiry Rule,02/26/2026,0
IBUAA1048327,Located,="76928",SL RS WHITE HAMBURGER BUNS 16P 30Z,02/26/2026 05:07:31 PM,63,63,0,02/26/2026 05:00:35 PM,FRZ-0-52-0,02/26/2026 05:00:35 PM,,05/30/2026,3,0,UAA-146185,UAA102A022626,02/26/2026 05:00:35 PM,,bbublopezruaa,bbublopezruaa,12 Day Expiry Rule,02/26/2026,0
IBUAA1048456,Located,="76928",SL RS WHITE HAMBURGER BUNS 16P 30Z,02/26/2026 05:06:40 PM,63,63,0,02/26/2026 05:03:30 PM,FRZ-0-53-0,02/26/2026 05:03:31 PM,,05/30/2026,3,0,UAA-146185,UAA102A022626,02/26/2026 05:03:30 PM,,bbuahollowayuaa,bbuahollowayuaa,12 Day Expiry Rule,02/26/2026,0
IBUAA1048457,Located,="76928",SL RS WHITE HAMBURGER BUNS 16P 30Z,02/26/2026 05:06:40 PM,63,63,0,02/26/2026 05:03:35 PM,FRZ-0-53-0,02/26/2026 05:03:35 PM,,05/30/2026,3,0,UAA-146185,UAA102A022626,02/26/2026 05:03:35 PM,,bbuahollowayuaa,bbuahollowayuaa,12 Day Expiry Rule,02/26/2026,0
IBUAA1048458,Located,="76928",SL RS WHITE HAMBURGER BUNS 16P 30Z,02/26/2026 05:06:40 PM,63,63,0,02/26/2026 05:03:38 PM,FRZ-0-53-0,02/26/2026 05:03:39 PM,,05/30/2026,3,0,UAA-146185,UAA102A022626,02/26/2026 05:03:38 PM,,bbuahollowayuaa,bbuahollowayuaa,12 Day Expiry Rule,02/26/2026,0
IBUAA1048328,Located,="76928",SL RS WHITE HAMBURGER BUNS 16P 30Z,02/26/2026 05:20:04 PM,63,63,0,02/26/2026 05:04:39 PM,FRZ-0-53-0,02/26/2026 05:04:40 PM,,05/30/2026,3,0,UAA-146185,UAA102A022626,02/26/2026 05:04:39 PM,,bbublopezruaa,bbublopezruaa,12 Day Expiry Rule,02/26/2026,0
IBUAA1048329,Located,="76928",SL RS WHITE HAMBURGER BUNS 16P 30Z,02/26/2026 05:20:03 PM,63,63,0,02/26/2026 05:04:50 PM,FRZ-0-53-0,02/26/2026 05:04:50 PM,,05/30/2026,3,0,UAA-146185,UAA102A022626,02/26/2026 05:04:50 PM,,bbublopezruaa,bbublopezruaa,12 Day Expiry Rule,02/26/2026,0
IBUAA1048330,Located,="76928",SL RS WHITE HAMBURGER BUNS 16P 30Z,02/26/2026 05:20:03 PM,63,63,0,02/26/2026 05:04:56 PM,FRZ-0-53-0,02/26/2026 05:04:56 PM,,05/30/2026,3,0,UAA-146185,UAA102A022626,02/26/2026 05:04:56 PM,,bbublopezruaa,bbublopezruaa,12 Day Expiry Rule,02/26/2026,0
IBUAA1048331,Located,="76928",SL RS WHITE HAMBURGER BUNS 16P 30Z,02/26/2026 05:20:03 PM,63,63,0,02/26/2026 05:05:02 PM,FRZ-0-53-0,02/26/2026 05:05:02 PM,,05/30/2026,3,0,UAA-146185,UAA102A022626,02/26/2026 05:05:02 PM,,bbublopezruaa,bbublopezruaa,12 Day Expiry Rule,02/26/2026,0
IBUAA1048472,Located,="76928",SL RS WHITE HAMBURGER BUNS 16P 30Z,02/26/2026 05:20:03 PM,63,63,0,02/26/2026 05:05:07 PM,FRZ-0-53-0,02/26/2026 05:05:08 PM,,05/30/2026,3,0,UAA-146185,UAA102A022626,02/26/2026 05:05:07 PM,,bbublopezruaa,bbublopezruaa,12 Day Expiry Rule,02/26/2026,0
IBUAA1048459,Located,="76928",SL RS WHITE HAMBURGER BUNS 16P 30Z,02/26/2026 05:09:46 PM,63,63,0,02/26/2026 05:08:04 PM,FRZ-0-53-0,02/26/2026 05:08:05 PM,,05/30/2026,3,0,UAA-146185,UAA102A022626,02/26/2026 05:08:04 PM,,bbuahollowayuaa,bbuahollowayuaa,12 Day Expiry Rule,02/26/2026,0
IBUAA1048460,Located,="76928",SL RS WHITE HAMBURGER BUNS 16P 30Z,03/12/2026 06:25:36 AM,63,63,0,02/26/2026 05:12:33 PM,FRZ-0-53-0,02/26/2026 05:12:33 PM,,05/30/2026,3,0,UAA-146185,UAA102A022626,02/26/2026 05:12:33 PM,,bbuahollowayuaa,bbuamurillouaa,12 Day Expiry Rule,02/26/2026,0
IBUAA1048461,Located,="76928",SL RS WHITE HAMBURGER BUNS 16P 30Z,02/26/2026 05:19:42 PM,63,63,0,02/26/2026 05:14:49 PM,FRZ-0-53-0,02/26/2026 05:14:50 PM,,05/30/2026,3,0,UAA-146185,UAA102A022626,02/26/2026 05:14:49 PM,,bbuahollowayuaa,bbuahollowayuaa,12 Day Expiry Rule,02/26/2026,0
IBUAA1048462,Located,="76928",SL RS WHITE HAMBURGER BUNS 16P 30Z,02/26/2026 05:19:41 PM,63,63,0,02/26/2026 05:14:59 PM,FRZ-0-53-0,02/26/2026 05:14:59 PM,,05/30/2026,3,0,UAA-146185,UAA102A022626,02/26/2026 05:14:59 PM,,bbuahollowayuaa,bbuahollowayuaa,12 Day Expiry Rule,02/26/2026,0
IBUAA1048463,Located,="76928",SL RS WHITE HAMBURGER BUNS 16P 30Z,02/26/2026 05:24:04 PM,63,63,0,02/26/2026 05:21:50 PM,FRZ-0-53-0,02/26/2026 05:21:51 PM,,05/30/2026,3,0,UAA-146185,UAA102A022626,02/26/2026 05:21:50 PM,,bbuahollowayuaa,bbuahollowayuaa,12 Day Expiry Rule,02/26/2026,0
IBUAA1048464,Located,="76928",SL RS WHITE HAMBURGER BUNS 16P 30Z,02/26/2026 05:24:04 PM,63,63,0,02/26/2026 05:21:55 PM,FRZ-0-53-0,02/26/2026 05:21:56 PM,,05/30/2026,3,0,UAA-146185,UAA102A022626,02/26/2026 05:21:55 PM,,bbuahollowayuaa,bbuahollowayuaa,12 Day Expiry Rule,02/26/2026,0
IBUAA1048465,Located,="76928",SL RS WHITE HAMBURGER BUNS 16P 30Z,02/26/2026 05:32:18 PM,63,63,0,02/26/2026 05:26:05 PM,FRZ-0-53-0,02/26/2026 05:26:06 PM,,05/30/2026,3,0,UAA-146185,UAA102A022626,02/26/2026 05:26:05 PM,,bbuahollowayuaa,bbuahollowayuaa,12 Day Expiry Rule,02/26/2026,0
IBUAA1048466,Located,="76928",SL RS WHITE HAMBURGER BUNS 16P 30Z,02/26/2026 05:32:17 PM,63,63,0,02/26/2026 05:26:09 PM,FRZ-0-53-0,02/26/2026 05:26:09 PM,,05/30/2026,3,0,UAA-146185,UAA102A022626,02/26/2026 05:26:09 PM,,bbuahollowayuaa,bbuahollowayuaa,12 Day Expiry Rule,02/26/2026,0
IBUAA1048467,Located,="76928",SL RS WHITE HAMBURGER BUNS 16P 30Z,02/26/2026 05:32:17 PM,63,63,0,02/26/2026 05:26:12 PM,FRZ-0-53-0,02/26/2026 05:26:13 PM,,05/30/2026,3,0,UAA-146185,UAA102A022626,02/26/2026 05:26:12 PM,,bbuahollowayuaa,bbuahollowayuaa,12 Day Expiry Rule,02/26/2026,0
IBUAA1048380,Located,="76928",SL RS WHITE HAMBURGER BUNS 16P 30Z,02/26/2026 05:39:31 PM,63,63,0,02/26/2026 05:30:50 PM,FRZ-0-53-0,02/26/2026 05:30:51 PM,,05/30/2026,3,0,UAA-146185,UAA102A022626,02/26/2026 05:30:50 PM,,bbublopezruaa,bbublopezruaa,12 Day Expiry Rule,02/26/2026,0
IBUAA1048381,Located,="76928",SL RS WHITE HAMBURGER BUNS 16P 30Z,02/26/2026 05:44:00 PM,63,63,0,02/26/2026 05:30:58 PM,FRZ-0-53-0,02/26/2026 05:42:07 PM,,05/30/2026,3,0,UAA-146185,UAA102A022626,02/26/2026 05:30:58 PM,,bbublopezruaa,bbublopezruaa,12 Day Expiry Rule,02/26/2026,0
IBUAA1048382,Located,="76928",SL RS WHITE HAMBURGER BUNS 16P 30Z,02/26/2026 05:39:31 PM,63,63,0,02/26/2026 05:31:04 PM,FRZ-0-53-0,02/26/2026 05:31:05 PM,,05/30/2026,3,0,UAA-146185,UAA102A022626,02/26/2026 05:31:04 PM,,bbublopezruaa,bbublopezruaa,12 Day Expiry Rule,02/26/2026,0
IBUAA1048383,Located,="76928",SL RS WHITE HAMBURGER BUNS 16P 30Z,02/26/2026 05:34:51 PM,63,63,0,02/26/2026 05:31:10 PM,FRZ-0-53-0,02/26/2026 05:31:11 PM,,05/30/2026,3,0,UAA-146185,UAA102A022626,02/26/2026 05:31:10 PM,,bbublopezruaa,bbublopezruaa,12 Day Expiry Rule,02/26/2026,0
IBUAA1048384,Located,="76928",SL RS WHITE HAMBURGER BUNS 16P 30Z,02/26/2026 05:34:51 PM,63,63,0,02/26/2026 05:31:19 PM,FRZ-0-53-0,02/26/2026 05:31:20 PM,,05/30/2026,3,0,UAA-146185,UAA102A022626,02/26/2026 05:31:19 PM,,bbublopezruaa,bbublopezruaa,12 Day Expiry Rule,02/26/2026,0
IBUAA1048385,Located,="76928",SL RS WHITE HAMBURGER BUNS 16P 30Z,02/26/2026 05:34:51 PM,63,63,0,02/26/2026 05:31:26 PM,FRZ-0-53-0,02/26/2026 05:31:31 PM,,05/30/2026,3,0,UAA-146185,UAA102A022626,02/26/2026 05:31:26 PM,,bbublopezruaa,bbublopezruaa,12 Day Expiry Rule,02/26/2026,0
IBUAA1048386,Located,="76928",SL RS WHITE HAMBURGER BUNS 16P 30Z,03/12/2026 06:30:10 AM,63,63,0,02/26/2026 05:32:14 PM,FRZ-0-53-0,02/26/2026 05:42:07 PM,,05/30/2026,3,0,UAA-146185,UAA102A022626,02/26/2026 05:32:14 PM,,bbublopezruaa,bbuamurillouaa,12 Day Expiry Rule,02/26/2026,0
IBUAA1048471,Located,="76928",SL RS WHITE HAMBURGER BUNS 16P 30Z,02/26/2026 05:35:59 PM,63,63,0,02/26/2026 05:33:05 PM,FRZ-0-53-0,02/26/2026 05:33:06 PM,,05/30/2026,3,0,UAA-146185,UAA102A022626,02/26/2026 05:33:05 PM,,bbuahollowayuaa,bbuahollowayuaa,12 Day Expiry Rule,02/26/2026,0
IBUAA1048492,Located,="76928",SL RS WHITE HAMBURGER BUNS 16P 30Z,02/26/2026 05:35:59 PM,63,63,0,02/26/2026 05:33:09 PM,FRZ-0-53-0,02/26/2026 05:33:10 PM,,05/30/2026,3,0,UAA-146185,UAA102A022626,02/26/2026 05:33:09 PM,,bbuahollowayuaa,bbuahollowayuaa,12 Day Expiry Rule,02/26/2026,0
IBUAA1048493,Located,="76928",SL RS WHITE HAMBURGER BUNS 16P 30Z,02/26/2026 05:35:59 PM,63,63,0,02/26/2026 05:33:17 PM,FRZ-0-53-0,02/26/2026 05:33:17 PM,,05/30/2026,3,0,UAA-146185,UAA102A022626,02/26/2026 05:33:17 PM,,bbuahollowayuaa,bbuahollowayuaa,12 Day Expiry Rule,02/26/2026,0
IBUAA1048496,Located,="76928",SL RS WHITE HAMBURGER BUNS 16P 30Z,02/26/2026 05:40:11 PM,63,63,0,02/26/2026 05:38:02 PM,FRZ-0-53-0,02/26/2026 05:38:03 PM,,05/30/2026,3,0,UAA-146185,UAA102A022626,02/26/2026 05:38:02 PM,,bbuahollowayuaa,bbuahollowayuaa,12 Day Expiry Rule,02/26/2026,0
IBUAA1048497,Located,="76928",SL RS WHITE HAMBURGER BUNS 16P 30Z,02/26/2026 05:40:11 PM,63,63,0,02/26/2026 05:38:10 PM,FRZ-0-53-0,02/26/2026 05:38:11 PM,FRZ-0-53-0,05/30/2026,3,0,UAA-146185,UAA102A022626,02/26/2026 05:38:10 PM,,bbuahollowayuaa,bbuahollowayuaa,12 Day Expiry Rule,02/26/2026,0
IBUAA1048498,Located,="76928",SL RS WHITE HAMBURGER BUNS 16P 30Z,02/26/2026 05:43:42 PM,63,63,0,02/26/2026 05:41:49 PM,FRZ-0-53-0,02/26/2026 05:41:50 PM,,05/30/2026,3,0,UAA-146185,UAA102A022626,02/26/2026 05:41:49 PM,,bbuahollowayuaa,bbuahollowayuaa,12 Day Expiry Rule,02/26/2026,0
IBUAA1048501,Located,="76928",SL RS WHITE HAMBURGER BUNS 16P 30Z,02/26/2026 05:49:43 PM,63,63,0,02/26/2026 05:45:30 PM,FRZ-0-53-0,02/26/2026 05:45:31 PM,,05/30/2026,3,0,UAA-146185,UAA102A022626,02/26/2026 05:45:30 PM,,bbuahollowayuaa,bbuahollowayuaa,12 Day Expiry Rule,02/26/2026,0
IBUAA1048502,Located,="76928",SL RS WHITE HAMBURGER BUNS 16P 30Z,02/26/2026 05:49:43 PM,63,63,0,02/26/2026 05:45:35 PM,FRZ-0-53-0,02/26/2026 05:45:35 PM,,05/30/2026,3,0,UAA-146185,UAA102A022626,02/26/2026 05:45:35 PM,,bbuahollowayuaa,bbuahollowayuaa,12 Day Expiry Rule,02/26/2026,0
IBUAA1048388,Located,="76928",SL RS WHITE HAMBURGER BUNS 16P 30Z,02/26/2026 05:52:04 PM,63,63,0,02/26/2026 05:45:58 PM,FRZ-0-53-0,02/26/2026 05:45:59 PM,,05/30/2026,3,0,UAA-146185,UAA102A022626,02/26/2026 05:45:58 PM,,bbublopezruaa,bbublopezruaa,12 Day Expiry Rule,02/26/2026,0
IBUAA1048389,Located,="76928",SL RS WHITE HAMBURGER BUNS 16P 30Z,02/26/2026 05:52:04 PM,63,63,0,02/26/2026 05:46:06 PM,FRZ-0-53-0,02/26/2026 05:46:07 PM,,05/30/2026,3,0,UAA-146185,UAA102A022626,02/26/2026 05:46:06 PM,,bbublopezruaa,bbublopezruaa,12 Day Expiry Rule,02/26/2026,0
IBUAA1048390,Located,="76928",SL RS WHITE HAMBURGER BUNS 16P 30Z,02/26/2026 05:48:27 PM,63,63,0,02/26/2026 05:46:13 PM,FRZ-0-53-0,02/26/2026 05:46:14 PM,,05/30/2026,3,0,UAA-146185,UAA102A022626,02/26/2026 05:46:13 PM,,bbublopezruaa,bbublopezruaa,12 Day Expiry Rule,02/26/2026,0
IBUAA1048391,Located,="76928",SL RS WHITE HAMBURGER BUNS 16P 30Z,02/26/2026 05:48:27 PM,63,63,0,02/26/2026 05:46:30 PM,FRZ-0-53-0,02/26/2026 05:46:31 PM,,05/30/2026,3,0,UAA-146185,UAA102A022626,02/26/2026 05:46:30 PM,,bbublopezruaa,bbublopezruaa,12 Day Expiry Rule,02/26/2026,0
IBUAA1048504,Located,="76928",SL RS WHITE HAMBURGER BUNS 16P 30Z,02/26/2026 05:54:39 PM,63,63,0,02/26/2026 05:52:42 PM,FRZ-0-53-0,02/26/2026 05:52:44 PM,,05/30/2026,3,0,UAA-146185,UAA102A022626,02/26/2026 05:52:42 PM,,bbuahollowayuaa,bbuahollowayuaa,12 Day Expiry Rule,02/26/2026,0
IBUAA1048505,Located,="76928",SL RS WHITE HAMBURGER BUNS 16P 30Z,02/26/2026 05:54:39 PM,63,63,0,02/26/2026 05:52:47 PM,FRZ-0-53-0,02/26/2026 05:52:48 PM,,05/30/2026,3,0,UAA-146185,UAA102A022626,02/26/2026 05:52:47 PM,,bbuahollowayuaa,bbuahollowayuaa,12 Day Expiry Rule,02/26/2026,0
IBUAA1048506,Located,="76928",SL RS WHITE HAMBURGER BUNS 16P 30Z,02/26/2026 05:54:39 PM,63,63,0,02/26/2026 05:52:51 PM,FRZ-0-53-0,02/26/2026 05:52:52 PM,,05/30/2026,3,0,UAA-146185,UAA102A022626,02/26/2026 05:52:51 PM,,bbuahollowayuaa,bbuahollowayuaa,12 Day Expiry Rule,02/26/2026,0
IBUAA1048534,Located,="76928",SL RS WHITE HAMBURGER BUNS 16P 30Z,02/26/2026 05:57:31 PM,63,63,0,02/26/2026 05:53:23 PM,FRZ-0-53-0,02/26/2026 05:53:24 PM,,05/30/2026,3,0,UAA-146185,UAA102A022626,02/26/2026 05:53:23 PM,,bbublopezruaa,bbublopezruaa,12 Day Expiry Rule,02/26/2026,0
IBUAA1048535,Located,="76928",SL RS WHITE HAMBURGER BUNS 16P 30Z,02/26/2026 05:57:31 PM,63,63,0,02/26/2026 05:53:31 PM,FRZ-0-53-0,02/26/2026 05:53:32 PM,,05/30/2026,3,0,UAA-146185,UAA102A022626,02/26/2026 05:53:31 PM,,bbublopezruaa,bbublopezruaa,12 Day Expiry Rule,02/26/2026,0
IBUAA1048485,Located,="76928",SL RS WHITE HAMBURGER BUNS 16P 30Z,02/26/2026 06:17:10 PM,63,63,0,02/26/2026 06:12:27 PM,FRZ-0-53-0,02/26/2026 06:12:29 PM,,05/30/2026,3,0,UAA-146185,UAA102A022626,02/26/2026 06:12:27 PM,,bbujdillarduaa,bbujdillarduaa,12 Day Expiry Rule,02/26/2026,0
IBUAA1048487,Located,="76928",SL RS WHITE HAMBURGER BUNS 16P 30Z,02/26/2026 06:17:09 PM,63,63,0,02/26/2026 06:13:02 PM,FRZ-0-53-0,02/26/2026 06:13:04 PM,,05/30/2026,3,0,UAA-146185,UAA102A022626,02/26/2026 06:13:02 PM,,bbujdillarduaa,bbujdillarduaa,12 Day Expiry Rule,02/26/2026,0
IBUAA1048490,Located,="76928",SL RS WHITE HAMBURGER BUNS 16P 30Z,02/26/2026 06:17:10 PM,63,63,0,02/26/2026 06:14:04 PM,FRZ-0-53-0,02/26/2026 06:14:06 PM,,05/30/2026,3,0,UAA-146185,UAA102A022626,02/26/2026 06:14:04 PM,,bbujdillarduaa,bbujdillarduaa,12 Day Expiry Rule,02/26/2026,0
IBUAA1048540,Located,="76928",SL RS WHITE HAMBURGER BUNS 16P 30Z,02/26/2026 06:22:09 PM,63,63,0,02/26/2026 06:17:27 PM,FRZ-0-53-0,02/26/2026 06:17:29 PM,,05/30/2026,3,0,UAA-146185,UAA102A022626,02/26/2026 06:17:27 PM,,bbugvazquezuaa,bbugvazquezuaa,12 Day Expiry Rule,02/26/2026,0
IBUAA1048541,Located,="76928",SL RS WHITE HAMBURGER BUNS 16P 30Z,02/26/2026 06:22:09 PM,63,63,0,02/26/2026 06:17:36 PM,FRZ-0-53-0,02/26/2026 06:17:37 PM,,05/30/2026,3,0,UAA-146185,UAA102A022626,02/26/2026 06:17:36 PM,,bbugvazquezuaa,bbugvazquezuaa,12 Day Expiry Rule,02/26/2026,0
IBUAA1048542,Located,="76928",SL RS WHITE HAMBURGER BUNS 16P 30Z,02/26/2026 06:22:09 PM,63,63,0,02/26/2026 06:17:52 PM,FRZ-0-53-0,02/26/2026 06:17:53 PM,,05/30/2026,3,0,UAA-146185,UAA102A022626,02/26/2026 06:17:51 PM,,bbugvazquezuaa,bbugvazquezuaa,12 Day Expiry Rule,02/26/2026,0
IBUAA1048443,Located,="76928",SL RS WHITE HAMBURGER BUNS 16P 30Z,02/26/2026 06:30:14 PM,63,63,0,02/26/2026 06:23:35 PM,FRZ-0-53-0,02/26/2026 06:23:37 PM,,05/30/2026,3,0,UAA-146185,UAA102A022626,02/26/2026 06:23:35 PM,,bbujdillarduaa,bbujdillarduaa,12 Day Expiry Rule,02/26/2026,0
IBUAA1048545,Located,="76928",SL RS WHITE HAMBURGER BUNS 16P 30Z,02/26/2026 06:27:04 PM,63,63,0,02/26/2026 06:24:34 PM,FRZ-0-53-0,02/26/2026 06:24:35 PM,,05/30/2026,3,0,UAA-146185,UAA102A022626,02/26/2026 06:24:34 PM,,bbugvazquezuaa,bbugvazquezuaa,12 Day Expiry Rule,02/26/2026,0
IBUAA1048445,Located,="76928",SL RS WHITE HAMBURGER BUNS 16P 30Z,02/26/2026 06:30:14 PM,63,63,0,02/26/2026 06:28:27 PM,FRZ-0-53-0,02/26/2026 06:28:27 PM,,05/30/2026,3,0,UAA-146185,UAA102A022626,02/26/2026 06:28:27 PM,,bbujdillarduaa,bbujdillarduaa,12 Day Expiry Rule,02/26/2026,0
IBUAA1048547,Located,="76928",SL RS WHITE HAMBURGER BUNS 16P 30Z,02/26/2026 06:33:52 PM,63,63,0,02/26/2026 06:29:24 PM,FRZ-0-54-0,03/10/2026 01:44:33 PM,,05/30/2026,3,0,UAA-146183,UAA102A022626,02/26/2026 06:29:24 PM,,bbugvazquezuaa,bbugvazquezuaa,12 Day Expiry Rule,02/26/2026,0
IBUAA1048548,Located,="76928",SL RS WHITE HAMBURGER BUNS 16P 30Z,02/26/2026 06:33:52 PM,63,63,0,02/26/2026 06:29:26 PM,FRZ-0-54-0,02/26/2026 06:29:27 PM,,05/30/2026,3,0,UAA-146183,UAA102A022626,02/26/2026 06:29:26 PM,,bbugvazquezuaa,bbugvazquezuaa,12 Day Expiry Rule,02/26/2026,0
IBUAA1048549,Located,="76928",SL RS WHITE HAMBURGER BUNS 16P 30Z,02/26/2026 06:33:52 PM,63,63,0,02/26/2026 06:29:29 PM,FRZ-0-54-0,02/26/2026 06:29:30 PM,,05/30/2026,3,0,UAA-146183,UAA102A022626,02/26/2026 06:29:29 PM,,bbugvazquezuaa,bbugvazquezuaa,12 Day Expiry Rule,02/26/2026,0
IBUAA1048550,Located,="76928",SL RS WHITE HAMBURGER BUNS 16P 30Z,02/26/2026 06:33:52 PM,63,63,0,02/26/2026 06:29:33 PM,FRZ-0-54-0,02/26/2026 06:29:34 PM,,05/30/2026,3,0,UAA-146183,UAA102A022626,02/26/2026 06:29:33 PM,,bbugvazquezuaa,bbugvazquezuaa,12 Day Expiry Rule,02/26/2026,0
IBUAA1048447,Located,="76928",SL RS WHITE HAMBURGER BUNS 16P 30Z,02/26/2026 06:33:52 PM,63,63,0,02/26/2026 06:32:07 PM,FRZ-0-54-0,03/10/2026 01:34:48 PM,,05/30/2026,3,0,UAA-146183,UAA102A022626,02/26/2026 06:32:07 PM,,bbujdillarduaa,bbugvazquezuaa,12 Day Expiry Rule,02/26/2026,0
IBUAA1048449,Located,="76928",SL RS WHITE HAMBURGER BUNS 16P 30Z,02/26/2026 06:33:52 PM,63,63,0,02/26/2026 06:32:35 PM,FRZ-0-54-0,02/26/2026 06:32:36 PM,,05/30/2026,3,0,UAA-146183,UAA102A022626,02/26/2026 06:32:35 PM,,bbujdillarduaa,bbugvazquezuaa,12 Day Expiry Rule,02/26/2026,0
IBUAA1048573,Located,="76928",SL RS WHITE HAMBURGER BUNS 16P 30Z,02/26/2026 06:41:05 PM,63,63,0,02/26/2026 06:37:03 PM,FRZ-0-54-0,02/26/2026 06:37:03 PM,,05/30/2026,3,0,UAA-146183,UAA102A022626,02/26/2026 06:37:03 PM,,bbugvazquezuaa,bbugvazquezuaa,12 Day Expiry Rule,02/26/2026,0
IBUAA1048574,Located,="76928",SL RS WHITE HAMBURGER BUNS 16P 30Z,02/26/2026 06:41:05 PM,63,63,0,02/26/2026 06:37:07 PM,FRZ-0-54-0,02/26/2026 06:37:08 PM,,05/30/2026,3,0,UAA-146183,UAA102A022626,02/26/2026 06:37:07 PM,,bbugvazquezuaa,bbugvazquezuaa,12 Day Expiry Rule,02/26/2026,0
IBUAA1048575,Located,="76928",SL RS WHITE HAMBURGER BUNS 16P 30Z,02/26/2026 06:41:05 PM,63,63,0,02/26/2026 06:37:12 PM,FRZ-0-54-0,02/26/2026 06:37:13 PM,,05/30/2026,3,0,UAA-146183,UAA102A022626,02/26/2026 06:37:12 PM,,bbugvazquezuaa,bbugvazquezuaa,12 Day Expiry Rule,02/26/2026,0
IBUAA1048576,Located,="76928",SL RS WHITE HAMBURGER BUNS 16P 30Z,02/26/2026 06:41:05 PM,63,63,0,02/26/2026 06:37:38 PM,FRZ-0-54-0,02/26/2026 06:37:39 PM,,05/30/2026,3,0,UAA-146183,UAA102A022626,02/26/2026 06:37:38 PM,,bbugvazquezuaa,bbugvazquezuaa,12 Day Expiry Rule,02/26/2026,0
IBUAA1048597,Located,="76928",SL RS WHITE HAMBURGER BUNS 16P 30Z,02/26/2026 06:42:41 PM,63,63,0,02/26/2026 06:39:34 PM,FRZ-0-54-0,02/26/2026 06:39:36 PM,,05/30/2026,3,0,UAA-146183,UAA102A022626,02/26/2026 06:39:34 PM,,bbujdillarduaa,bbujdillarduaa,12 Day Expiry Rule,02/26/2026,0
IBUAA1048598,Located,="76928",SL RS WHITE HAMBURGER BUNS 16P 30Z,02/26/2026 06:42:41 PM,63,63,0,02/26/2026 06:39:50 PM,FRZ-0-54-0,02/26/2026 06:39:51 PM,,05/30/2026,3,0,UAA-146183,UAA102A022626,02/26/2026 06:39:50 PM,,bbujdillarduaa,bbujdillarduaa,12 Day Expiry Rule,02/26/2026,0
IBUAA1048599,Located,="76928",SL RS WHITE HAMBURGER BUNS 16P 30Z,02/26/2026 06:42:41 PM,63,63,0,02/26/2026 06:40:01 PM,FRZ-0-54-0,02/26/2026 06:40:02 PM,,05/30/2026,3,0,UAA-146183,UAA102A022626,02/26/2026 06:40:01 PM,,bbujdillarduaa,bbujdillarduaa,12 Day Expiry Rule,02/26/2026,0
IBUAA1048607,Located,="76928",SL RS WHITE HAMBURGER BUNS 16P 30Z,02/26/2026 06:50:14 PM,63,63,0,02/26/2026 06:45:50 PM,FRZ-0-54-0,02/26/2026 06:45:51 PM,,05/30/2026,3,0,UAA-146183,UAA102A022626,02/26/2026 06:45:50 PM,,bbujdillarduaa,bbujdillarduaa,12 Day Expiry Rule,02/26/2026,0
IBUAA1048608,Located,="76928",SL RS WHITE HAMBURGER BUNS 16P 30Z,02/26/2026 06:50:15 PM,63,63,0,02/26/2026 06:46:02 PM,FRZ-0-54-0,02/26/2026 06:46:03 PM,,05/30/2026,3,0,UAA-146183,UAA102A022626,02/26/2026 06:46:02 PM,,bbujdillarduaa,bbujdillarduaa,12 Day Expiry Rule,02/26/2026,0
IBUAA1048609,Located,="76928",SL RS WHITE HAMBURGER BUNS 16P 30Z,02/26/2026 06:50:15 PM,63,63,0,02/26/2026 06:46:13 PM,FRZ-0-54-0,02/26/2026 06:46:14 PM,,05/30/2026,3,0,UAA-146183,UAA102A022626,02/26/2026 06:46:13 PM,,bbujdillarduaa,bbujdillarduaa,12 Day Expiry Rule,02/26/2026,0
IBUAA1048578,Located,="76928",SL RS WHITE HAMBURGER BUNS 16P 30Z,02/26/2026 06:51:31 PM,63,63,0,02/26/2026 06:47:00 PM,FRZ-0-54-0,02/26/2026 06:47:01 PM,,05/30/2026,3,0,UAA-146183,UAA102A022626,02/26/2026 06:47:00 PM,,bbugvazquezuaa,bbugvazquezuaa,12 Day Expiry Rule,02/26/2026,0
IBUAA1048579,Located,="76928",SL RS WHITE HAMBURGER BUNS 16P 30Z,02/26/2026 06:51:31 PM,63,63,0,02/26/2026 06:47:03 PM,FRZ-0-54-0,02/26/2026 06:47:04 PM,,05/30/2026,3,0,UAA-146183,UAA102A022626,02/26/2026 06:47:03 PM,,bbugvazquezuaa,bbugvazquezuaa,12 Day Expiry Rule,02/26/2026,0
IBUAA1048580,Located,="76928",SL RS WHITE HAMBURGER BUNS 16P 30Z,02/26/2026 06:51:31 PM,63,63,0,02/26/2026 06:47:10 PM,FRZ-0-54-0,02/26/2026 06:47:11 PM,,05/30/2026,3,0,UAA-146183,UAA102A022626,02/26/2026 06:47:10 PM,,bbugvazquezuaa,bbugvazquezuaa,12 Day Expiry Rule,02/26/2026,0
IBUAA1048614,Located,="76928",SL RS WHITE HAMBURGER BUNS 16P 30Z,02/26/2026 06:58:08 PM,63,63,0,02/26/2026 06:52:08 PM,FRZ-0-54-0,02/26/2026 06:52:09 PM,,05/30/2026,3,0,UAA-146183,UAA102A022626,02/26/2026 06:52:08 PM,,bbujdillarduaa,bbujdillarduaa,12 Day Expiry Rule,02/26/2026,0
IBUAA1048615,Located,="76928",SL RS WHITE HAMBURGER BUNS 16P 30Z,02/26/2026 06:58:08 PM,63,63,0,02/26/2026 06:52:30 PM,FRZ-0-54-0,02/26/2026 06:52:31 PM,,05/30/2026,3,0,UAA-146183,UAA102A022626,02/26/2026 06:52:30 PM,,bbujdillarduaa,bbujdillarduaa,12 Day Expiry Rule,02/26/2026,0
IBUAA1048617,Located,="76928",SL RS WHITE HAMBURGER BUNS 16P 30Z,02/26/2026 06:58:08 PM,63,63,0,02/26/2026 06:52:44 PM,FRZ-0-54-0,02/26/2026 06:52:45 PM,,05/30/2026,3,0,UAA-146183,UAA102A022626,02/26/2026 06:52:44 PM,,bbujdillarduaa,bbujdillarduaa,12 Day Expiry Rule,02/26/2026,0
IBUAA1048581,Located,="76928",SL RS WHITE HAMBURGER BUNS 16P 30Z,02/26/2026 06:59:50 PM,63,63,0,02/26/2026 06:56:39 PM,FRZ-0-54-0,02/26/2026 06:56:40 PM,,05/30/2026,3,0,UAA-146183,UAA102A022626,02/26/2026 06:56:39 PM,,bbugvazquezuaa,bbugvazquezuaa,12 Day Expiry Rule,02/26/2026,0
IBUAA1048582,Located,="76928",SL RS WHITE HAMBURGER BUNS 16P 30Z,02/26/2026 06:59:50 PM,63,63,0,02/26/2026 06:56:43 PM,FRZ-0-54-0,02/26/2026 06:56:43 PM,,05/30/2026,3,0,UAA-146183,UAA102A022626,02/26/2026 06:56:43 PM,,bbugvazquezuaa,bbugvazquezuaa,12 Day Expiry Rule,02/26/2026,0
IBUAA1048583,Located,="76928",SL RS WHITE HAMBURGER BUNS 16P 30Z,02/26/2026 06:59:50 PM,63,63,0,02/26/2026 06:56:49 PM,FRZ-0-54-0,02/26/2026 06:56:50 PM,,05/30/2026,3,0,UAA-146183,UAA102A022626,02/26/2026 06:56:49 PM,,bbugvazquezuaa,bbugvazquezuaa,12 Day Expiry Rule,02/26/2026,0
IBUAA1048584,Located,="76928",SL RS WHITE HAMBURGER BUNS 16P 30Z,02/26/2026 07:05:52 PM,63,63,0,02/26/2026 07:01:25 PM,FRZ-0-54-0,02/26/2026 07:01:27 PM,,05/30/2026,3,0,UAA-146183,UAA102A022626,02/26/2026 07:01:25 PM,,bbujdillarduaa,bbujdillarduaa,12 Day Expiry Rule,02/26/2026,0
IBUAA1048585,Located,="76928",SL RS WHITE HAMBURGER BUNS 16P 30Z,02/26/2026 07:05:52 PM,63,63,0,02/26/2026 07:01:38 PM,FRZ-0-54-0,02/26/2026 07:01:39 PM,,05/30/2026,3,0,UAA-146183,UAA102A022626,02/26/2026 07:01:38 PM,,bbujdillarduaa,bbujdillarduaa,12 Day Expiry Rule,02/26/2026,0
IBUAA1048586,Located,="76928",SL RS WHITE HAMBURGER BUNS 16P 30Z,02/26/2026 07:05:52 PM,63,63,0,02/26/2026 07:01:53 PM,FRZ-0-54-0,02/26/2026 07:01:57 PM,,05/30/2026,3,0,UAA-146183,UAA102A022626,02/26/2026 07:01:52 PM,,bbujdillarduaa,bbujdillarduaa,12 Day Expiry Rule,02/26/2026,0
IBUAA1048588,Located,="76928",SL RS WHITE HAMBURGER BUNS 16P 30Z,02/26/2026 07:07:55 PM,63,63,0,02/26/2026 07:03:32 PM,FRZ-0-54-0,02/26/2026 07:03:33 PM,,05/30/2026,3,0,UAA-146183,UAA102A022626,02/26/2026 07:03:32 PM,,bbugvazquezuaa,bbugvazquezuaa,12 Day Expiry Rule,02/26/2026,0
IBUAA1048589,Located,="76928",SL RS WHITE HAMBURGER BUNS 16P 30Z,02/26/2026 07:07:55 PM,63,63,0,02/26/2026 07:03:35 PM,FRZ-0-54-0,02/26/2026 07:03:36 PM,,05/30/2026,3,0,UAA-146183,UAA102A022626,02/26/2026 07:03:35 PM,,bbugvazquezuaa,bbugvazquezuaa,12 Day Expiry Rule,02/26/2026,0
IBUAA1048590,Located,="76928",SL RS WHITE HAMBURGER BUNS 16P 30Z,02/26/2026 07:07:55 PM,63,63,0,02/26/2026 07:03:38 PM,FRZ-0-54-0,02/26/2026 07:03:39 PM,,05/30/2026,3,0,UAA-146183,UAA102A022626,02/26/2026 07:03:38 PM,,bbugvazquezuaa,bbugvazquezuaa,12 Day Expiry Rule,02/26/2026,0
IBUAA1048591,Located,="76928",SL RS WHITE HAMBURGER BUNS 16P 30Z,02/26/2026 07:07:55 PM,63,63,0,02/26/2026 07:03:41 PM,FRZ-0-54-0,02/26/2026 07:03:42 PM,,05/30/2026,3,0,UAA-146183,UAA102A022626,02/26/2026 07:03:41 PM,,bbugvazquezuaa,bbugvazquezuaa,12 Day Expiry Rule,02/26/2026,0
IBUAA1048652,Located,="76928",SL RS WHITE HAMBURGER BUNS 16P 30Z,02/26/2026 07:11:42 PM,63,63,0,02/26/2026 07:07:30 PM,FRZ-0-54-0,02/26/2026 07:07:30 PM,,05/30/2026,3,0,UAA-146183,UAA102A022626,02/26/2026 07:07:30 PM,,bbujdillarduaa,bbujdillarduaa,12 Day Expiry Rule,02/26/2026,0
IBUAA1048653,Located,="76928",SL RS WHITE HAMBURGER BUNS 16P 30Z,02/26/2026 07:11:43 PM,63,63,0,02/26/2026 07:07:40 PM,FRZ-0-54-0,02/26/2026 07:07:41 PM,,05/30/2026,3,0,UAA-146183,UAA102A022626,02/26/2026 07:07:40 PM,,bbujdillarduaa,bbujdillarduaa,12 Day Expiry Rule,02/26/2026,0
IBUAA1048654,Located,="76928",SL RS WHITE HAMBURGER BUNS 16P 30Z,02/26/2026 07:11:43 PM,63,63,0,02/26/2026 07:07:52 PM,FRZ-0-54-0,02/26/2026 07:07:53 PM,,05/30/2026,3,0,UAA-146183,UAA102A022626,02/26/2026 07:07:52 PM,,bbujdillarduaa,bbujdillarduaa,12 Day Expiry Rule,02/26/2026,0
IBUAA1048656,Located,="76928",SL RS WHITE HAMBURGER BUNS 16P 30Z,02/26/2026 07:17:29 PM,63,63,0,02/26/2026 07:12:05 PM,FRZ-0-54-0,02/26/2026 07:12:06 PM,,05/30/2026,3,0,UAA-146183,UAA102A022626,02/26/2026 07:12:05 PM,,bbugvazquezuaa,bbujdillarduaa,12 Day Expiry Rule,02/26/2026,0
IBUAA1048657,Located,="76928",SL RS WHITE HAMBURGER BUNS 16P 30Z,02/26/2026 07:16:48 PM,63,63,0,02/26/2026 07:12:08 PM,FRZ-0-54-0,02/26/2026 07:12:09 PM,,05/30/2026,3,0,UAA-146183,UAA102A022626,02/26/2026 07:12:08 PM,,bbugvazquezuaa,bbujdillarduaa,12 Day Expiry Rule,02/26/2026,0
IBUAA1048658,Located,="76928",SL RS WHITE HAMBURGER BUNS 16P 30Z,02/26/2026 07:20:38 PM,63,63,0,02/26/2026 07:12:11 PM,FRZ-0-54-0,02/26/2026 07:12:12 PM,,05/30/2026,3,0,UAA-146183,UAA102A022626,02/26/2026 07:12:11 PM,,bbugvazquezuaa,bbugvazquezuaa,12 Day Expiry Rule,02/26/2026,0
IBUAA1048659,Located,="76928",SL RS WHITE HAMBURGER BUNS 16P 30Z,02/26/2026 07:20:53 PM,63,63,0,02/26/2026 07:12:14 PM,FRZ-0-54-0,02/26/2026 07:12:15 PM,,05/30/2026,3,0,UAA-146183,UAA102A022626,02/26/2026 07:12:14 PM,,bbugvazquezuaa,bbugvazquezuaa,12 Day Expiry Rule,02/26/2026,0
IBUAA1048660,Located,="76928",SL RS WHITE HAMBURGER BUNS 16P 30Z,02/26/2026 07:20:53 PM,63,63,0,02/26/2026 07:12:17 PM,FRZ-0-54-0,02/26/2026 07:12:18 PM,,05/30/2026,3,0,UAA-146183,UAA102A022626,02/26/2026 07:12:17 PM,,bbugvazquezuaa,bbugvazquezuaa,12 Day Expiry Rule,02/26/2026,0
IBUAA1048661,Located,="76928",SL RS WHITE HAMBURGER BUNS 16P 30Z,02/26/2026 07:17:29 PM,63,63,0,02/26/2026 07:12:20 PM,FRZ-0-54-0,02/26/2026 07:12:21 PM,,05/30/2026,3,0,UAA-146183,UAA102A022626,02/26/2026 07:12:20 PM,,bbugvazquezuaa,bbujdillarduaa,12 Day Expiry Rule,02/26/2026,0
IBUAA1048662,Located,="76928",SL RS WHITE HAMBURGER BUNS 16P 30Z,02/26/2026 07:17:29 PM,63,63,0,02/26/2026 07:12:23 PM,FRZ-0-54-0,02/26/2026 07:12:23 PM,,05/30/2026,3,0,UAA-146183,UAA102A022626,02/26/2026 07:12:23 PM,,bbugvazquezuaa,bbujdillarduaa,12 Day Expiry Rule,02/26/2026,0
IBUAA1048663,Located,="76928",SL RS WHITE HAMBURGER BUNS 16P 30Z,02/26/2026 07:17:29 PM,63,63,0,02/26/2026 07:12:25 PM,FRZ-0-54-0,02/26/2026 07:12:26 PM,,05/30/2026,3,0,UAA-146183,UAA102A022626,02/26/2026 07:12:25 PM,,bbugvazquezuaa,bbujdillarduaa,12 Day Expiry Rule,02/26/2026,0
IBUAA1048664,Located,="76928",SL RS WHITE HAMBURGER BUNS 16P 30Z,02/26/2026 07:16:48 PM,63,63,0,02/26/2026 07:12:28 PM,FRZ-0-54-0,02/26/2026 07:12:29 PM,,05/30/2026,3,0,UAA-146183,UAA102A022626,02/26/2026 07:12:28 PM,,bbugvazquezuaa,bbujdillarduaa,12 Day Expiry Rule,02/26/2026,0
IBUAA1048665,Located,="76928",SL RS WHITE HAMBURGER BUNS 16P 30Z,02/26/2026 07:16:48 PM,63,63,0,02/26/2026 07:12:31 PM,FRZ-0-54-0,02/26/2026 07:12:32 PM,,05/30/2026,3,0,UAA-146183,UAA102A022626,02/26/2026 07:12:31 PM,,bbugvazquezuaa,bbujdillarduaa,12 Day Expiry Rule,02/26/2026,0
IBUAA1048666,Located,="76928",SL RS WHITE HAMBURGER BUNS 16P 30Z,02/26/2026 07:16:49 PM,63,63,0,02/26/2026 07:12:34 PM,FRZ-0-54-0,02/26/2026 07:12:35 PM,,05/30/2026,3,0,UAA-146183,UAA102A022626,02/26/2026 07:12:34 PM,,bbugvazquezuaa,bbujdillarduaa,12 Day Expiry Rule,02/26/2026,0
IBUAA1048667,Located,="76928",SL RS WHITE HAMBURGER BUNS 16P 30Z,02/26/2026 07:16:49 PM,63,63,0,02/26/2026 07:12:37 PM,FRZ-0-54-0,02/26/2026 07:12:38 PM,,05/30/2026,3,0,UAA-146183,UAA102A022626,02/26/2026 07:12:37 PM,,bbugvazquezuaa,bbujdillarduaa,12 Day Expiry Rule,02/26/2026,0
IBUAA1048622,Located,="76928",SL RS WHITE HAMBURGER BUNS 16P 30Z,02/26/2026 08:04:54 PM,63,63,0,02/26/2026 07:13:39 PM,FRZ-0-54-0,02/26/2026 07:56:48 PM,,05/30/2026,3,0,UAA-146183,UAA102A022626,02/26/2026 07:13:39 PM,,bbujdillarduaa,bbucorncorneliusuaa,12 Day Expiry Rule,02/26/2026,0
IBUAA1048623,Located,="76928",SL RS WHITE HAMBURGER BUNS 16P 30Z,02/26/2026 07:16:48 PM,63,63,0,02/26/2026 07:13:54 PM,FRZ-0-54-0,02/26/2026 07:13:54 PM,,05/30/2026,3,0,UAA-146183,UAA102A022626,02/26/2026 07:13:54 PM,,bbujdillarduaa,bbujdillarduaa,12 Day Expiry Rule,02/26/2026,0
IBUAA1048624,Located,="76928",SL RS WHITE HAMBURGER BUNS 16P 30Z,02/26/2026 07:16:48 PM,63,63,0,02/26/2026 07:14:04 PM,FRZ-0-54-0,02/26/2026 07:14:06 PM,,05/30/2026,3,0,UAA-146183,UAA102A022626,02/26/2026 07:14:04 PM,,bbujdillarduaa,bbujdillarduaa,12 Day Expiry Rule,02/26/2026,0
IBUAA1048669,Located,="76928",SL RS WHITE HAMBURGER BUNS 16P 30Z,02/26/2026 07:24:00 PM,63,63,0,02/26/2026 07:20:53 PM,FRZ-0-54-0,02/26/2026 07:20:54 PM,,05/30/2026,3,0,UAA-146183,UAA102A022626,02/26/2026 07:20:53 PM,,bbujdillarduaa,bbujdillarduaa,12 Day Expiry Rule,02/26/2026,0
IBUAA1048670,Located,="76928",SL RS WHITE HAMBURGER BUNS 16P 30Z,02/26/2026 07:24:00 PM,63,63,0,02/26/2026 07:21:05 PM,FRZ-0-54-0,02/26/2026 07:21:06 PM,,05/30/2026,3,0,UAA-146183,UAA102A022626,02/26/2026 07:21:05 PM,,bbujdillarduaa,bbujdillarduaa,12 Day Expiry Rule,02/26/2026,0
IBUAA1048671,Located,="76928",SL RS WHITE HAMBURGER BUNS 16P 30Z,02/26/2026 07:24:00 PM,63,63,0,02/26/2026 07:21:18 PM,FRZ-0-54-0,02/26/2026 07:21:19 PM,,05/30/2026,3,0,UAA-146183,UAA102A022626,02/26/2026 07:21:18 PM,,bbujdillarduaa,bbujdillarduaa,12 Day Expiry Rule,02/26/2026,0
IBUAA1048693,Located,="76928",SL RS WHITE HAMBURGER BUNS 16P 30Z,02/26/2026 07:28:26 PM,63,63,0,02/26/2026 07:25:35 PM,FRZ-0-54-0,02/26/2026 07:25:35 PM,,05/30/2026,3,0,UAA-146183,UAA102A022626,02/26/2026 07:25:35 PM,,bbujdillarduaa,bbujdillarduaa,12 Day Expiry Rule,02/26/2026,0
IBUAA1048694,Located,="76928",SL RS WHITE HAMBURGER BUNS 16P 30Z,02/26/2026 07:28:26 PM,63,63,0,02/26/2026 07:25:45 PM,FRZ-0-54-0,02/26/2026 07:25:46 PM,,05/30/2026,3,0,UAA-146183,UAA102A022626,02/26/2026 07:25:45 PM,,bbujdillarduaa,bbujdillarduaa,12 Day Expiry Rule,02/26/2026,0
IBUAA1048695,Located,="76928",SL RS WHITE HAMBURGER BUNS 16P 30Z,02/26/2026 07:28:26 PM,63,63,0,02/26/2026 07:25:55 PM,FRZ-0-54-0,02/26/2026 07:25:56 PM,,05/30/2026,3,0,UAA-146183,UAA102A022626,02/26/2026 07:25:55 PM,,bbujdillarduaa,bbujdillarduaa,12 Day Expiry Rule,02/26/2026,0
IBUAA1048697,Located,="76928",SL RS WHITE HAMBURGER BUNS 16P 30Z,02/26/2026 07:30:46 PM,63,63,0,02/26/2026 07:27:09 PM,FRZ-0-54-0,02/26/2026 07:27:09 PM,,05/30/2026,3,0,UAA-146183,UAA102A022626,02/26/2026 07:27:09 PM,,bbugvazquezuaa,bbugvazquezuaa,12 Day Expiry Rule,02/26/2026,0
IBUAA1048698,Located,="76928",SL RS WHITE HAMBURGER BUNS 16P 30Z,02/26/2026 07:30:46 PM,63,63,0,02/26/2026 07:27:11 PM,FRZ-0-54-0,02/26/2026 07:27:12 PM,,05/30/2026,3,0,UAA-146183,UAA102A022626,02/26/2026 07:27:11 PM,,bbugvazquezuaa,bbugvazquezuaa,12 Day Expiry Rule,02/26/2026,0
IBUAA1048699,Located,="76928",SL RS WHITE HAMBURGER BUNS 16P 30Z,02/26/2026 07:30:46 PM,63,63,0,02/26/2026 07:27:14 PM,FRZ-0-54-0,02/26/2026 07:27:15 PM,,05/30/2026,3,0,UAA-146183,UAA102A022626,02/26/2026 07:27:14 PM,,bbugvazquezuaa,bbugvazquezuaa,12 Day Expiry Rule,02/26/2026,0
IBUAA1048700,Located,="76928",SL RS WHITE HAMBURGER BUNS 16P 30Z,02/26/2026 07:30:46 PM,63,63,0,02/26/2026 07:27:17 PM,FRZ-0-54-0,02/26/2026 07:27:18 PM,,05/30/2026,3,0,UAA-146183,UAA102A022626,02/26/2026 07:27:17 PM,,bbugvazquezuaa,bbugvazquezuaa,12 Day Expiry Rule,02/26/2026,0
IBUAA1048701,Located,="76928",SL RS WHITE HAMBURGER BUNS 16P 30Z,02/26/2026 07:33:36 PM,63,63,0,02/26/2026 07:30:10 PM,FRZ-0-54-0,02/26/2026 07:30:11 PM,,05/30/2026,3,0,UAA-146183,UAA102A022626,02/26/2026 07:30:10 PM,,bbujdillarduaa,bbujdillarduaa,12 Day Expiry Rule,02/26/2026,0
IBUAA1048702,Located,="76928",SL RS WHITE HAMBURGER BUNS 16P 30Z,02/26/2026 07:33:36 PM,63,63,0,02/26/2026 07:30:21 PM,FRZ-0-54-0,02/26/2026 07:30:29 PM,,05/30/2026,3,0,UAA-146183,UAA102A022626,02/26/2026 07:30:21 PM,,bbujdillarduaa,bbujdillarduaa,12 Day Expiry Rule,02/26/2026,0
IBUAA1048703,Located,="76928",SL RS WHITE HAMBURGER BUNS 16P 30Z,02/26/2026 07:33:36 PM,63,63,0,02/26/2026 07:30:38 PM,FRZ-0-54-0,02/26/2026 07:30:39 PM,,05/30/2026,3,0,UAA-146183,UAA102A022626,02/26/2026 07:30:38 PM,,bbujdillarduaa,bbujdillarduaa,12 Day Expiry Rule,02/26/2026,0
IBUAA1048508,Located,="76928",SL RS WHITE HAMBURGER BUNS 16P 30Z,02/26/2026 07:38:26 PM,63,63,0,02/26/2026 07:33:51 PM,FRZ-0-54-0,02/26/2026 07:33:53 PM,,05/30/2026,3,0,UAA-146183,UAA102A022626,02/26/2026 07:33:51 PM,,bbugvazquezuaa,bbugvazquezuaa,12 Day Expiry Rule,02/26/2026,0
IBUAA1048509,Located,="76928",SL RS WHITE HAMBURGER BUNS 16P 30Z,02/26/2026 07:38:26 PM,63,63,0,02/26/2026 07:33:55 PM,FRZ-0-54-0,02/26/2026 07:33:56 PM,,05/30/2026,3,0,UAA-146183,UAA102A022626,02/26/2026 07:33:55 PM,,bbugvazquezuaa,bbugvazquezuaa,12 Day Expiry Rule,02/26/2026,0
IBUAA1048510,Located,="76928",SL RS WHITE HAMBURGER BUNS 16P 30Z,02/26/2026 07:38:26 PM,63,63,0,02/26/2026 07:33:57 PM,FRZ-0-54-0,02/26/2026 07:33:58 PM,,05/30/2026,3,0,UAA-146183,UAA102A022626,02/26/2026 07:33:57 PM,,bbugvazquezuaa,bbugvazquezuaa,12 Day Expiry Rule,02/26/2026,0
IBUAA1048511,Located,="76928",SL RS WHITE HAMBURGER BUNS 16P 30Z,02/26/2026 07:38:26 PM,63,63,0,02/26/2026 07:34:04 PM,FRZ-0-54-0,02/26/2026 07:34:05 PM,,05/30/2026,3,0,UAA-146183,UAA102A022626,02/26/2026 07:34:04 PM,,bbugvazquezuaa,bbugvazquezuaa,12 Day Expiry Rule,02/26/2026,0
IBUAA1048705,Located,="76928",SL RS WHITE HAMBURGER BUNS 16P 30Z,02/26/2026 07:38:26 PM,63,63,0,02/26/2026 07:35:41 PM,FRZ-0-54-0,02/26/2026 07:35:42 PM,,05/30/2026,3,0,UAA-146183,UAA102A022626,02/26/2026 07:35:41 PM,,bbujdillarduaa,bbugvazquezuaa,12 Day Expiry Rule,02/26/2026,0
IBUAA1048706,Located,="76928",SL RS WHITE HAMBURGER BUNS 16P 30Z,02/26/2026 07:38:26 PM,63,63,0,02/26/2026 07:35:55 PM,FRZ-0-54-0,02/26/2026 07:35:55 PM,,05/30/2026,3,0,UAA-146183,UAA102A022626,02/26/2026 07:35:55 PM,,bbujdillarduaa,bbugvazquezuaa,12 Day Expiry Rule,02/26/2026,0
IBUAA1048707,Located,="76928",SL RS WHITE HAMBURGER BUNS 16P 30Z,02/26/2026 07:38:26 PM,63,63,0,02/26/2026 07:36:10 PM,FRZ-0-54-0,02/26/2026 07:36:11 PM,,05/30/2026,3,0,UAA-146183,UAA102A022626,02/26/2026 07:36:10 PM,,bbujdillarduaa,bbugvazquezuaa,12 Day Expiry Rule,02/26/2026,0
IBUAA1048709,Located,="76928",SL RS WHITE HAMBURGER BUNS 16P 30Z,02/26/2026 07:45:37 PM,63,63,0,02/26/2026 07:42:14 PM,FRZ-0-54-0,02/26/2026 07:42:15 PM,,05/30/2026,3,0,UAA-146183,UAA102A022626,02/26/2026 07:42:14 PM,,bbujdillarduaa,bbugvazquezuaa,12 Day Expiry Rule,02/26/2026,0
IBUAA1048712,Located,="76928",SL RS WHITE HAMBURGER BUNS 16P 30Z,02/26/2026 07:45:37 PM,63,63,0,02/26/2026 07:42:56 PM,FRZ-0-54-0,02/26/2026 07:42:57 PM,,05/30/2026,3,0,UAA-146183,UAA102A022626,02/26/2026 07:42:56 PM,,bbugvazquezuaa,bbugvazquezuaa,12 Day Expiry Rule,02/26/2026,0
IBUAA1048713,Located,="76928",SL RS WHITE HAMBURGER BUNS 16P 30Z,02/26/2026 07:45:37 PM,63,63,0,02/26/2026 07:43:02 PM,FRZ-0-54-0,02/26/2026 07:43:02 PM,,05/30/2026,3,0,UAA-146183,UAA102A022626,02/26/2026 07:43:02 PM,,bbugvazquezuaa,bbugvazquezuaa,12 Day Expiry Rule,02/26/2026,0
IBUAA1048714,Located,="76928",SL RS WHITE HAMBURGER BUNS 16P 30Z,02/26/2026 07:45:37 PM,63,63,0,02/26/2026 07:43:07 PM,FRZ-0-54-0,02/26/2026 07:43:08 PM,,05/30/2026,3,0,UAA-146183,UAA102A022626,02/26/2026 07:43:07 PM,,bbugvazquezuaa,bbugvazquezuaa,12 Day Expiry Rule,02/26/2026,0
IBUAA1048710,Located,="76928",SL RS WHITE HAMBURGER BUNS 16P 30Z,02/26/2026 07:45:37 PM,63,63,0,02/26/2026 07:43:09 PM,FRZ-0-54-0,02/26/2026 07:43:10 PM,,05/30/2026,3,0,UAA-146183,UAA102A022626,02/26/2026 07:43:09 PM,,bbujdillarduaa,bbugvazquezuaa,12 Day Expiry Rule,02/26/2026,0
IBUAA1048715,Located,="76928",SL RS WHITE HAMBURGER BUNS 16P 30Z,02/26/2026 07:45:37 PM,63,63,0,02/26/2026 07:43:55 PM,FRZ-0-54-0,02/26/2026 07:43:56 PM,,05/30/2026,3,0,UAA-146183,UAA102A022626,02/26/2026 07:43:55 PM,,bbugvazquezuaa,bbugvazquezuaa,12 Day Expiry Rule,02/26/2026,0
IBUAA1048772,Located,="76928",SL RS WHITE HAMBURGER BUNS 16P 30Z,02/26/2026 07:50:35 PM,63,63,0,02/26/2026 07:46:28 PM,FRZ-0-54-0,02/26/2026 07:46:29 PM,,05/30/2026,3,0,UAA-146183,UAA102A022626,02/26/2026 07:46:28 PM,,bbujdillarduaa,bbugvazquezuaa,12 Day Expiry Rule,02/26/2026,0
IBUAA1048773,Located,="76928",SL RS WHITE HAMBURGER BUNS 16P 30Z,02/26/2026 07:50:35 PM,63,63,0,02/26/2026 07:46:42 PM,FRZ-0-54-0,02/26/2026 07:46:43 PM,,05/30/2026,3,0,UAA-146183,UAA102A022626,02/26/2026 07:46:42 PM,,bbujdillarduaa,bbugvazquezuaa,12 Day Expiry Rule,02/26/2026,0
IBUAA1048774,Located,="76928",SL RS WHITE HAMBURGER BUNS 16P 30Z,02/26/2026 07:53:49 PM,63,63,0,02/26/2026 07:49:11 PM,FRZ-0-54-0,02/26/2026 07:49:12 PM,,05/30/2026,3,0,UAA-146183,UAA102A022626,02/26/2026 07:49:11 PM,,bbujdillarduaa,bbujdillarduaa,12 Day Expiry Rule,02/26/2026,0
IBUAA1048775,Located,="76928",SL RS WHITE HAMBURGER BUNS 16P 30Z,02/26/2026 07:53:49 PM,63,63,0,02/26/2026 07:49:22 PM,FRZ-0-54-0,02/26/2026 07:49:23 PM,,05/30/2026,3,0,UAA-146183,UAA102A022626,02/26/2026 07:49:22 PM,,bbujdillarduaa,bbujdillarduaa,12 Day Expiry Rule,02/26/2026,0
IBUAA1048626,Located,="76928",SL RS WHITE HAMBURGER BUNS 16P 30Z,02/26/2026 08:04:54 PM,63,63,0,02/26/2026 07:57:45 PM,FRZ-0-54-0,02/26/2026 07:57:46 PM,,05/30/2026,3,0,UAA-146183,UAA102A022626,02/26/2026 07:57:45 PM,,bbucorncorneliusuaa,bbucorncorneliusuaa,12 Day Expiry Rule,02/26/2026,0
IBUAA1048627,Located,="76928",SL RS WHITE HAMBURGER BUNS 16P 30Z,02/26/2026 08:04:54 PM,63,63,0,02/26/2026 07:58:18 PM,FRZ-0-54-0,02/26/2026 07:58:19 PM,,05/30/2026,3,0,UAA-146183,UAA102A022626,02/26/2026 07:58:18 PM,,bbucorncorneliusuaa,bbucorncorneliusuaa,12 Day Expiry Rule,02/26/2026,0
IBUAA1048628,Located,="76928",SL RS WHITE HAMBURGER BUNS 16P 30Z,02/26/2026 08:04:54 PM,63,63,0,02/26/2026 07:58:39 PM,FRZ-0-54-0,02/26/2026 07:58:40 PM,,05/30/2026,3,0,UAA-146183,UAA102A022626,02/26/2026 07:58:39 PM,,bbucorncorneliusuaa,bbucorncorneliusuaa,12 Day Expiry Rule,02/26/2026,0
IBUAA1048629,Located,="76928",SL RS WHITE HAMBURGER BUNS 16P 30Z,02/26/2026 08:04:54 PM,63,63,0,02/26/2026 07:59:29 PM,FRZ-0-54-0,02/26/2026 07:59:29 PM,,05/30/2026,3,0,UAA-146183,UAA102A022626,02/26/2026 07:59:29 PM,,bbucorncorneliusuaa,bbucorncorneliusuaa,12 Day Expiry Rule,02/26/2026,0
IBUAA1048630,Located,="76928",SL RS WHITE HAMBURGER BUNS 16P 30Z,02/26/2026 08:09:22 PM,63,63,0,02/26/2026 08:06:11 PM,FRZ-0-54-0,02/26/2026 08:06:13 PM,,05/30/2026,3,0,UAA-146183,UAA102A022626,02/26/2026 08:06:11 PM,,bbucorncorneliusuaa,bbudashuaa,12 Day Expiry Rule,02/26/2026,0
IBUAA1048631,Located,="76928",SL RS WHITE HAMBURGER BUNS 16P 30Z,02/26/2026 08:09:22 PM,63,63,0,02/26/2026 08:06:18 PM,FRZ-0-54-0,02/26/2026 08:06:19 PM,,05/30/2026,3,0,UAA-146183,UAA102A022626,02/26/2026 08:06:18 PM,,bbucorncorneliusuaa,bbudashuaa,12 Day Expiry Rule,02/26/2026,0
IBUAA1048792,Located,="76928",SL RS WHITE HAMBURGER BUNS 16P 30Z,02/26/2026 08:09:22 PM,63,63,0,02/26/2026 08:06:25 PM,FRZ-0-54-0,02/26/2026 08:06:26 PM,,05/30/2026,3,0,UAA-146183,UAA102A022626,02/26/2026 08:06:25 PM,,bbucorncorneliusuaa,bbudashuaa,12 Day Expiry Rule,02/26/2026,0
IBUAA1048793,Located,="76928",SL RS WHITE HAMBURGER BUNS 16P 30Z,02/26/2026 08:11:32 PM,63,63,0,02/26/2026 08:07:01 PM,FRZ-0-54-0,02/26/2026 08:07:02 PM,,05/30/2026,3,0,UAA-146183,UAA102A022626,02/26/2026 08:07:01 PM,,bbucorncorneliusuaa,bbudashuaa,12 Day Expiry Rule,02/26/2026,0
IBUAA1048794,Located,="76928",SL RS WHITE HAMBURGER BUNS 16P 30Z,02/26/2026 08:13:15 PM,63,63,0,02/26/2026 08:11:11 PM,FRZ-0-54-0,02/26/2026 08:11:13 PM,,05/30/2026,3,0,UAA-146183,UAA102A022626,02/26/2026 08:11:11 PM,,bbucorncorneliusuaa,bbucorncorneliusuaa,12 Day Expiry Rule,02/26/2026,0
IBUAA1048779,Located,="76928",SL RS WHITE HAMBURGER BUNS 16P 30Z,02/26/2026 08:23:21 PM,63,63,0,02/26/2026 08:20:16 PM,FRZ-0-55-0,02/26/2026 08:20:18 PM,,05/30/2026,3,0,UAA-146181,UAA102A022626,02/26/2026 08:20:16 PM,,bbujdillarduaa,bbujdillarduaa,12 Day Expiry Rule,02/26/2026,0
IBUAA1048780,Located,="76928",SL RS WHITE HAMBURGER BUNS 16P 30Z,02/26/2026 08:23:21 PM,63,63,0,02/26/2026 08:20:33 PM,FRZ-0-55-0,03/10/2026 01:45:32 PM,,05/30/2026,3,0,UAA-146181,UAA102A022626,02/26/2026 08:20:33 PM,,bbujdillarduaa,bbujdillarduaa,12 Day Expiry Rule,02/26/2026,0
IBUAA1048782,Located,="76928",SL RS WHITE HAMBURGER BUNS 16P 30Z,02/26/2026 08:30:49 PM,63,63,0,02/26/2026 08:28:46 PM,FRZ-0-55-0,02/26/2026 08:28:47 PM,,05/30/2026,3,0,UAA-146181,UAA102A022626,02/26/2026 08:28:46 PM,,bbujdillarduaa,bbujdillarduaa,12 Day Expiry Rule,02/26/2026,0
IBUAA1048722,Located,="76928",SL RS WHITE HAMBURGER BUNS 16P 30Z,02/26/2026 09:00:51 PM,63,63,0,02/26/2026 08:58:09 PM,FRZ-0-55-0,02/26/2026 08:58:11 PM,,05/30/2026,3,0,UAA-146181,UAA102A022626,02/26/2026 08:58:09 PM,,bbugvazquezuaa,bbugvazquezuaa,12 Day Expiry Rule,02/26/2026,0
IBUAA1048723,Located,="76928",SL RS WHITE HAMBURGER BUNS 16P 30Z,02/26/2026 09:00:51 PM,63,63,0,02/26/2026 08:58:13 PM,FRZ-0-55-0,02/26/2026 08:58:14 PM,,05/30/2026,3,0,UAA-146181,UAA102A022626,02/26/2026 08:58:13 PM,,bbugvazquezuaa,bbugvazquezuaa,12 Day Expiry Rule,02/26/2026,0
IBUAA1048790,Located,="76928",SL RS WHITE HAMBURGER BUNS 16P 30Z,02/26/2026 09:03:46 PM,63,63,0,02/26/2026 09:00:59 PM,FRZ-0-55-0,02/26/2026 09:01:01 PM,,05/30/2026,3,0,UAA-146181,UAA102A022626,02/26/2026 09:00:59 PM,,bbujdillarduaa,bbujdillarduaa,12 Day Expiry Rule,02/26/2026,0
IBUAA1048828,Located,="76928",SL RS WHITE HAMBURGER BUNS 16P 30Z,02/26/2026 09:12:24 PM,63,63,0,02/26/2026 09:08:47 PM,FRZ-0-55-0,02/26/2026 09:08:49 PM,,05/30/2026,3,0,UAA-146181,UAA102A022626,02/26/2026 09:08:47 PM,,bbujdillarduaa,bbujdillarduaa,12 Day Expiry Rule,02/26/2026,0
IBUAA1048829,Located,="76928",SL RS WHITE HAMBURGER BUNS 16P 30Z,02/26/2026 09:12:24 PM,63,63,0,02/26/2026 09:09:08 PM,FRZ-0-55-0,02/26/2026 09:09:09 PM,,05/30/2026,3,0,UAA-146181,UAA102A022626,02/26/2026 09:09:08 PM,,bbujdillarduaa,bbujdillarduaa,12 Day Expiry Rule,02/26/2026,0
IBUAA1048728,Located,="71467",BIM WHITE HAMBURGER BUNS 8P 15Z,02/27/2026 12:15:27 AM,189,189,0,02/26/2026 09:11:06 PM,FRZ-0-56-0,02/26/2026 09:11:07 PM,INV-01-01-02,05/30/2026,9,0,UAA-146186,UAA102A022626,02/26/2026 09:11:06 PM,,bbugvazquezuaa,bburkjergaarduaa,12 Day Expiry Rule,02/26/2026,0
IBUAA1048831,Located,="76928",SL RS WHITE HAMBURGER BUNS 16P 30Z,02/26/2026 09:18:29 PM,63,63,0,02/26/2026 09:15:31 PM,FRZ-0-55-0,02/26/2026 09:15:31 PM,,05/30/2026,3,0,UAA-146181,UAA102A022626,02/26/2026 09:15:31 PM,,bbujdillarduaa,bbujdillarduaa,12 Day Expiry Rule,02/26/2026,0
IBUAA1048729,Located,="71467",BIM WHITE HAMBURGER BUNS 8P 15Z,02/27/2026 12:15:28 AM,189,189,0,02/26/2026 09:15:32 PM,FRZ-0-56-0,02/26/2026 09:15:33 PM,INV-01-01-02,05/30/2026,9,0,UAA-146186,UAA102A022626,02/26/2026 09:15:32 PM,,bbugvazquezuaa,bburkjergaarduaa,12 Day Expiry Rule,02/26/2026,0
IBUAA1048852,Located,="76928",SL RS WHITE HAMBURGER BUNS 16P 30Z,02/26/2026 09:18:29 PM,63,63,0,02/26/2026 09:15:43 PM,FRZ-0-55-0,02/26/2026 09:15:44 PM,,05/30/2026,3,0,UAA-146181,UAA102A022626,02/26/2026 09:15:43 PM,,bbujdillarduaa,bbujdillarduaa,12 Day Expiry Rule,02/26/2026,0
IBUAA1048853,Located,="76928",SL RS WHITE HAMBURGER BUNS 16P 30Z,02/26/2026 09:18:29 PM,63,63,0,02/26/2026 09:15:58 PM,FRZ-0-55-0,02/26/2026 09:15:59 PM,,05/30/2026,3,0,UAA-146181,UAA102A022626,02/26/2026 09:15:58 PM,,bbujdillarduaa,bbujdillarduaa,12 Day Expiry Rule,02/26/2026,0
IBUAA1048854,Located,="76928",SL RS WHITE HAMBURGER BUNS 16P 30Z,02/26/2026 09:18:29 PM,63,63,0,02/26/2026 09:16:07 PM,FRZ-0-55-0,02/26/2026 09:16:08 PM,,05/30/2026,3,0,UAA-146181,UAA102A022626,02/26/2026 09:16:07 PM,,bbujdillarduaa,bbujdillarduaa,12 Day Expiry Rule,02/26/2026,0
IBUAA1048836,Located,="76928",SL RS WHITE HAMBURGER BUNS 16P 30Z,02/26/2026 09:23:37 PM,63,63,0,02/26/2026 09:20:41 PM,FRZ-0-55-0,02/26/2026 09:20:43 PM,,05/30/2026,3,0,UAA-146181,UAA102A022626,02/26/2026 09:20:41 PM,,bbujdillarduaa,bbujdillarduaa,12 Day Expiry Rule,02/26/2026,0
IBUAA1048837,Located,="76928",SL RS WHITE HAMBURGER BUNS 16P 30Z,02/26/2026 09:23:37 PM,63,63,0,02/26/2026 09:20:53 PM,FRZ-0-55-0,02/26/2026 09:20:53 PM,,05/30/2026,3,0,UAA-146181,UAA102A022626,02/26/2026 09:20:53 PM,,bbujdillarduaa,bbujdillarduaa,12 Day Expiry Rule,02/26/2026,0
IBUAA1048838,Located,="76928",SL RS WHITE HAMBURGER BUNS 16P 30Z,02/26/2026 09:23:37 PM,63,63,0,02/26/2026 09:21:04 PM,FRZ-0-55-0,02/26/2026 09:21:05 PM,,05/30/2026,3,0,UAA-146181,UAA102A022626,02/26/2026 09:21:04 PM,,bbujdillarduaa,bbujdillarduaa,12 Day Expiry Rule,02/26/2026,0
IBUAA1048873,Located,="71467",BIM WHITE HAMBURGER BUNS 8P 15Z,02/27/2026 12:15:27 AM,189,189,0,02/26/2026 09:23:14 PM,FRZ-0-56-0,02/26/2026 09:23:15 PM,INV-01-01-02,05/30/2026,9,0,UAA-146186,UAA102A022626,02/26/2026 09:23:14 PM,,bbugvazquezuaa,bburkjergaarduaa,12 Day Expiry Rule,02/26/2026,0
IBUAA1048894,Located,="76928",SL RS WHITE HAMBURGER BUNS 16P 30Z,02/26/2026 09:28:27 PM,63,63,0,02/26/2026 09:25:08 PM,FRZ-0-55-0,02/26/2026 09:25:09 PM,,05/30/2026,3,0,UAA-146181,UAA102A022626,02/26/2026 09:25:08 PM,,bbujdillarduaa,bbujdillarduaa,12 Day Expiry Rule,02/26/2026,0
IBUAA1048895,Located,="76928",SL RS WHITE HAMBURGER BUNS 16P 30Z,02/26/2026 09:28:27 PM,63,63,0,02/26/2026 09:25:17 PM,FRZ-0-55-0,02/26/2026 09:25:18 PM,,05/30/2026,3,0,UAA-146181,UAA102A022626,02/26/2026 09:25:17 PM,,bbujdillarduaa,bbujdillarduaa,12 Day Expiry Rule,02/26/2026,0
IBUAA1048896,Located,="76928",SL RS WHITE HAMBURGER BUNS 16P 30Z,02/26/2026 09:28:27 PM,63,63,0,02/26/2026 09:25:27 PM,FRZ-0-55-0,02/26/2026 09:25:28 PM,,05/30/2026,3,0,UAA-146181,UAA102A022626,02/26/2026 09:25:27 PM,,bbujdillarduaa,bbujdillarduaa,12 Day Expiry Rule,02/26/2026,0
IBUAA1048898,Located,="76928",SL RS WHITE HAMBURGER BUNS 16P 30Z,02/26/2026 09:34:41 PM,63,63,0,02/26/2026 09:30:26 PM,FRZ-0-55-0,02/26/2026 09:30:26 PM,,05/30/2026,3,0,UAA-146181,UAA102A022626,02/26/2026 09:30:26 PM,,bbujdillarduaa,bbujdillarduaa,12 Day Expiry Rule,02/26/2026,0
IBUAA1048899,Located,="76928",SL RS WHITE HAMBURGER BUNS 16P 30Z,02/26/2026 09:34:41 PM,63,63,0,02/26/2026 09:30:38 PM,FRZ-0-55-0,02/26/2026 09:30:39 PM,,05/30/2026,3,0,UAA-146181,UAA102A022626,02/26/2026 09:30:38 PM,,bbujdillarduaa,bbujdillarduaa,12 Day Expiry Rule,02/26/2026,0
IBUAA1048877,Located,="71467",BIM WHITE HAMBURGER BUNS 8P 15Z,02/27/2026 12:15:27 AM,189,189,0,02/26/2026 09:31:14 PM,FRZ-0-56-0,02/26/2026 09:31:15 PM,INV-01-01-02,05/30/2026,9,0,UAA-146186,UAA102A022626,02/26/2026 09:31:14 PM,,bbugvazquezuaa,bburkjergaarduaa,12 Day Expiry Rule,02/26/2026,0
IBUAA1048900,Located,="76928",SL RS WHITE HAMBURGER BUNS 16P 30Z,02/26/2026 09:34:41 PM,63,63,0,02/26/2026 09:31:15 PM,FRZ-0-55-0,02/26/2026 09:31:16 PM,,05/30/2026,3,0,UAA-146181,UAA102A022626,02/26/2026 09:31:15 PM,,bbujdillarduaa,bbujdillarduaa,12 Day Expiry Rule,02/26/2026,0
IBUAA1048902,Located,="76928",SL RS WHITE HAMBURGER BUNS 16P 30Z,02/26/2026 09:34:41 PM,63,63,0,02/26/2026 09:32:39 PM,FRZ-0-55-0,02/26/2026 09:32:40 PM,,05/30/2026,3,0,UAA-146181,UAA102A022626,02/26/2026 09:32:39 PM,,bbujdillarduaa,bbujdillarduaa,12 Day Expiry Rule,02/26/2026,0
IBUAA1048904,Located,="76928",SL RS WHITE HAMBURGER BUNS 16P 30Z,02/26/2026 09:40:11 PM,63,63,0,02/26/2026 09:37:04 PM,FRZ-0-55-0,02/26/2026 09:37:05 PM,,05/30/2026,3,0,UAA-146181,UAA102A022626,02/26/2026 09:37:04 PM,,bbujdillarduaa,bbujdillarduaa,12 Day Expiry Rule,02/26/2026,0
IBUAA1048905,Located,="76928",SL RS WHITE HAMBURGER BUNS 16P 30Z,02/26/2026 09:40:11 PM,63,63,0,02/26/2026 09:37:14 PM,FRZ-0-55-0,02/26/2026 09:37:15 PM,,05/30/2026,3,0,UAA-146181,UAA102A022626,02/26/2026 09:37:14 PM,,bbujdillarduaa,bbujdillarduaa,12 Day Expiry Rule,02/26/2026,0
IBUAA1048906,Located,="76928",SL RS WHITE HAMBURGER BUNS 16P 30Z,02/26/2026 09:40:11 PM,63,63,0,02/26/2026 09:37:24 PM,FRZ-0-55-0,02/26/2026 09:37:25 PM,,05/30/2026,3,0,UAA-146181,UAA102A022626,02/26/2026 09:37:24 PM,,bbujdillarduaa,bbujdillarduaa,12 Day Expiry Rule,02/26/2026,0
IBUAA1048908,Located,="76928",SL RS WHITE HAMBURGER BUNS 16P 30Z,02/26/2026 09:45:30 PM,63,63,0,02/26/2026 09:41:48 PM,FRZ-0-55-0,02/26/2026 09:41:49 PM,,05/30/2026,3,0,UAA-146181,UAA102A022626,02/26/2026 09:41:48 PM,,bbujdillarduaa,bbujdillarduaa,12 Day Expiry Rule,02/26/2026,0
IBUAA1048909,Located,="76928",SL RS WHITE HAMBURGER BUNS 16P 30Z,02/26/2026 09:45:30 PM,63,63,0,02/26/2026 09:41:59 PM,FRZ-0-55-0,02/26/2026 09:42:00 PM,,05/30/2026,3,0,UAA-146181,UAA102A022626,02/26/2026 09:41:59 PM,,bbujdillarduaa,bbujdillarduaa,12 Day Expiry Rule,02/26/2026,0
IBUAA1048910,Located,="76928",SL RS WHITE HAMBURGER BUNS 16P 30Z,02/26/2026 09:45:30 PM,63,63,0,02/26/2026 09:42:16 PM,FRZ-0-55-0,02/26/2026 09:42:17 PM,,05/30/2026,3,0,UAA-146181,UAA102A022626,02/26/2026 09:42:16 PM,,bbujdillarduaa,bbujdillarduaa,12 Day Expiry Rule,02/26/2026,0
IBUAA1048932,Located,="71467",BIM WHITE HAMBURGER BUNS 8P 15Z,02/27/2026 12:15:26 AM,189,189,0,02/26/2026 09:42:30 PM,FRZ-0-56-0,02/26/2026 09:42:32 PM,INV-01-01-02,05/30/2026,9,0,UAA-146186,UAA102A022626,02/26/2026 09:42:30 PM,,bbugvazquezuaa,bburkjergaarduaa,12 Day Expiry Rule,02/26/2026,0
IBUAA1048911,Located,="76928",SL RS WHITE HAMBURGER BUNS 16P 30Z,02/26/2026 09:45:30 PM,63,63,0,02/26/2026 09:43:01 PM,FRZ-0-55-0,02/26/2026 09:43:02 PM,,05/30/2026,3,0,UAA-146181,UAA102A022626,02/26/2026 09:43:01 PM,,bbujdillarduaa,bbujdillarduaa,12 Day Expiry Rule,02/26/2026,0
IBUAA1048934,Located,="76928",SL RS WHITE HAMBURGER BUNS 16P 30Z,02/26/2026 09:55:49 PM,63,63,0,02/26/2026 09:54:04 PM,FRZ-0-55-0,02/26/2026 09:54:05 PM,,05/30/2026,3,0,UAA-146181,UAA102A022626,02/26/2026 09:54:04 PM,,bbujdillarduaa,bbujdillarduaa,12 Day Expiry Rule,02/26/2026,0
IBUAA1048771,Located,="76928",SL RS WHITE HAMBURGER BUNS 16P 30Z,02/26/2026 10:09:45 PM,63,63,0,02/26/2026 10:07:23 PM,FRZ-0-55-0,02/26/2026 10:07:25 PM,,05/30/2026,3,0,UAA-146181,UAA102A022626,02/26/2026 10:07:23 PM,,bbujdillarduaa,bbujdillarduaa,12 Day Expiry Rule,02/26/2026,0
IBUAA1048856,Located,="71467",BIM WHITE HAMBURGER BUNS 8P 15Z,02/27/2026 12:15:27 AM,189,189,0,02/26/2026 10:16:49 PM,FRZ-0-56-0,02/26/2026 10:16:51 PM,INV-01-01-02,05/30/2026,9,0,UAA-146186,UAA102A022626,02/26/2026 10:16:49 PM,,bbugvazquezuaa,bburkjergaarduaa,12 Day Expiry Rule,02/26/2026,0
IBUAA1048973,Located,="76928",SL RS WHITE HAMBURGER BUNS 16P 30Z,02/26/2026 10:24:25 PM,63,63,0,02/26/2026 10:18:01 PM,FRZ-0-55-0,02/26/2026 10:18:02 PM,,05/30/2026,3,0,UAA-146181,UAA102A022626,02/26/2026 10:18:01 PM,,bbujdillarduaa,bbujdillarduaa,12 Day Expiry Rule,02/26/2026,0
IBUAA1048974,Located,="76928",SL RS WHITE HAMBURGER BUNS 16P 30Z,02/26/2026 10:24:25 PM,63,63,0,02/26/2026 10:18:55 PM,FRZ-0-55-0,02/26/2026 10:18:56 PM,,05/30/2026,3,0,UAA-146181,UAA102A022626,02/26/2026 10:18:55 PM,,bbujdillarduaa,bbujdillarduaa,12 Day Expiry Rule,02/26/2026,0
IBUAA1048857,Located,="71467",BIM WHITE HAMBURGER BUNS 8P 15Z,02/27/2026 12:15:26 AM,189,189,0,02/26/2026 10:23:52 PM,FRZ-0-56-0,02/26/2026 10:23:53 PM,INV-01-01-02,05/30/2026,9,0,UAA-146186,UAA102A022626,02/26/2026 10:23:52 PM,,bbugvazquezuaa,bburkjergaarduaa,12 Day Expiry Rule,02/26/2026,0
IBUAA1048858,Located,="71467",BIM WHITE HAMBURGER BUNS 8P 15Z,02/27/2026 12:15:27 AM,189,189,0,02/26/2026 10:23:57 PM,FRZ-0-56-0,02/26/2026 10:23:58 PM,INV-01-01-02,05/30/2026,9,0,UAA-146186,UAA102A022626,02/26/2026 10:23:57 PM,,bbugvazquezuaa,bburkjergaarduaa,12 Day Expiry Rule,02/26/2026,0
IBUAA1048859,Located,="76928",SL RS WHITE HAMBURGER BUNS 16P 30Z,02/26/2026 10:28:39 PM,63,63,0,02/26/2026 10:26:32 PM,FRZ-0-55-0,02/26/2026 10:26:34 PM,,05/30/2026,3,0,UAA-146181,UAA102A022626,02/26/2026 10:26:32 PM,,bbujdillarduaa,bbujdillarduaa,12 Day Expiry Rule,02/26/2026,0
IBUAA1048860,Located,="76928",SL RS WHITE HAMBURGER BUNS 16P 30Z,02/26/2026 10:28:38 PM,63,63,0,02/26/2026 10:26:42 PM,FRZ-0-55-0,02/26/2026 10:26:43 PM,,05/30/2026,3,0,UAA-146181,UAA102A022626,02/26/2026 10:26:42 PM,,bbujdillarduaa,bbujdillarduaa,12 Day Expiry Rule,02/26/2026,0
IBUAA1048862,Located,="76928",SL RS WHITE HAMBURGER BUNS 16P 30Z,02/26/2026 10:33:48 PM,63,63,0,02/26/2026 10:30:49 PM,FRZ-0-55-0,02/26/2026 10:30:50 PM,,05/30/2026,3,0,UAA-146181,UAA102A022626,02/26/2026 10:30:49 PM,,bbujdillarduaa,bbujdillarduaa,12 Day Expiry Rule,02/26/2026,0
IBUAA1048863,Located,="76928",SL RS WHITE HAMBURGER BUNS 16P 30Z,02/26/2026 10:33:47 PM,63,63,0,02/26/2026 10:30:59 PM,FRZ-0-55-0,02/26/2026 10:31:01 PM,,05/30/2026,3,0,UAA-146181,UAA102A022626,02/26/2026 10:30:59 PM,,bbujdillarduaa,bbujdillarduaa,12 Day Expiry Rule,02/26/2026,0
IBUAA1048864,Located,="71467",BIM WHITE HAMBURGER BUNS 8P 15Z,02/27/2026 12:15:26 AM,189,189,0,02/26/2026 10:31:04 PM,FRZ-0-56-0,02/26/2026 10:31:05 PM,INV-01-01-02,05/30/2026,9,0,UAA-146186,UAA102A022626,02/26/2026 10:31:04 PM,,bbugvazquezuaa,bburkjergaarduaa,12 Day Expiry Rule,02/26/2026,0
IBUAA1048866,Located,="71467",BIM WHITE HAMBURGER BUNS 8P 15Z,02/27/2026 12:15:27 AM,189,189,0,02/26/2026 10:31:09 PM,FRZ-0-56-0,02/26/2026 10:31:10 PM,INV-01-01-02,05/30/2026,9,0,UAA-146186,UAA102A022626,02/26/2026 10:31:09 PM,,bbugvazquezuaa,bburkjergaarduaa,12 Day Expiry Rule,02/26/2026,0
IBUAA1048867,Located,="76928",SL RS WHITE HAMBURGER BUNS 16P 30Z,02/26/2026 10:37:12 PM,63,63,0,02/26/2026 10:35:26 PM,FRZ-0-55-0,02/26/2026 10:35:28 PM,,05/30/2026,3,0,UAA-146181,UAA102A022626,02/26/2026 10:35:26 PM,,bbujdillarduaa,bbujdillarduaa,12 Day Expiry Rule,02/26/2026,0
IBUAA1048870,Located,="71467",BIM WHITE HAMBURGER BUNS 8P 15Z,02/27/2026 12:15:26 AM,189,189,0,02/26/2026 10:37:42 PM,FRZ-0-56-0,02/26/2026 10:37:44 PM,INV-01-01-02,05/30/2026,9,0,UAA-146186,UAA102A022626,02/26/2026 10:37:42 PM,,bbugvazquezuaa,bburkjergaarduaa,12 Day Expiry Rule,02/26/2026,0
IBUAA1048871,Located,="71467",BIM WHITE HAMBURGER BUNS 8P 15Z,02/27/2026 12:15:27 AM,189,189,0,02/26/2026 10:38:13 PM,FRZ-0-56-0,02/26/2026 10:38:14 PM,INV-01-01-02,05/30/2026,9,0,UAA-146186,UAA102A022626,02/26/2026 10:38:13 PM,,bbugvazquezuaa,bburkjergaarduaa,12 Day Expiry Rule,02/26/2026,0
IBUAA1049012,Located,="76928",SL RS WHITE HAMBURGER BUNS 16P 30Z,02/26/2026 10:42:10 PM,63,63,0,02/26/2026 10:39:16 PM,FRZ-0-55-0,02/26/2026 10:39:17 PM,,05/30/2026,3,0,UAA-146181,UAA102A022626,02/26/2026 10:39:16 PM,,bbujdillarduaa,bbujdillarduaa,12 Day Expiry Rule,02/26/2026,0
IBUAA1049013,Located,="76928",SL RS WHITE HAMBURGER BUNS 16P 30Z,02/26/2026 10:42:10 PM,63,63,0,02/26/2026 10:39:28 PM,FRZ-0-55-0,02/26/2026 10:39:29 PM,,05/30/2026,3,0,UAA-146181,UAA102A022626,02/26/2026 10:39:28 PM,,bbujdillarduaa,bbujdillarduaa,12 Day Expiry Rule,02/26/2026,0
IBUAA1049016,Located,="76928",SL RS WHITE HAMBURGER BUNS 16P 30Z,02/26/2026 10:51:01 PM,63,63,0,02/26/2026 10:48:41 PM,FRZ-0-55-0,02/26/2026 10:48:42 PM,,05/30/2026,3,0,UAA-146181,UAA102A022626,02/26/2026 10:48:41 PM,,bbujdillarduaa,bbujdillarduaa,12 Day Expiry Rule,02/26/2026,0
IBUAA1049017,Located,="76928",SL RS WHITE HAMBURGER BUNS 16P 30Z,02/26/2026 10:51:01 PM,63,63,0,02/26/2026 10:48:50 PM,FRZ-0-55-0,02/26/2026 10:48:51 PM,,05/30/2026,3,0,UAA-146181,UAA102A022626,02/26/2026 10:48:50 PM,,bbujdillarduaa,bbujdillarduaa,12 Day Expiry Rule,02/26/2026,0
IBUAA1048938,Located,="71467",BIM WHITE HAMBURGER BUNS 8P 15Z,02/27/2026 12:15:27 AM,189,189,0,02/26/2026 10:49:11 PM,FRZ-0-56-0,02/26/2026 10:49:13 PM,INV-01-01-02,05/30/2026,9,0,UAA-146186,UAA102A022626,02/26/2026 10:49:11 PM,,bbugvazquezuaa,bburkjergaarduaa,12 Day Expiry Rule,02/26/2026,0
IBUAA1048939,Located,="71467",BIM WHITE HAMBURGER BUNS 8P 15Z,02/27/2026 12:15:26 AM,189,189,0,02/26/2026 10:49:15 PM,FRZ-0-56-0,02/26/2026 10:49:16 PM,INV-01-01-02,05/30/2026,9,0,UAA-146186,UAA102A022626,02/26/2026 10:49:15 PM,,bbugvazquezuaa,bburkjergaarduaa,12 Day Expiry Rule,02/26/2026,0
IBUAA1049019,Located,="76928",SL RS WHITE HAMBURGER BUNS 16P 30Z,02/26/2026 10:56:57 PM,63,63,0,02/26/2026 10:54:09 PM,FRZ-0-55-0,02/26/2026 10:54:10 PM,,05/30/2026,3,0,UAA-146181,UAA102A022626,02/26/2026 10:54:09 PM,,bbujdillarduaa,bbujdillarduaa,12 Day Expiry Rule,02/26/2026,0
IBUAA1049020,Located,="76928",SL RS WHITE HAMBURGER BUNS 16P 30Z,02/26/2026 10:56:57 PM,63,63,0,02/26/2026 10:54:24 PM,FRZ-0-55-0,02/26/2026 10:54:25 PM,,05/30/2026,3,0,UAA-146181,UAA102A022626,02/26/2026 10:54:24 PM,,bbujdillarduaa,bbujdillarduaa,12 Day Expiry Rule,02/26/2026,0
IBUAA1048940,Located,="71467",BIM WHITE HAMBURGER BUNS 8P 15Z,02/27/2026 12:15:25 AM,189,189,0,02/26/2026 10:57:02 PM,FRZ-0-56-0,02/26/2026 10:57:03 PM,INV-01-01-02,05/30/2026,9,0,UAA-146186,UAA102A022626,02/26/2026 10:57:02 PM,,bbugvazquezuaa,bburkjergaarduaa,12 Day Expiry Rule,02/26/2026,0
IBUAA1048941,Located,="71467",BIM WHITE HAMBURGER BUNS 8P 15Z,02/27/2026 12:15:27 AM,189,189,0,02/26/2026 10:57:05 PM,FRZ-0-56-0,02/26/2026 10:57:06 PM,INV-01-01-02,05/30/2026,9,0,UAA-146186,UAA102A022626,02/26/2026 10:57:05 PM,,bbugvazquezuaa,bburkjergaarduaa,12 Day Expiry Rule,02/26/2026,0
IBUAA1049025,Located,="76928",SL RS WHITE HAMBURGER BUNS 16P 30Z,02/26/2026 11:01:43 PM,63,63,0,02/26/2026 10:58:26 PM,FRZ-0-55-0,02/26/2026 10:58:27 PM,,05/30/2026,3,0,UAA-146181,UAA102A022626,02/26/2026 10:58:26 PM,,bbujdillarduaa,bbujdillarduaa,12 Day Expiry Rule,02/26/2026,0
IBUAA1049026,Located,="76928",SL RS WHITE HAMBURGER BUNS 16P 30Z,02/26/2026 11:01:42 PM,63,63,0,02/26/2026 10:59:08 PM,FRZ-0-55-0,02/26/2026 10:59:09 PM,,05/30/2026,3,0,UAA-146181,UAA102A022626,02/26/2026 10:59:08 PM,,bbujdillarduaa,bbujdillarduaa,12 Day Expiry Rule,02/26/2026,0
IBUAA1049028,Located,="76928",SL RS WHITE HAMBURGER BUNS 16P 30Z,02/26/2026 11:07:37 PM,63,63,0,02/26/2026 11:03:20 PM,FRZ-0-55-0,02/26/2026 11:03:21 PM,,05/30/2026,3,0,UAA-146181,UAA102A022626,02/26/2026 11:03:20 PM,,bbujdillarduaa,bbujdillarduaa,12 Day Expiry Rule,02/26/2026,0
IBUAA1049029,Located,="76928",SL RS WHITE HAMBURGER BUNS 16P 30Z,02/26/2026 11:07:37 PM,63,63,0,02/26/2026 11:03:35 PM,FRZ-0-55-0,02/26/2026 11:03:36 PM,,05/30/2026,3,0,UAA-146181,UAA102A022626,02/26/2026 11:03:35 PM,,bbujdillarduaa,bbujdillarduaa,12 Day Expiry Rule,02/26/2026,0
IBUAA1048942,Located,="71467",BIM WHITE HAMBURGER BUNS 8P 15Z,02/27/2026 12:15:25 AM,189,189,0,02/26/2026 11:04:51 PM,FRZ-0-56-0,02/26/2026 11:04:52 PM,INV-01-01-02,05/30/2026,9,0,UAA-146186,UAA102A022626,02/26/2026 11:04:51 PM,,bbugvazquezuaa,bburkjergaarduaa,12 Day Expiry Rule,02/26/2026,0
IBUAA1048944,Located,="71467",BIM WHITE HAMBURGER BUNS 8P 15Z,02/27/2026 12:15:27 AM,189,189,0,02/26/2026 11:07:55 PM,FRZ-0-56-0,02/26/2026 11:07:56 PM,INV-01-01-02,05/30/2026,9,0,UAA-146186,UAA102A022626,02/26/2026 11:07:55 PM,,bbugvazquezuaa,bburkjergaarduaa,12 Day Expiry Rule,02/26/2026,0
IBUAA1049072,Located,="76928",SL RS WHITE HAMBURGER BUNS 16P 30Z,02/26/2026 11:12:26 PM,63,63,0,02/26/2026 11:08:56 PM,FRZ-0-55-0,02/26/2026 11:08:57 PM,,05/30/2026,3,0,UAA-146181,UAA102A022626,02/26/2026 11:08:56 PM,,bbujdillarduaa,bbudashuaa,12 Day Expiry Rule,02/26/2026,0
IBUAA1049036,Located,="76928",SL RS WHITE HAMBURGER BUNS 16P 30Z,02/26/2026 11:16:19 PM,63,63,0,02/26/2026 11:14:37 PM,FRZ-0-55-0,02/26/2026 11:14:39 PM,,05/30/2026,3,0,UAA-146181,UAA102A022626,02/26/2026 11:14:37 PM,,bbudashuaa,bbudashuaa,12 Day Expiry Rule,02/26/2026,0
IBUAA1048997,Located,="71467",BIM WHITE HAMBURGER BUNS 8P 15Z,02/27/2026 12:15:25 AM,189,189,0,02/26/2026 11:17:32 PM,FRZ-0-56-0,02/26/2026 11:17:34 PM,INV-01-01-02,05/30/2026,9,0,UAA-146186,UAA102A022626,02/26/2026 11:17:32 PM,,bbucorncorneliusuaa,bburkjergaarduaa,12 Day Expiry Rule,02/26/2026,0
IBUAA1048998,Located,="71467",BIM WHITE HAMBURGER BUNS 8P 15Z,02/27/2026 12:15:28 AM,189,189,0,02/26/2026 11:17:38 PM,FRZ-0-56-0,02/26/2026 11:17:39 PM,INV-01-01-02,05/30/2026,9,0,UAA-146186,UAA102A022626,02/26/2026 11:17:38 PM,,bbucorncorneliusuaa,bburkjergaarduaa,12 Day Expiry Rule,02/26/2026,0
IBUAA1049112,Located,="76928",SL RS WHITE HAMBURGER BUNS 16P 30Z,02/26/2026 11:23:43 PM,63,63,0,02/26/2026 11:18:16 PM,FRZ-0-55-0,02/26/2026 11:18:17 PM,,05/30/2026,3,0,UAA-146181,UAA102A022626,02/26/2026 11:18:15 PM,,bbudashuaa,bbudashuaa,12 Day Expiry Rule,02/26/2026,0
IBUAA1049113,Located,="76928",SL RS WHITE HAMBURGER BUNS 16P 30Z,02/26/2026 11:23:43 PM,63,63,0,02/26/2026 11:18:27 PM,FRZ-0-55-0,02/26/2026 11:18:28 PM,,05/30/2026,3,0,UAA-146181,UAA102A022626,02/26/2026 11:18:27 PM,,bbudashuaa,bbudashuaa,12 Day Expiry Rule,02/26/2026,0
IBUAA1048999,Located,="71467",BIM WHITE HAMBURGER BUNS 8P 15Z,02/27/2026 12:15:28 AM,189,189,0,02/26/2026 11:21:16 PM,FRZ-0-56-0,02/26/2026 11:21:17 PM,INV-01-01-02,05/30/2026,9,0,UAA-146186,UAA102A022626,02/26/2026 11:21:16 PM,,bbucorncorneliusuaa,bburkjergaarduaa,12 Day Expiry Rule,02/26/2026,0
IBUAA1049115,Located,="76928",SL RS WHITE HAMBURGER BUNS 16P 30Z,02/26/2026 11:28:49 PM,63,63,0,02/26/2026 11:26:05 PM,FRZ-0-55-0,02/26/2026 11:26:05 PM,,05/30/2026,3,0,UAA-146181,UAA102A022626,02/26/2026 11:26:05 PM,,bbudashuaa,bbudashuaa,12 Day Expiry Rule,02/26/2026,0
IBUAA1049116,Located,="76928",SL RS WHITE HAMBURGER BUNS 16P 30Z,02/26/2026 11:28:49 PM,63,63,0,02/26/2026 11:26:16 PM,FRZ-0-55-0,02/26/2026 11:26:17 PM,,05/30/2026,3,0,UAA-146181,UAA102A022626,02/26/2026 11:26:16 PM,,bbudashuaa,bbudashuaa,12 Day Expiry Rule,02/26/2026,0
IBUAA1049000,Located,="71467",BIM WHITE HAMBURGER BUNS 8P 15Z,02/27/2026 12:15:25 AM,189,189,0,02/26/2026 11:28:46 PM,FRZ-0-56-0,02/26/2026 11:28:47 PM,INV-01-01-02,05/30/2026,9,0,UAA-146186,UAA102A022626,02/26/2026 11:28:46 PM,,bbucorncorneliusuaa,bburkjergaarduaa,12 Day Expiry Rule,02/26/2026,0
IBUAA1049118,Located,="76928",SL RS WHITE HAMBURGER BUNS 16P 30Z,02/26/2026 11:35:10 PM,63,63,0,02/26/2026 11:30:45 PM,FRZ-0-55-0,02/26/2026 11:30:46 PM,,05/30/2026,3,0,UAA-146181,UAA102A022626,02/26/2026 11:30:45 PM,,bbudashuaa,bbujdillarduaa,12 Day Expiry Rule,02/26/2026,0
IBUAA1049119,Located,="76928",SL RS WHITE HAMBURGER BUNS 16P 30Z,02/26/2026 11:35:10 PM,63,63,0,02/26/2026 11:30:56 PM,FRZ-0-55-0,02/26/2026 11:30:56 PM,,05/30/2026,3,0,UAA-146181,UAA102A022626,02/26/2026 11:30:56 PM,,bbudashuaa,bbujdillarduaa,12 Day Expiry Rule,02/26/2026,0
IBUAA1049120,Located,="76928",SL RS WHITE HAMBURGER BUNS 16P 30Z,02/26/2026 11:35:10 PM,63,63,0,02/26/2026 11:31:49 PM,FRZ-0-55-0,02/26/2026 11:31:50 PM,,05/30/2026,3,0,UAA-146181,UAA102A022626,02/26/2026 11:31:49 PM,,bbudashuaa,bbujdillarduaa,12 Day Expiry Rule,02/26/2026,0
IBUAA1049102,Located,="76928",SL RS WHITE HAMBURGER BUNS 16P 30Z,02/26/2026 11:46:13 PM,63,63,0,02/26/2026 11:42:45 PM,FRZ-0-55-0,02/26/2026 11:42:50 PM,,05/30/2026,3,0,UAA-146181,UAA102A022626,02/26/2026 11:42:45 PM,,bbujdillarduaa,bbujdillarduaa,12 Day Expiry Rule,02/26/2026,0
IBUAA1049103,Located,="76928",SL RS WHITE HAMBURGER BUNS 16P 30Z,02/26/2026 11:46:13 PM,63,63,0,02/26/2026 11:43:01 PM,FRZ-0-55-0,02/26/2026 11:43:02 PM,,05/30/2026,3,0,UAA-146181,UAA102A022626,02/26/2026 11:43:01 PM,,bbujdillarduaa,bbujdillarduaa,12 Day Expiry Rule,02/26/2026,0
IBUAA1049133,Located,="71467",BIM WHITE HAMBURGER BUNS 8P 15Z,02/27/2026 12:15:28 AM,189,189,0,02/26/2026 11:45:17 PM,FRZ-0-56-0,02/26/2026 11:45:19 PM,INV-01-01-02,05/30/2026,9,0,UAA-146186,UAA102A022626,02/26/2026 11:45:17 PM,,bbugvazquezuaa,bburkjergaarduaa,12 Day Expiry Rule,02/26/2026,0
IBUAA1049134,Located,="71467",BIM WHITE HAMBURGER BUNS 8P 15Z,02/27/2026 12:15:24 AM,189,189,0,02/26/2026 11:45:23 PM,FRZ-0-56-0,02/26/2026 11:45:23 PM,INV-01-01-02,05/30/2026,9,0,UAA-146186,UAA102A022626,02/26/2026 11:45:23 PM,,bbugvazquezuaa,bburkjergaarduaa,12 Day Expiry Rule,02/26/2026,0
IBUAA1049105,Located,="76928",SL RS WHITE HAMBURGER BUNS 16P 30Z,02/26/2026 11:52:04 PM,63,63,0,02/26/2026 11:48:25 PM,FRZ-0-55-0,02/26/2026 11:48:26 PM,,05/30/2026,3,0,UAA-146181,UAA102A022626,02/26/2026 11:48:25 PM,,bbujdillarduaa,bbujdillarduaa,12 Day Expiry Rule,02/26/2026,0
IBUAA1049106,Located,="76928",SL RS WHITE HAMBURGER BUNS 16P 30Z,02/26/2026 11:52:04 PM,63,63,0,02/26/2026 11:48:37 PM,FRZ-0-55-0,02/26/2026 11:48:38 PM,,05/30/2026,3,0,UAA-146181,UAA102A022626,02/26/2026 11:48:37 PM,,bbujdillarduaa,bbujdillarduaa,12 Day Expiry Rule,02/26/2026,0
IBUAA1049135,Located,="71467",BIM WHITE HAMBURGER BUNS 8P 15Z,02/27/2026 12:15:24 AM,189,189,0,02/26/2026 11:50:14 PM,FRZ-0-56-0,02/26/2026 11:50:15 PM,INV-01-01-02,05/30/2026,9,0,UAA-146186,UAA102A022626,02/26/2026 11:50:14 PM,,bbugvazquezuaa,bburkjergaarduaa,12 Day Expiry Rule,02/26/2026,0
IBUAA1049136,Located,="71467",BIM WHITE HAMBURGER BUNS 8P 15Z,02/27/2026 12:15:24 AM,189,189,0,02/26/2026 11:50:17 PM,FRZ-0-56-0,02/26/2026 11:50:18 PM,INV-01-01-02,05/30/2026,9,0,UAA-146186,UAA102A022626,02/26/2026 11:50:17 PM,,bbugvazquezuaa,bburkjergaarduaa,12 Day Expiry Rule,02/26/2026,0
IBUAA1049137,Located,="71467",BIM WHITE HAMBURGER BUNS 8P 15Z,02/27/2026 12:15:28 AM,189,189,0,02/26/2026 11:50:20 PM,FRZ-0-56-0,02/26/2026 11:50:20 PM,INV-01-01-02,05/30/2026,9,0,UAA-146186,UAA102A022626,02/26/2026 11:50:20 PM,,bbugvazquezuaa,bburkjergaarduaa,12 Day Expiry Rule,02/26/2026,0
IBUAA1049138,Located,="71467",BIM WHITE HAMBURGER BUNS 8P 15Z,02/27/2026 12:15:24 AM,189,189,0,02/27/2026 12:03:58 AM,FRZ-0-56-0,02/27/2026 12:04:01 AM,INV-01-01-02,05/30/2026,9,0,UAA-146186,UAA102A022626,02/27/2026 12:03:58 AM,,bbugvazquezuaa,bburkjergaarduaa,12 Day Expiry Rule,02/26/2026,0
IBUAA1049139,Located,="71467",BIM WHITE HAMBURGER BUNS 8P 15Z,02/27/2026 12:15:28 AM,189,189,0,02/27/2026 12:04:03 AM,FRZ-0-56-0,02/27/2026 12:04:03 AM,INV-01-01-02,05/30/2026,9,0,UAA-146186,UAA102A022626,02/27/2026 12:04:03 AM,,bbugvazquezuaa,bburkjergaarduaa,12 Day Expiry Rule,02/26/2026,0
IBUAA1049143,Located,="71467",BIM WHITE HAMBURGER BUNS 8P 15Z,02/27/2026 12:13:08 AM,189,189,0,02/27/2026 12:09:37 AM,FRZ-0-56-0,02/27/2026 12:09:37 AM,INV-01-01-02,05/30/2026,9,0,UAA-146186,UAA102A022626,02/27/2026 12:09:37 AM,,bbugvazquezuaa,bbugvazquezuaa,12 Day Expiry Rule,02/26/2026,0
IBUAA1049144,Located,="71467",BIM WHITE HAMBURGER BUNS 8P 15Z,02/27/2026 12:13:07 AM,189,189,0,02/27/2026 12:09:53 AM,FRZ-0-56-0,02/27/2026 12:09:54 AM,INV-01-01-02,05/30/2026,9,0,UAA-146186,UAA102A022626,02/27/2026 12:09:53 AM,,bbugvazquezuaa,bbugvazquezuaa,12 Day Expiry Rule,02/26/2026,0
IBUAA1049145,Located,="71467",BIM WHITE HAMBURGER BUNS 8P 15Z,02/27/2026 12:13:08 AM,189,189,0,02/27/2026 12:09:59 AM,FRZ-0-56-0,02/27/2026 12:10:00 AM,INV-01-01-02,05/30/2026,9,0,UAA-146186,UAA102A022626,02/27/2026 12:09:59 AM,,bbugvazquezuaa,bbugvazquezuaa,12 Day Expiry Rule,02/26/2026,0
IBUAA1049147,Located,="71467",BIM WHITE HAMBURGER BUNS 8P 15Z,02/27/2026 12:22:56 AM,189,189,0,02/27/2026 12:20:19 AM,FRZ-0-56-0,02/27/2026 12:20:20 AM,,05/30/2026,9,0,UAA-146186,UAA102A022626,02/27/2026 12:20:19 AM,,bbugvazquezuaa,bbugvazquezuaa,12 Day Expiry Rule,02/26/2026,0
IBUAA1049148,Located,="71467",BIM WHITE HAMBURGER BUNS 8P 15Z,02/27/2026 12:22:55 AM,189,189,0,02/27/2026 12:20:22 AM,FRZ-0-56-0,02/27/2026 12:20:23 AM,,05/30/2026,9,0,UAA-146186,UAA102A022626,02/27/2026 12:20:22 AM,,bbugvazquezuaa,bbugvazquezuaa,12 Day Expiry Rule,02/26/2026,0
IBUAA1049235,Located,="71467",BIM WHITE HAMBURGER BUNS 8P 15Z,02/27/2026 12:33:35 AM,189,189,0,02/27/2026 12:28:53 AM,FRZ-0-56-0,02/27/2026 12:28:54 AM,,05/30/2026,9,0,UAA-146186,UAA102A022626,02/27/2026 12:28:53 AM,,bbugvazquezuaa,bbugvazquezuaa,12 Day Expiry Rule,02/26/2026,0
IBUAA1049236,Located,="71467",BIM WHITE HAMBURGER BUNS 8P 15Z,02/27/2026 12:33:35 AM,189,189,0,02/27/2026 12:28:57 AM,FRZ-0-56-0,02/27/2026 12:28:57 AM,,05/30/2026,9,0,UAA-146186,UAA102A022626,02/27/2026 12:28:57 AM,,bbugvazquezuaa,bbugvazquezuaa,12 Day Expiry Rule,02/26/2026,0
IBUAA1049237,Located,="71467",BIM WHITE HAMBURGER BUNS 8P 15Z,02/27/2026 12:33:35 AM,189,189,0,02/27/2026 12:28:59 AM,FRZ-0-56-0,02/27/2026 12:29:00 AM,,05/30/2026,9,0,UAA-146186,UAA102A022626,02/27/2026 12:28:59 AM,,bbugvazquezuaa,bbugvazquezuaa,12 Day Expiry Rule,02/26/2026,0
IBUAA1049009,Located,="71467",BIM WHITE HAMBURGER BUNS 8P 15Z,02/27/2026 12:40:50 AM,189,189,0,02/27/2026 12:36:35 AM,FRZ-0-56-0,02/27/2026 12:36:37 AM,,05/30/2026,9,0,UAA-146186,UAA102A022626,02/27/2026 12:36:35 AM,,bbugvazquezuaa,bbugvazquezuaa,12 Day Expiry Rule,02/26/2026,0
IBUAA1049010,Located,="71467",BIM WHITE HAMBURGER BUNS 8P 15Z,02/27/2026 12:40:50 AM,189,189,0,02/27/2026 12:36:40 AM,FRZ-0-56-0,02/27/2026 12:36:41 AM,,05/30/2026,9,0,UAA-146186,UAA102A022626,02/27/2026 12:36:40 AM,,bbugvazquezuaa,bbugvazquezuaa,12 Day Expiry Rule,02/26/2026,0
IBUAA1049011,Located,="71467",BIM WHITE HAMBURGER BUNS 8P 15Z,02/27/2026 12:52:05 AM,189,189,0,02/27/2026 12:49:41 AM,FRZ-0-56-0,02/27/2026 12:49:42 AM,,05/30/2026,9,0,UAA-146186,UAA102A022626,02/27/2026 12:49:41 AM,,bbugvazquezuaa,bbugvazquezuaa,12 Day Expiry Rule,02/26/2026,0
IBUAA1049292,Located,="71467",BIM WHITE HAMBURGER BUNS 8P 15Z,02/27/2026 12:52:05 AM,189,189,0,02/27/2026 12:49:44 AM,FRZ-0-56-0,02/27/2026 12:49:45 AM,,05/30/2026,9,0,UAA-146186,UAA102A022626,02/27/2026 12:49:44 AM,,bbugvazquezuaa,bbugvazquezuaa,12 Day Expiry Rule,02/26/2026,0
IBUAA1049293,Located,="71467",BIM WHITE HAMBURGER BUNS 8P 15Z,02/27/2026 12:52:05 AM,189,189,0,02/27/2026 12:49:47 AM,FRZ-0-56-0,02/27/2026 12:49:48 AM,,05/30/2026,9,0,UAA-146186,UAA102A022626,02/27/2026 12:49:47 AM,,bbugvazquezuaa,bbugvazquezuaa,12 Day Expiry Rule,02/26/2026,0
IBUAA1049294,Located,="71467",BIM WHITE HAMBURGER BUNS 8P 15Z,02/27/2026 01:03:33 AM,189,189,0,02/27/2026 01:00:44 AM,FRZ-0-56-0,02/27/2026 01:00:45 AM,,05/30/2026,9,0,UAA-146186,UAA102A022626,02/27/2026 01:00:44 AM,,bbugvazquezuaa,bbugvazquezuaa,12 Day Expiry Rule,02/26/2026,0
IBUAA1049295,Located,="71467",BIM WHITE HAMBURGER BUNS 8P 15Z,02/27/2026 01:03:33 AM,189,189,0,02/27/2026 01:00:47 AM,FRZ-0-56-0,02/27/2026 01:00:50 AM,,05/30/2026,9,0,UAA-146186,UAA102A022626,02/27/2026 01:00:47 AM,,bbugvazquezuaa,bbugvazquezuaa,12 Day Expiry Rule,02/26/2026,0
IBUAA1049296,Located,="71467",BIM WHITE HAMBURGER BUNS 8P 15Z,02/27/2026 01:10:31 AM,189,189,0,02/27/2026 01:08:47 AM,FRZ-0-56-0,02/27/2026 01:08:48 AM,,05/30/2026,9,0,UAA-146186,UAA102A022626,02/27/2026 01:08:47 AM,,bbugvazquezuaa,bbugvazquezuaa,12 Day Expiry Rule,02/26/2026,0
IBUAA1049287,Located,="71467",BIM WHITE HAMBURGER BUNS 8P 15Z,02/27/2026 01:24:51 AM,189,189,0,02/27/2026 01:13:14 AM,FRZ-0-56-0,02/27/2026 01:13:15 AM,,05/30/2026,9,0,UAA-146186,UAA102A022726,02/27/2026 01:13:14 AM,,bbujdillarduaa,bbujdillarduaa,12 Day Expiry Rule,02/27/2026,0
IBUAA1049288,Located,="71467",BIM WHITE HAMBURGER BUNS 8P 15Z,02/27/2026 01:19:02 AM,189,189,0,02/27/2026 01:13:33 AM,FRZ-0-56-0,02/27/2026 01:13:34 AM,,05/30/2026,9,0,UAA-146186,UAA102A022726,02/27/2026 01:13:33 AM,,bbujdillarduaa,bbujdillarduaa,12 Day Expiry Rule,02/27/2026,0
IBUAA1049298,Located,="71467",BIM WHITE HAMBURGER BUNS 8P 15Z,02/27/2026 01:48:29 AM,189,189,0,02/27/2026 01:19:44 AM,FRZ-0-56-0,02/27/2026 01:42:59 AM,,05/30/2026,9,0,UAA-146186,UAA102A022626,02/27/2026 01:19:44 AM,,bbugvazquezuaa,bbujdillarduaa,12 Day Expiry Rule,02/26/2026,0
IBUAA1049299,Located,="71467",BIM WHITE HAMBURGER BUNS 8P 15Z,02/27/2026 01:23:12 AM,189,189,0,02/27/2026 01:20:08 AM,FRZ-0-56-0,02/27/2026 01:20:09 AM,,05/30/2026,9,0,UAA-146186,UAA102A022626,02/27/2026 01:20:08 AM,,bbugvazquezuaa,bbugvazquezuaa,12 Day Expiry Rule,02/26/2026,0
IBUAA1049300,Located,="71467",BIM WHITE HAMBURGER BUNS 8P 15Z,02/27/2026 01:23:12 AM,189,189,0,02/27/2026 01:20:16 AM,FRZ-0-56-0,03/10/2026 01:36:54 PM,,05/30/2026,9,0,UAA-146186,UAA102A022626,02/27/2026 01:20:16 AM,,bbugvazquezuaa,bbugvazquezuaa,12 Day Expiry Rule,02/26/2026,0
IBUAA1049312,Located,="71467",BIM WHITE HAMBURGER BUNS 8P 15Z,02/27/2026 01:24:51 AM,189,189,0,02/27/2026 01:22:21 AM,FRZ-0-56-0,02/27/2026 01:22:22 AM,,05/30/2026,9,0,UAA-146186,UAA102A022726,02/27/2026 01:22:21 AM,,bbujdillarduaa,bbujdillarduaa,12 Day Expiry Rule,02/27/2026,0
IBUAA1049314,Located,="71467",BIM WHITE HAMBURGER BUNS 8P 15Z,02/27/2026 01:30:40 AM,189,189,0,02/27/2026 01:27:45 AM,FRZ-0-56-0,02/27/2026 01:27:46 AM,,05/30/2026,9,0,UAA-146186,UAA102A022726,02/27/2026 01:27:45 AM,,bbujdillarduaa,bbujdillarduaa,12 Day Expiry Rule,02/27/2026,0
IBUAA1049315,Located,="71467",BIM WHITE HAMBURGER BUNS 8P 15Z,02/27/2026 01:30:40 AM,189,189,0,02/27/2026 01:28:25 AM,FRZ-0-56-0,02/27/2026 01:28:26 AM,,05/30/2026,9,0,UAA-146186,UAA102A022726,02/27/2026 01:28:25 AM,,bbujdillarduaa,bbujdillarduaa,12 Day Expiry Rule,02/27/2026,0
IBUAA1049301,Located,="71467",BIM WHITE HAMBURGER BUNS 8P 15Z,02/27/2026 01:32:03 AM,189,189,0,02/27/2026 01:30:11 AM,FRZ-0-56-0,02/27/2026 01:30:12 AM,,05/30/2026,9,0,UAA-146186,UAA102A022626,02/27/2026 01:30:11 AM,,bbugvazquezuaa,bbugvazquezuaa,12 Day Expiry Rule,02/26/2026,0
IBUAA1049319,Located,="71467",BIM WHITE HAMBURGER BUNS 8P 15Z,02/27/2026 01:35:47 AM,189,189,0,02/27/2026 01:32:32 AM,FRZ-0-56-0,02/27/2026 01:32:33 AM,,05/30/2026,9,0,UAA-146186,UAA102A022726,02/27/2026 01:32:32 AM,,bbujdillarduaa,bbujdillarduaa,12 Day Expiry Rule,02/27/2026,0
IBUAA1049320,Located,="71467",BIM WHITE HAMBURGER BUNS 8P 15Z,02/27/2026 01:35:47 AM,189,189,0,02/27/2026 01:33:39 AM,FRZ-0-56-0,02/27/2026 01:33:40 AM,,05/30/2026,9,0,UAA-146186,UAA102A022726,02/27/2026 01:33:39 AM,,bbujdillarduaa,bbujdillarduaa,12 Day Expiry Rule,02/27/2026,0
IBUAA1049302,Located,="71467",BIM WHITE HAMBURGER BUNS 8P 15Z,02/27/2026 01:39:34 AM,189,189,0,02/27/2026 01:36:42 AM,FRZ-0-56-0,02/27/2026 01:36:43 AM,,05/30/2026,9,0,UAA-146186,UAA102A022626,02/27/2026 01:36:42 AM,,bbugvazquezuaa,bbujdillarduaa,12 Day Expiry Rule,02/26/2026,0
IBUAA1049303,Located,="71467",BIM WHITE HAMBURGER BUNS 8P 15Z,02/27/2026 01:39:34 AM,189,189,0,02/27/2026 01:37:26 AM,FRZ-0-56-0,02/27/2026 01:37:27 AM,,05/30/2026,9,0,UAA-146186,UAA102A022626,02/27/2026 01:37:26 AM,,bbugvazquezuaa,bbujdillarduaa,12 Day Expiry Rule,02/26/2026,0
IBUAA1049304,Located,="71467",BIM WHITE HAMBURGER BUNS 8P 15Z,02/27/2026 01:45:41 AM,189,189,0,02/27/2026 01:43:24 AM,FRZ-0-56-0,02/27/2026 01:43:25 AM,,05/30/2026,9,0,UAA-146186,UAA102A022626,02/27/2026 01:43:24 AM,,bbugvazquezuaa,bbujdillarduaa,12 Day Expiry Rule,02/26/2026,0
IBUAA1049305,Located,="71467",BIM WHITE HAMBURGER BUNS 8P 15Z,02/27/2026 01:45:41 AM,189,189,0,02/27/2026 01:43:30 AM,FRZ-0-56-0,02/27/2026 01:43:31 AM,,05/30/2026,9,0,UAA-146186,UAA102A022626,02/27/2026 01:43:30 AM,,bbugvazquezuaa,bbujdillarduaa,12 Day Expiry Rule,02/26/2026,0
IBUAA1049306,Located,="71467",BIM WHITE HAMBURGER BUNS 8P 15Z,02/27/2026 01:48:29 AM,189,189,0,02/27/2026 01:43:55 AM,FRZ-0-56-0,02/27/2026 01:43:56 AM,,05/30/2026,9,0,UAA-146186,UAA102A022626,02/27/2026 01:43:55 AM,,bbugvazquezuaa,bbujdillarduaa,12 Day Expiry Rule,02/26/2026,0
IBUAA1049324,Located,="71467",BIM WHITE HAMBURGER BUNS 8P 15Z,02/27/2026 01:51:22 AM,189,189,0,02/27/2026 01:48:12 AM,FRZ-0-56-0,02/27/2026 01:48:14 AM,,05/30/2026,9,0,UAA-146186,UAA102A022626,02/27/2026 01:48:12 AM,,bbudashuaa,bbudashuaa,12 Day Expiry Rule,02/26/2026,0
IBUAA1049326,Located,="71467",BIM WHITE HAMBURGER BUNS 8P 15Z,02/27/2026 01:51:22 AM,189,189,0,02/27/2026 01:48:23 AM,FRZ-0-56-0,02/27/2026 01:48:24 AM,,05/30/2026,9,0,UAA-146186,UAA102A022626,02/27/2026 01:48:23 AM,,bbudashuaa,bbudashuaa,12 Day Expiry Rule,02/26/2026,0
IBUAA1049331,Located,="71467",BIM WHITE HAMBURGER BUNS 8P 15Z,02/27/2026 01:57:55 AM,189,189,0,02/27/2026 01:53:40 AM,FRZ-0-56-0,02/27/2026 01:53:41 AM,,05/30/2026,9,0,UAA-146186,UAA102A022626,02/27/2026 01:53:40 AM,,bbudashuaa,bbudashuaa,12 Day Expiry Rule,02/26/2026,0
IBUAA1049392,Located,="71467",BIM WHITE HAMBURGER BUNS 8P 15Z,02/27/2026 01:57:55 AM,189,189,0,02/27/2026 01:53:45 AM,FRZ-0-56-0,02/27/2026 01:53:46 AM,,05/30/2026,9,0,UAA-146186,UAA102A022626,02/27/2026 01:53:45 AM,,bbudashuaa,bbudashuaa,12 Day Expiry Rule,02/26/2026,0
IBUAA1049373,Located,="71467",BIM WHITE HAMBURGER BUNS 8P 15Z,02/27/2026 02:03:38 AM,189,189,0,02/27/2026 01:56:24 AM,FRZ-0-56-0,02/27/2026 01:56:26 AM,,05/30/2026,9,0,UAA-146186,UAA102A022626,02/27/2026 01:56:24 AM,,bbucorncorneliusuaa,bbucorncorneliusuaa,12 Day Expiry Rule,02/26/2026,0
IBUAA1049374,Located,="71467",BIM WHITE HAMBURGER BUNS 8P 15Z,02/27/2026 02:03:38 AM,189,189,0,02/27/2026 01:57:40 AM,FRZ-0-56-0,03/10/2026 01:37:05 PM,,05/30/2026,9,0,UAA-146186,UAA102A022726,02/27/2026 01:57:40 AM,,bbucorncorneliusuaa,bbucorncorneliusuaa,12 Day Expiry Rule,02/27/2026,0
IBUAA1049412,Located,="71467",BIM WHITE HAMBURGER BUNS 8P 15Z,02/27/2026 02:03:37 AM,189,189,0,02/27/2026 01:58:27 AM,FRZ-0-56-0,02/27/2026 01:58:28 AM,,05/30/2026,9,0,UAA-146186,UAA102A022726,02/27/2026 01:58:27 AM,,bbucorncorneliusuaa,bbucorncorneliusuaa,12 Day Expiry Rule,02/27/2026,0
IBUAA1049395,Located,="71467",BIM WHITE HAMBURGER BUNS 8P 15Z,02/27/2026 02:07:56 AM,189,189,0,02/27/2026 02:04:00 AM,FRZ-0-56-0,02/27/2026 02:04:01 AM,,05/30/2026,9,0,UAA-146186,UAA102A022626,02/27/2026 02:04:00 AM,,bbudashuaa,bbujdillarduaa,12 Day Expiry Rule,02/26/2026,0
IBUAA1049396,Located,="71467",BIM WHITE HAMBURGER BUNS 8P 15Z,02/27/2026 02:07:56 AM,189,189,0,02/27/2026 02:04:06 AM,FRZ-0-56-0,02/27/2026 02:04:07 AM,,05/30/2026,9,0,UAA-146186,UAA102A022626,02/27/2026 02:04:06 AM,,bbudashuaa,bbujdillarduaa,12 Day Expiry Rule,02/26/2026,0
IBUAA1049397,Located,="71467",BIM WHITE HAMBURGER BUNS 8P 15Z,02/27/2026 02:13:55 AM,189,189,0,02/27/2026 02:10:16 AM,FRZ-0-56-0,02/27/2026 02:10:18 AM,,05/30/2026,9,0,UAA-146186,UAA102A022626,02/27/2026 02:10:16 AM,,bbugvazquezuaa,bbujdillarduaa,12 Day Expiry Rule,02/26/2026,0
IBUAA1049398,Located,="71467",BIM WHITE HAMBURGER BUNS 8P 15Z,02/27/2026 02:13:55 AM,189,189,0,02/27/2026 02:10:21 AM,FRZ-0-56-0,02/27/2026 02:10:22 AM,,05/30/2026,9,0,UAA-146186,UAA102A022626,02/27/2026 02:10:21 AM,,bbugvazquezuaa,bbujdillarduaa,12 Day Expiry Rule,02/26/2026,0
IBUAA1049399,Located,="71467",BIM WHITE HAMBURGER BUNS 8P 15Z,02/27/2026 02:13:55 AM,189,189,0,02/27/2026 02:10:24 AM,FRZ-0-56-0,02/27/2026 02:10:25 AM,,05/30/2026,9,0,UAA-146186,UAA102A022626,02/27/2026 02:10:24 AM,,bbugvazquezuaa,bbujdillarduaa,12 Day Expiry Rule,02/26/2026,0
IBUAA1049400,Located,="71467",BIM WHITE HAMBURGER BUNS 8P 15Z,02/27/2026 02:17:05 AM,189,189,0,02/27/2026 02:15:05 AM,FRZ-0-56-0,02/27/2026 02:15:06 AM,,05/30/2026,9,0,UAA-146186,UAA102A022626,02/27/2026 02:15:05 AM,,bbugvazquezuaa,bbujdillarduaa,12 Day Expiry Rule,02/26/2026,0
IBUAA1049401,Located,="71467",BIM WHITE HAMBURGER BUNS 8P 15Z,02/27/2026 02:21:11 AM,189,189,0,02/27/2026 02:17:04 AM,FRZ-0-56-0,02/27/2026 02:17:05 AM,,05/30/2026,9,0,UAA-146186,UAA102A022626,02/27/2026 02:17:04 AM,,bbugvazquezuaa,bbujdillarduaa,12 Day Expiry Rule,02/26/2026,0
IBUAA1049404,Located,="71467",BIM WHITE HAMBURGER BUNS 8P 15Z,02/27/2026 02:23:42 AM,189,189,0,02/27/2026 02:20:07 AM,FRZ-0-56-0,02/27/2026 02:20:08 AM,,05/30/2026,9,0,UAA-146186,UAA102A022626,02/27/2026 02:20:07 AM,,bbugvazquezuaa,bbujdillarduaa,12 Day Expiry Rule,02/26/2026,0
IBUAA1049405,Located,="71467",BIM WHITE HAMBURGER BUNS 8P 15Z,02/27/2026 02:23:42 AM,189,189,0,02/27/2026 02:20:12 AM,FRZ-0-56-0,02/27/2026 02:20:13 AM,,05/30/2026,9,0,UAA-146186,UAA102A022626,02/27/2026 02:20:12 AM,,bbugvazquezuaa,bbujdillarduaa,12 Day Expiry Rule,02/26/2026,0
IBUAA1049406,Located,="71467",BIM WHITE HAMBURGER BUNS 8P 15Z,02/27/2026 02:26:14 AM,189,189,0,02/27/2026 02:21:23 AM,FRZ-0-56-0,02/27/2026 02:21:25 AM,,05/30/2026,9,0,UAA-146186,UAA102A022626,02/27/2026 02:21:23 AM,,bbugvazquezuaa,bbujdillarduaa,12 Day Expiry Rule,02/26/2026,0
IBUAA1049473,Located,="71467",BIM WHITE HAMBURGER BUNS 8P 15Z,02/27/2026 02:36:26 AM,189,189,0,02/27/2026 02:33:14 AM,FRZ-0-56-0,02/27/2026 02:33:16 AM,,05/30/2026,9,0,UAA-146186,UAA102A022626,02/27/2026 02:33:14 AM,,bbugvazquezuaa,bbujdillarduaa,12 Day Expiry Rule,02/26/2026,0
IBUAA1049474,Located,="71467",BIM WHITE HAMBURGER BUNS 8P 15Z,02/27/2026 02:36:26 AM,189,189,0,02/27/2026 02:33:18 AM,FRZ-0-56-0,02/27/2026 02:33:19 AM,,05/30/2026,9,0,UAA-146186,UAA102A022626,02/27/2026 02:33:18 AM,,bbugvazquezuaa,bbujdillarduaa,12 Day Expiry Rule,02/26/2026,0
IBUAA1049475,Located,="71467",BIM WHITE HAMBURGER BUNS 8P 15Z,02/27/2026 02:36:25 AM,189,189,0,02/27/2026 02:33:20 AM,FRZ-0-56-0,02/27/2026 02:33:21 AM,,05/30/2026,9,0,UAA-146186,UAA102A022626,02/27/2026 02:33:20 AM,,bbugvazquezuaa,bbujdillarduaa,12 Day Expiry Rule,02/26/2026,0
IBUAA1049477,Located,="71467",BIM WHITE HAMBURGER BUNS 8P 15Z,02/27/2026 02:43:22 AM,189,189,0,02/27/2026 02:35:09 AM,FRZ-0-56-0,02/27/2026 02:35:10 AM,,05/30/2026,9,0,UAA-146186,UAA102A022626,02/27/2026 02:35:09 AM,,bbugvazquezuaa,bbujdillarduaa,12 Day Expiry Rule,02/26/2026,0
IBUAA1049478,Located,="71467",BIM WHITE HAMBURGER BUNS 8P 15Z,02/27/2026 02:40:09 AM,189,189,0,02/27/2026 02:35:12 AM,FRZ-0-56-0,02/27/2026 02:35:13 AM,,05/30/2026,9,0,UAA-146186,UAA102A022626,02/27/2026 02:35:12 AM,,bbugvazquezuaa,bbujdillarduaa,12 Day Expiry Rule,02/26/2026,0
IBUAA1049479,Located,="71467",BIM WHITE HAMBURGER BUNS 8P 15Z,02/27/2026 02:40:09 AM,189,189,0,02/27/2026 02:35:15 AM,FRZ-0-56-0,02/27/2026 02:35:16 AM,,05/30/2026,9,0,UAA-146186,UAA102A022626,02/27/2026 02:35:15 AM,,bbugvazquezuaa,bbujdillarduaa,12 Day Expiry Rule,02/26/2026,0
IBUAA1049480,Located,="71467",BIM WHITE HAMBURGER BUNS 8P 15Z,02/27/2026 02:40:09 AM,189,189,0,02/27/2026 02:35:34 AM,FRZ-0-56-0,02/27/2026 02:35:35 AM,,05/30/2026,9,0,UAA-146186,UAA102A022626,02/27/2026 02:35:34 AM,,bbugvazquezuaa,bbujdillarduaa,12 Day Expiry Rule,02/26/2026,0
IBUAA1049483,Located,="71467",BIM WHITE HAMBURGER BUNS 8P 15Z,02/27/2026 02:43:22 AM,189,189,0,02/27/2026 02:40:52 AM,FRZ-0-56-0,02/27/2026 02:40:53 AM,,05/30/2026,9,0,UAA-146186,UAA102A022626,02/27/2026 02:40:52 AM,,bbugvazquezuaa,bbujdillarduaa,12 Day Expiry Rule,02/26/2026,0
IBUAA1049485,Located,="71467",BIM WHITE HAMBURGER BUNS 8P 15Z,02/27/2026 02:51:01 AM,189,189,0,02/27/2026 02:45:08 AM,FRZ-0-56-0,02/27/2026 02:45:09 AM,,05/30/2026,9,0,UAA-146186,UAA102A022626,02/27/2026 02:45:08 AM,,bbugvazquezuaa,bbujdillarduaa,12 Day Expiry Rule,02/26/2026,0
IBUAA1049487,Located,="71467",BIM WHITE HAMBURGER BUNS 8P 15Z,02/27/2026 02:49:16 AM,189,189,0,02/27/2026 02:45:19 AM,FRZ-0-56-0,02/27/2026 02:45:20 AM,,05/30/2026,9,0,UAA-146186,UAA102A022626,02/27/2026 02:45:19 AM,,bbugvazquezuaa,bbujdillarduaa,12 Day Expiry Rule,02/26/2026,0
IBUAA1049488,Located,="71467",BIM WHITE HAMBURGER BUNS 8P 15Z,02/27/2026 02:49:16 AM,189,189,0,02/27/2026 02:45:22 AM,FRZ-0-56-0,02/27/2026 02:45:23 AM,,05/30/2026,9,0,UAA-146186,UAA102A022626,02/27/2026 02:45:22 AM,,bbugvazquezuaa,bbujdillarduaa,12 Day Expiry Rule,02/26/2026,0
IBUAA1049579,Located,="72562",GV WHITE HAMBURGER BUNS 8P 11Z,02/27/2026 05:37:09 AM,252,252,0,02/27/2026 05:04:33 AM,FRZ-0-57-0,03/11/2026 02:10:09 AM,TRL-0-0-6,05/30/2026,12,0,UAA-146190,UAA102A022726,02/27/2026 05:04:33 AM,,bbugvazquezuaa,bbudashuaa,9 Day Expiry Rule,02/27/2026,0
IBUAA1049580,Located,="72562",GV WHITE HAMBURGER BUNS 8P 11Z,02/27/2026 05:37:09 AM,252,252,0,02/27/2026 05:10:24 AM,FRZ-0-57-0,02/27/2026 05:10:25 AM,TRL-0-0-6,05/30/2026,12,0,UAA-146190,UAA102A022726,02/27/2026 05:10:24 AM,,bbugvazquezuaa,bbudashuaa,9 Day Expiry Rule,02/27/2026,0
IBUAA1049581,Located,="72562",GV WHITE HAMBURGER BUNS 8P 11Z,02/27/2026 05:37:09 AM,252,252,0,02/27/2026 05:10:27 AM,FRZ-0-57-0,02/27/2026 05:10:28 AM,TRL-0-0-6,05/30/2026,12,0,UAA-146190,UAA102A022726,02/27/2026 05:10:27 AM,,bbugvazquezuaa,bbudashuaa,9 Day Expiry Rule,02/27/2026,0
IBUAA1049582,Located,="72562",GV WHITE HAMBURGER BUNS 8P 11Z,02/27/2026 05:37:08 AM,252,252,0,02/27/2026 05:15:32 AM,FRZ-0-57-0,02/27/2026 05:15:33 AM,TRL-0-0-6,05/30/2026,12,0,UAA-146190,UAA102A022726,02/27/2026 05:15:32 AM,,bbugvazquezuaa,bbudashuaa,9 Day Expiry Rule,02/27/2026,0
IBUAA1049583,Located,="72562",GV WHITE HAMBURGER BUNS 8P 11Z,02/27/2026 05:37:08 AM,252,252,0,02/27/2026 05:15:35 AM,FRZ-0-57-0,02/27/2026 05:15:36 AM,TRL-0-0-6,05/30/2026,12,0,UAA-146190,UAA102A022726,02/27/2026 05:15:35 AM,,bbugvazquezuaa,bbudashuaa,9 Day Expiry Rule,02/27/2026,0
IBUAA1049584,Located,="72562",GV WHITE HAMBURGER BUNS 8P 11Z,02/27/2026 05:37:08 AM,252,252,0,02/27/2026 05:19:07 AM,FRZ-0-57-0,02/27/2026 05:19:08 AM,TRL-0-0-6,05/30/2026,12,0,UAA-146190,UAA102A022726,02/27/2026 05:19:07 AM,,bbugvazquezuaa,bbudashuaa,9 Day Expiry Rule,02/27/2026,0
IBUAA1049585,Located,="72562",GV WHITE HAMBURGER BUNS 8P 11Z,02/27/2026 05:37:08 AM,252,252,0,02/27/2026 05:19:13 AM,FRZ-0-57-0,02/27/2026 05:19:14 AM,TRL-0-0-6,05/30/2026,12,0,UAA-146190,UAA102A022726,02/27/2026 05:19:13 AM,,bbugvazquezuaa,bbudashuaa,9 Day Expiry Rule,02/27/2026,0
IBUAA1049586,Located,="72562",GV WHITE HAMBURGER BUNS 8P 11Z,02/27/2026 05:37:09 AM,252,252,0,02/27/2026 05:22:17 AM,FRZ-0-57-0,02/27/2026 05:22:18 AM,TRL-0-0-6,05/30/2026,12,0,UAA-146190,UAA102A022726,02/27/2026 05:22:17 AM,,bbugvazquezuaa,bbudashuaa,9 Day Expiry Rule,02/27/2026,0
IBUAA1049587,Located,="72562",GV WHITE HAMBURGER BUNS 8P 11Z,02/27/2026 05:37:09 AM,252,252,0,02/27/2026 05:24:33 AM,FRZ-0-57-0,02/27/2026 05:24:34 AM,TRL-0-0-6,05/30/2026,12,0,UAA-146190,UAA102A022726,02/27/2026 05:24:33 AM,,bbugvazquezuaa,bbudashuaa,9 Day Expiry Rule,02/27/2026,0
IBUAA1049588,Located,="72562",GV WHITE HAMBURGER BUNS 8P 11Z,02/27/2026 05:37:09 AM,252,252,0,02/27/2026 05:24:40 AM,FRZ-0-57-0,02/27/2026 05:24:41 AM,TRL-0-0-6,05/30/2026,12,0,UAA-146190,UAA102A022726,02/27/2026 05:24:40 AM,,bbugvazquezuaa,bbudashuaa,9 Day Expiry Rule,02/27/2026,0
IBUAA1049589,Located,="72562",GV WHITE HAMBURGER BUNS 8P 11Z,02/27/2026 05:37:09 AM,252,252,0,02/27/2026 05:27:35 AM,FRZ-0-57-0,02/27/2026 05:27:36 AM,,05/30/2026,12,0,UAA-146190,UAA102A022726,02/27/2026 05:27:35 AM,,bbugvazquezuaa,bbudashuaa,9 Day Expiry Rule,02/27/2026,0
IBUAA1049590,Located,="72562",GV WHITE HAMBURGER BUNS 8P 11Z,02/27/2026 05:42:04 AM,252,252,0,02/27/2026 05:30:33 AM,FRZ-0-57-0,02/27/2026 05:30:33 AM,,05/30/2026,12,0,UAA-146190,UAA102A022726,02/27/2026 05:30:33 AM,,bbugvazquezuaa,bbugvazquezuaa,9 Day Expiry Rule,02/27/2026,0
IBUAA1049591,Located,="72562",GV WHITE HAMBURGER BUNS 8P 11Z,02/27/2026 05:55:13 AM,252,252,0,02/27/2026 05:39:50 AM,FRZ-0-57-0,02/27/2026 05:39:51 AM,,05/30/2026,12,0,UAA-146190,UAA102A022726,02/27/2026 05:39:50 AM,,bbugvazquezuaa,bbugvazquezuaa,9 Day Expiry Rule,02/27/2026,0
IBUAA1049692,Located,="72562",GV WHITE HAMBURGER BUNS 8P 11Z,02/27/2026 05:42:04 AM,252,252,0,02/27/2026 05:39:54 AM,FRZ-0-57-0,02/27/2026 05:39:55 AM,,05/30/2026,12,0,UAA-146190,UAA102A022726,02/27/2026 05:39:54 AM,,bbugvazquezuaa,bbugvazquezuaa,9 Day Expiry Rule,02/27/2026,0
IBUAA1049693,Located,="72562",GV WHITE HAMBURGER BUNS 8P 11Z,02/27/2026 05:42:04 AM,252,252,0,02/27/2026 05:39:59 AM,FRZ-0-57-0,02/27/2026 05:39:59 AM,,05/30/2026,12,0,UAA-146190,UAA102A022726,02/27/2026 05:39:59 AM,,bbugvazquezuaa,bbugvazquezuaa,9 Day Expiry Rule,02/27/2026,0
IBUAA1049694,Located,="72562",GV WHITE HAMBURGER BUNS 8P 11Z,02/27/2026 05:55:13 AM,252,252,0,02/27/2026 05:49:45 AM,FRZ-0-57-0,02/27/2026 05:49:46 AM,,05/30/2026,12,0,UAA-146190,UAA102A022726,02/27/2026 05:49:45 AM,,bbugvazquezuaa,bbugvazquezuaa,9 Day Expiry Rule,02/27/2026,0
IBUAA1049695,Located,="72562",GV WHITE HAMBURGER BUNS 8P 11Z,02/27/2026 05:55:13 AM,252,252,0,02/27/2026 05:49:49 AM,FRZ-0-57-0,02/27/2026 05:49:50 AM,,05/30/2026,12,0,UAA-146190,UAA102A022726,02/27/2026 05:49:49 AM,,bbugvazquezuaa,bbugvazquezuaa,9 Day Expiry Rule,02/27/2026,0
IBUAA1049696,Located,="72562",GV WHITE HAMBURGER BUNS 8P 11Z,02/27/2026 05:55:13 AM,252,252,0,02/27/2026 05:49:52 AM,FRZ-0-57-0,02/27/2026 05:49:52 AM,,05/30/2026,12,0,UAA-146190,UAA102A022726,02/27/2026 05:49:52 AM,,bbugvazquezuaa,bbugvazquezuaa,9 Day Expiry Rule,02/27/2026,0
IBUAA1049697,Located,="72562",GV WHITE HAMBURGER BUNS 8P 11Z,02/27/2026 05:55:13 AM,252,252,0,02/27/2026 05:49:54 AM,FRZ-0-57-0,02/27/2026 05:49:55 AM,,05/30/2026,12,0,UAA-146190,UAA102A022726,02/27/2026 05:49:54 AM,,bbugvazquezuaa,bbugvazquezuaa,9 Day Expiry Rule,02/27/2026,0
IBUAA1049698,Located,="72562",GV WHITE HAMBURGER BUNS 8P 11Z,02/27/2026 05:55:13 AM,252,252,0,02/27/2026 05:50:18 AM,FRZ-0-57-0,02/27/2026 05:50:18 AM,,05/30/2026,12,0,UAA-146190,UAA102A022726,02/27/2026 05:50:18 AM,,bbugvazquezuaa,bbugvazquezuaa,9 Day Expiry Rule,02/27/2026,0
IBUAA1049699,Located,="72562",GV WHITE HAMBURGER BUNS 8P 11Z,02/27/2026 05:55:13 AM,252,252,0,02/27/2026 05:50:23 AM,FRZ-0-57-0,02/27/2026 05:50:24 AM,,05/30/2026,12,0,UAA-146190,UAA102A022726,02/27/2026 05:50:23 AM,,bbugvazquezuaa,bbugvazquezuaa,9 Day Expiry Rule,02/27/2026,0
IBUAA1049447,Located,="72562",GV WHITE HAMBURGER BUNS 8P 11Z,02/27/2026 07:07:03 AM,252,252,0,02/27/2026 06:05:54 AM,FRZ-0-57-0,02/27/2026 07:03:41 AM,DOCK-0-0-6,05/30/2026,12,0,UAA-146190,UAA102A022726,02/27/2026 06:05:54 AM,,bbujkovachuaa,bbuocoxuaa,9 Day Expiry Rule,02/27/2026,0
IBUAA1049448,Located,="72562",GV WHITE HAMBURGER BUNS 8P 11Z,02/27/2026 07:07:03 AM,252,252,0,02/27/2026 06:06:14 AM,FRZ-0-57-0,02/27/2026 07:03:38 AM,DOCK-0-0-6,05/30/2026,12,0,UAA-146190,UAA102A022726,02/27/2026 06:06:14 AM,,bbujkovachuaa,bbuocoxuaa,9 Day Expiry Rule,02/27/2026,0
IBUAA1049712,Located,="72562",GV WHITE HAMBURGER BUNS 8P 11Z,02/27/2026 07:51:30 AM,252,252,0,02/27/2026 06:09:24 AM,FRZ-0-57-0,02/27/2026 07:49:39 AM,DOCK-0-0-6,05/30/2026,12,0,UAA-146190,UAA102A022726,02/27/2026 06:09:24 AM,,bbupreiduaa,bbualewisuaa,9 Day Expiry Rule,02/27/2026,0
IBUAA1049713,Located,="72562",GV WHITE HAMBURGER BUNS 8P 11Z,02/27/2026 07:51:30 AM,252,252,0,02/27/2026 06:09:40 AM,FRZ-0-57-0,02/27/2026 07:49:40 AM,DOCK-0-0-6,05/30/2026,12,0,UAA-146190,UAA102A022726,02/27/2026 06:09:40 AM,,bbupreiduaa,bbualewisuaa,9 Day Expiry Rule,02/27/2026,0
IBUAA1049714,Located,="72562",GV WHITE HAMBURGER BUNS 8P 11Z,02/27/2026 07:51:30 AM,252,252,0,02/27/2026 06:09:55 AM,FRZ-0-57-0,02/27/2026 07:49:42 AM,DOCK-0-0-6,05/30/2026,12,0,UAA-146190,UAA102A022726,02/27/2026 06:09:55 AM,,bbupreiduaa,bbualewisuaa,9 Day Expiry Rule,02/27/2026,0
IBUAA1049715,Located,="72562",GV WHITE HAMBURGER BUNS 8P 11Z,02/27/2026 07:51:30 AM,252,252,0,02/27/2026 06:10:04 AM,FRZ-0-57-0,02/27/2026 07:49:42 AM,DOCK-0-0-6,05/30/2026,12,0,UAA-146190,UAA102A022726,02/27/2026 06:10:04 AM,,bbupreiduaa,bbualewisuaa,9 Day Expiry Rule,02/27/2026,0
IBUAA1049752,Located,="72562",GV WHITE HAMBURGER BUNS 8P 11Z,02/27/2026 07:07:02 AM,252,252,0,02/27/2026 06:17:02 AM,FRZ-0-57-0,02/27/2026 07:03:36 AM,DOCK-0-0-6,05/30/2026,12,0,UAA-146190,UAA102A022726,02/27/2026 06:17:02 AM,,bbujkovachuaa,bbuocoxuaa,9 Day Expiry Rule,02/27/2026,0
IBUAA1049753,Located,="72562",GV WHITE HAMBURGER BUNS 8P 11Z,02/27/2026 07:07:03 AM,252,252,0,02/27/2026 06:17:16 AM,FRZ-0-57-0,02/27/2026 07:03:37 AM,DOCK-0-0-6,05/30/2026,12,0,UAA-146190,UAA102A022726,02/27/2026 06:17:16 AM,,bbujkovachuaa,bbuocoxuaa,9 Day Expiry Rule,02/27/2026,0
IBUAA1049451,Located,="72562",GV WHITE HAMBURGER BUNS 8P 11Z,02/27/2026 07:51:30 AM,252,252,0,02/27/2026 06:22:08 AM,FRZ-0-57-0,02/27/2026 07:49:39 AM,DOCK-0-0-6,05/30/2026,12,0,UAA-146190,UAA102A022726,02/27/2026 06:22:08 AM,,bbupreiduaa,bbualewisuaa,9 Day Expiry Rule,02/27/2026,0
IBUAA1049773,Located,="72562",GV WHITE HAMBURGER BUNS 8P 11Z,02/27/2026 07:51:30 AM,252,252,0,02/27/2026 06:22:18 AM,FRZ-0-57-0,02/27/2026 07:49:43 AM,DOCK-0-0-6,05/30/2026,12,0,UAA-146190,UAA102A022726,02/27/2026 06:22:18 AM,,bbupreiduaa,bbualewisuaa,9 Day Expiry Rule,02/27/2026,0
IBUAA1049774,Located,="72562",GV WHITE HAMBURGER BUNS 8P 11Z,02/27/2026 07:51:30 AM,252,252,0,02/27/2026 06:22:32 AM,FRZ-0-57-0,02/27/2026 07:49:43 AM,DOCK-0-0-6,05/30/2026,12,0,UAA-146190,UAA102A022726,02/27/2026 06:22:32 AM,,bbupreiduaa,bbualewisuaa,9 Day Expiry Rule,02/27/2026,0
IBUAA1049780,Located,="72562",GV WHITE HAMBURGER BUNS 8P 11Z,02/27/2026 07:51:30 AM,252,252,0,02/27/2026 06:28:35 AM,FRZ-0-57-0,02/27/2026 07:49:41 AM,DOCK-0-0-6,05/30/2026,12,0,UAA-146190,UAA102A022726,02/27/2026 06:28:35 AM,,bbupreiduaa,bbualewisuaa,9 Day Expiry Rule,02/27/2026,0
IBUAA1049755,Located,="72562",GV WHITE HAMBURGER BUNS 8P 11Z,02/27/2026 07:07:03 AM,252,252,0,02/27/2026 06:29:43 AM,FRZ-0-57-0,02/27/2026 07:03:39 AM,DOCK-0-0-6,05/30/2026,12,0,UAA-146190,UAA102A022726,02/27/2026 06:29:43 AM,,bbujkovachuaa,bbuocoxuaa,9 Day Expiry Rule,02/27/2026,0
IBUAA1049756,Located,="72562",GV WHITE HAMBURGER BUNS 8P 11Z,02/27/2026 07:07:03 AM,252,252,0,02/27/2026 06:29:48 AM,FRZ-0-57-0,02/27/2026 07:03:42 AM,DOCK-0-0-6,05/30/2026,12,0,UAA-146190,UAA102A022726,02/27/2026 06:29:48 AM,,bbujkovachuaa,bbuocoxuaa,9 Day Expiry Rule,02/27/2026,0
IBUAA1049784,Located,="72562",GV WHITE HAMBURGER BUNS 8P 11Z,02/27/2026 07:51:29 AM,252,252,0,02/27/2026 06:33:23 AM,FRZ-0-57-0,02/27/2026 07:49:44 AM,DOCK-0-0-6,05/30/2026,12,0,UAA-146190,UAA102A022726,02/27/2026 06:33:23 AM,,bbupreiduaa,bbualewisuaa,9 Day Expiry Rule,02/27/2026,0
IBUAA1049785,Located,="72562",GV WHITE HAMBURGER BUNS 8P 11Z,02/27/2026 07:51:31 AM,252,252,0,02/27/2026 06:33:30 AM,FRZ-0-57-0,02/27/2026 07:49:37 AM,DOCK-0-0-6,05/30/2026,12,0,UAA-146190,UAA102A022726,02/27/2026 06:33:30 AM,,bbupreiduaa,bbualewisuaa,9 Day Expiry Rule,02/27/2026,0
IBUAA1049757,Located,="72562",GV WHITE HAMBURGER BUNS 8P 11Z,02/27/2026 07:07:03 AM,252,252,0,02/27/2026 06:39:49 AM,FRZ-0-57-0,02/27/2026 07:03:43 AM,DOCK-0-0-6,05/30/2026,12,0,UAA-146190,UAA102A022726,02/27/2026 06:39:49 AM,,bbujkovachuaa,bbuocoxuaa,9 Day Expiry Rule,02/27/2026,0
IBUAA1049758,Located,="72562",GV WHITE HAMBURGER BUNS 8P 11Z,02/27/2026 07:07:02 AM,252,252,0,02/27/2026 06:39:58 AM,FRZ-0-57-0,02/27/2026 07:03:35 AM,DOCK-0-0-6,05/30/2026,12,0,UAA-146190,UAA102A022726,02/27/2026 06:39:58 AM,,bbujkovachuaa,bbuocoxuaa,9 Day Expiry Rule,02/27/2026,0
IBUAA1049759,Located,="72562",GV WHITE HAMBURGER BUNS 8P 11Z,02/27/2026 06:57:20 AM,252,252,0,02/27/2026 06:46:56 AM,FRZ-0-57-0,02/27/2026 06:46:57 AM,,05/30/2026,12,0,UAA-146190,UAA102A022726,02/27/2026 06:46:56 AM,,bbujkovachuaa,bbujkovachuaa,9 Day Expiry Rule,02/27/2026,0
IBUAA1049760,Located,="72562",GV WHITE HAMBURGER BUNS 8P 11Z,02/27/2026 06:52:00 AM,252,252,0,02/27/2026 06:47:02 AM,FRZ-0-57-0,02/27/2026 06:47:03 AM,,05/30/2026,12,0,UAA-146190,UAA102A022726,02/27/2026 06:47:02 AM,,bbujkovachuaa,bbujkovachuaa,9 Day Expiry Rule,02/27/2026,0
IBUAA1049761,Located,="72562",GV WHITE HAMBURGER BUNS 8P 11Z,02/27/2026 06:52:00 AM,252,252,0,02/27/2026 06:47:12 AM,FRZ-0-57-0,02/27/2026 06:47:13 AM,,05/30/2026,12,0,UAA-146190,UAA102A022726,02/27/2026 06:47:12 AM,,bbujkovachuaa,bbujkovachuaa,9 Day Expiry Rule,02/27/2026,0
IBUAA1049762,Located,="72562",GV WHITE HAMBURGER BUNS 8P 11Z,02/27/2026 06:52:00 AM,252,252,0,02/27/2026 06:47:27 AM,FRZ-0-57-0,02/27/2026 06:47:28 AM,,05/30/2026,12,0,UAA-146190,UAA102A022726,02/27/2026 06:47:27 AM,,bbujkovachuaa,bbujkovachuaa,9 Day Expiry Rule,02/27/2026,0
IBUAA1049763,Located,="72562",GV WHITE HAMBURGER BUNS 8P 11Z,02/27/2026 06:52:00 AM,252,252,0,02/27/2026 06:47:35 AM,FRZ-0-57-0,02/27/2026 06:47:35 AM,,05/30/2026,12,0,UAA-146190,UAA102A022726,02/27/2026 06:47:35 AM,,bbujkovachuaa,bbujkovachuaa,9 Day Expiry Rule,02/27/2026,0
IBUAA1049764,Located,="72562",GV WHITE HAMBURGER BUNS 8P 11Z,02/27/2026 06:52:00 AM,252,252,0,02/27/2026 06:47:41 AM,FRZ-0-57-0,02/27/2026 06:47:42 AM,,05/30/2026,12,0,UAA-146190,UAA102A022726,02/27/2026 06:47:41 AM,,bbujkovachuaa,bbujkovachuaa,9 Day Expiry Rule,02/27/2026,0
IBUAA1049765,Located,="72562",GV WHITE HAMBURGER BUNS 8P 11Z,02/27/2026 06:52:00 AM,252,252,0,02/27/2026 06:47:49 AM,FRZ-0-57-0,02/27/2026 06:47:50 AM,,05/30/2026,12,0,UAA-146190,UAA102A022726,02/27/2026 06:47:49 AM,,bbujkovachuaa,bbujkovachuaa,9 Day Expiry Rule,02/27/2026,0
IBUAA1049766,Located,="72562",GV WHITE HAMBURGER BUNS 8P 11Z,02/27/2026 06:57:20 AM,252,252,0,02/27/2026 06:54:31 AM,FRZ-0-57-0,02/27/2026 06:54:32 AM,,05/30/2026,12,0,UAA-146190,UAA102A022726,02/27/2026 06:54:31 AM,,bbujkovachuaa,bbujkovachuaa,9 Day Expiry Rule,02/27/2026,0
IBUAA1049790,Located,="72562",GV WHITE HAMBURGER BUNS 8P 11Z,02/27/2026 07:51:31 AM,252,252,0,02/27/2026 06:55:50 AM,FRZ-0-57-0,02/27/2026 07:49:36 AM,DOCK-0-0-6,05/30/2026,12,0,UAA-146190,UAA102A022726,02/27/2026 06:55:50 AM,,bbupreiduaa,bbualewisuaa,9 Day Expiry Rule,02/27/2026,0
IBUAA1049791,Located,="72562",GV WHITE HAMBURGER BUNS 8P 11Z,02/27/2026 07:51:31 AM,252,252,0,02/27/2026 06:56:02 AM,FRZ-0-57-0,02/27/2026 07:49:37 AM,DOCK-0-0-6,05/30/2026,12,0,UAA-146190,UAA102A022726,02/27/2026 06:56:02 AM,,bbupreiduaa,bbualewisuaa,9 Day Expiry Rule,02/27/2026,0
IBUAA1049812,Located,="72562",GV WHITE HAMBURGER BUNS 8P 11Z,02/27/2026 07:51:30 AM,252,252,0,02/27/2026 06:56:13 AM,FRZ-0-57-0,02/27/2026 07:49:38 AM,DOCK-0-0-6,05/30/2026,12,0,UAA-146190,UAA102A022726,02/27/2026 06:56:13 AM,,bbupreiduaa,bbualewisuaa,9 Day Expiry Rule,02/27/2026,0
IBUAA1049813,Located,="72562",GV WHITE HAMBURGER BUNS 8P 11Z,02/27/2026 07:14:14 AM,252,252,0,02/27/2026 06:56:22 AM,FRZ-0-57-0,02/27/2026 06:56:22 AM,,05/30/2026,12,0,UAA-146190,UAA102A022726,02/27/2026 06:56:22 AM,,bbupreiduaa,bbupreiduaa,9 Day Expiry Rule,02/27/2026,0
IBUAA1049814,Located,="72562",GV WHITE HAMBURGER BUNS 8P 11Z,02/27/2026 07:51:30 AM,252,252,0,02/27/2026 06:56:30 AM,FRZ-0-57-0,02/27/2026 07:49:40 AM,DOCK-0-0-6,05/30/2026,12,0,UAA-146190,UAA102A022726,02/27/2026 06:56:30 AM,,bbupreiduaa,bbualewisuaa,9 Day Expiry Rule,02/27/2026,0
IBUAA1049815,Located,="72562",GV WHITE HAMBURGER BUNS 8P 11Z,02/27/2026 07:51:30 AM,252,252,0,02/27/2026 06:56:37 AM,FRZ-0-57-0,02/27/2026 07:49:41 AM,DOCK-0-0-6,05/30/2026,12,0,UAA-146190,UAA102A022726,02/27/2026 06:56:37 AM,,bbupreiduaa,bbualewisuaa,9 Day Expiry Rule,02/27/2026,0
IBUAA1049768,Located,="72562",GV WHITE HAMBURGER BUNS 8P 11Z,02/27/2026 07:09:26 AM,252,252,0,02/27/2026 07:05:49 AM,FRZ-0-57-0,02/27/2026 07:05:49 AM,,05/30/2026,12,0,UAA-146190,UAA102A022726,02/27/2026 07:05:49 AM,,bbujkovachuaa,bbuocoxuaa,9 Day Expiry Rule,02/27/2026,0
IBUAA1049769,Located,="72562",GV WHITE HAMBURGER BUNS 8P 11Z,02/27/2026 07:09:26 AM,252,252,0,02/27/2026 07:05:57 AM,FRZ-0-57-0,02/27/2026 07:05:58 AM,,05/30/2026,12,0,UAA-146190,UAA102A022726,02/27/2026 07:05:57 AM,,bbujkovachuaa,bbuocoxuaa,9 Day Expiry Rule,02/27/2026,0
IBUAA1049770,Located,="72562",GV WHITE HAMBURGER BUNS 8P 11Z,02/27/2026 07:09:26 AM,252,252,0,02/27/2026 07:06:05 AM,FRZ-0-57-0,02/27/2026 07:06:06 AM,,05/30/2026,12,0,UAA-146190,UAA102A022726,02/27/2026 07:06:05 AM,,bbujkovachuaa,bbuocoxuaa,9 Day Expiry Rule,02/27/2026,0
IBUAA1049832,Located,="72562",GV WHITE HAMBURGER BUNS 8P 11Z,02/27/2026 07:14:14 AM,252,252,0,02/27/2026 07:10:25 AM,FRZ-0-57-0,02/27/2026 07:10:27 AM,,05/30/2026,12,0,UAA-146190,UAA102A022726,02/27/2026 07:10:25 AM,,bbupreiduaa,bbupreiduaa,9 Day Expiry Rule,02/27/2026,0
IBUAA1049833,Located,="72562",GV WHITE HAMBURGER BUNS 8P 11Z,02/27/2026 07:14:14 AM,252,252,0,02/27/2026 07:10:35 AM,FRZ-0-57-0,02/27/2026 07:10:36 AM,,05/30/2026,12,0,UAA-146190,UAA102A022726,02/27/2026 07:10:35 AM,,bbupreiduaa,bbupreiduaa,9 Day Expiry Rule,02/27/2026,0
IBUAA1049771,Located,="72562",GV WHITE HAMBURGER BUNS 8P 11Z,02/27/2026 07:28:01 AM,252,252,0,02/27/2026 07:13:14 AM,FRZ-0-57-0,02/27/2026 07:13:15 AM,,05/30/2026,12,0,UAA-146190,UAA102A022726,02/27/2026 07:13:14 AM,,bbujkovachuaa,bbujkovachuaa,9 Day Expiry Rule,02/27/2026,0
IBUAA1049852,Located,="72562",GV WHITE HAMBURGER BUNS 8P 11Z,02/27/2026 07:28:02 AM,252,252,0,02/27/2026 07:13:23 AM,FRZ-0-57-0,02/27/2026 07:13:24 AM,,05/30/2026,12,0,UAA-146190,UAA102A022726,02/27/2026 07:13:23 AM,,bbujkovachuaa,bbujkovachuaa,9 Day Expiry Rule,02/27/2026,0
IBUAA1049834,Located,="72562",GV WHITE HAMBURGER BUNS 8P 11Z,02/27/2026 07:18:15 AM,252,252,0,02/27/2026 07:15:27 AM,FRZ-0-57-0,02/27/2026 07:15:28 AM,,05/30/2026,12,0,UAA-146190,UAA102A022726,02/27/2026 07:15:27 AM,,bbupreiduaa,bbupreiduaa,9 Day Expiry Rule,02/27/2026,0
IBUAA1049835,Located,="72562",GV WHITE HAMBURGER BUNS 8P 11Z,02/27/2026 07:18:16 AM,252,252,0,02/27/2026 07:15:34 AM,FRZ-0-57-0,02/27/2026 07:15:35 AM,,05/30/2026,12,0,UAA-146190,UAA102A022726,02/27/2026 07:15:34 AM,,bbupreiduaa,bbupreiduaa,9 Day Expiry Rule,02/27/2026,0
IBUAA1049719,Located,="72562",GV WHITE HAMBURGER BUNS 8P 11Z,02/27/2026 07:29:27 AM,252,252,0,02/27/2026 07:26:22 AM,FRZ-0-57-0,02/27/2026 07:26:24 AM,,05/30/2026,12,0,UAA-146190,UAA102A022726,02/27/2026 07:26:22 AM,,bbupreiduaa,bbupreiduaa,9 Day Expiry Rule,02/27/2026,0
IBUAA1049720,Located,="72562",GV WHITE HAMBURGER BUNS 8P 11Z,02/27/2026 07:29:27 AM,252,252,0,02/27/2026 07:26:31 AM,FRZ-0-57-0,02/27/2026 07:26:32 AM,,05/30/2026,12,0,UAA-146190,UAA102A022726,02/27/2026 07:26:31 AM,,bbupreiduaa,bbupreiduaa,9 Day Expiry Rule,02/27/2026,0
IBUAA1049721,Located,="72562",GV WHITE HAMBURGER BUNS 8P 11Z,02/27/2026 07:35:44 AM,252,252,0,02/27/2026 07:26:37 AM,FRZ-0-57-0,02/27/2026 07:26:38 AM,,05/30/2026,12,0,UAA-146190,UAA102A022726,02/27/2026 07:26:37 AM,,bbupreiduaa,bbupreiduaa,9 Day Expiry Rule,02/27/2026,0
IBUAA1049722,Located,="72562",GV WHITE HAMBURGER BUNS 8P 11Z,02/27/2026 08:45:21 AM,252,252,0,02/27/2026 07:32:10 AM,FRZ-0-57-0,02/27/2026 08:45:47 AM,,05/30/2026,12,0,UAA-146190,UAA102A022726,02/27/2026 07:32:10 AM,,bbupreiduaa,bbuamurillouaa,9 Day Expiry Rule,02/27/2026,0
IBUAA1049854,Located,="72562",GV WHITE HAMBURGER BUNS 8P 11Z,02/27/2026 07:36:39 AM,252,252,0,02/27/2026 07:32:13 AM,FRZ-0-57-0,02/27/2026 07:32:14 AM,,05/30/2026,12,0,UAA-146190,UAA102A022726,02/27/2026 07:32:13 AM,,bbujkovachuaa,bbujkovachuaa,9 Day Expiry Rule,02/27/2026,0
IBUAA1049855,Located,="72562",GV WHITE HAMBURGER BUNS 8P 11Z,02/27/2026 07:36:39 AM,252,252,0,02/27/2026 07:32:26 AM,FRZ-0-57-0,02/27/2026 07:32:27 AM,,05/30/2026,12,0,UAA-146190,UAA102A022726,02/27/2026 07:32:26 AM,,bbujkovachuaa,bbujkovachuaa,9 Day Expiry Rule,02/27/2026,0
IBUAA1049856,Located,="72562",GV WHITE HAMBURGER BUNS 8P 11Z,02/27/2026 07:36:39 AM,252,252,0,02/27/2026 07:32:33 AM,FRZ-0-57-0,02/27/2026 07:32:33 AM,,05/30/2026,12,0,UAA-146190,UAA102A022726,02/27/2026 07:32:33 AM,,bbujkovachuaa,bbujkovachuaa,9 Day Expiry Rule,02/27/2026,0
IBUAA1049725,Located,="72562",GV WHITE HAMBURGER BUNS 8P 11Z,02/27/2026 07:39:39 AM,252,252,0,02/27/2026 07:38:14 AM,FRZ-0-57-0,02/27/2026 07:38:14 AM,,05/30/2026,12,0,UAA-146190,UAA102A022726,02/27/2026 07:38:14 AM,,bbupreiduaa,bbupreiduaa,9 Day Expiry Rule,02/27/2026,0
IBUAA1049860,Located,="72562",GV WHITE HAMBURGER BUNS 8P 11Z,02/27/2026 07:56:24 AM,252,252,0,02/27/2026 07:47:54 AM,FRZ-0-57-0,02/27/2026 07:47:55 AM,,05/30/2026,12,0,UAA-146190,UAA102A022726,02/27/2026 07:47:54 AM,,bbujkovachuaa,bbujkovachuaa,9 Day Expiry Rule,02/27/2026,0
IBUAA1049861,Located,="72562",GV WHITE HAMBURGER BUNS 8P 11Z,02/27/2026 07:50:56 AM,252,252,0,02/27/2026 07:48:15 AM,FRZ-0-57-0,02/27/2026 07:48:16 AM,,05/30/2026,12,0,UAA-146190,UAA102A022726,02/27/2026 07:48:15 AM,,bbujkovachuaa,bbujkovachuaa,9 Day Expiry Rule,02/27/2026,0
IBUAA1049728,Located,="72562",GV WHITE HAMBURGER BUNS 8P 11Z,02/27/2026 07:52:17 AM,252,252,0,02/27/2026 07:48:27 AM,FRZ-0-57-0,02/27/2026 07:48:28 AM,,05/30/2026,12,0,UAA-146190,UAA102A022726,02/27/2026 07:48:27 AM,,bbublopezruaa,bbublopezruaa,9 Day Expiry Rule,02/27/2026,0
IBUAA1049729,Located,="72562",GV WHITE HAMBURGER BUNS 8P 11Z,02/27/2026 07:52:17 AM,252,252,0,02/27/2026 07:48:34 AM,FRZ-0-57-0,02/27/2026 07:48:35 AM,,05/30/2026,12,0,UAA-146190,UAA102A022726,02/27/2026 07:48:34 AM,,bbublopezruaa,bbublopezruaa,9 Day Expiry Rule,02/27/2026,0
IBUAA1049730,Located,="72562",GV WHITE HAMBURGER BUNS 8P 11Z,02/27/2026 07:51:13 AM,252,252,0,02/27/2026 07:48:42 AM,FRZ-0-57-0,02/27/2026 07:48:43 AM,,05/30/2026,12,0,UAA-146190,UAA102A022726,02/27/2026 07:48:42 AM,,bbublopezruaa,bbublopezruaa,9 Day Expiry Rule,02/27/2026,0
IBUAA1049731,Located,="72562",GV WHITE HAMBURGER BUNS 8P 11Z,02/27/2026 07:51:13 AM,252,252,0,02/27/2026 07:48:52 AM,FRZ-0-57-0,02/27/2026 07:48:53 AM,,05/30/2026,12,0,UAA-146190,UAA102A022726,02/27/2026 07:48:52 AM,,bbublopezruaa,bbublopezruaa,9 Day Expiry Rule,02/27/2026,0
IBUAA1049842,Located,="72562",GV WHITE HAMBURGER BUNS 8P 11Z,02/27/2026 08:00:50 AM,252,252,0,02/27/2026 07:58:27 AM,FRZ-0-57-0,02/27/2026 07:58:29 AM,,05/30/2026,12,0,UAA-146190,UAA102A022726,02/27/2026 07:58:27 AM,,bbujkovachuaa,bbublopezruaa,9 Day Expiry Rule,02/27/2026,0
IBUAA1049843,Located,="72562",GV WHITE HAMBURGER BUNS 8P 11Z,02/27/2026 08:00:50 AM,252,252,0,02/27/2026 07:58:35 AM,FRZ-0-57-0,02/27/2026 07:58:36 AM,,05/30/2026,12,0,UAA-146190,UAA102A022726,02/27/2026 07:58:35 AM,,bbujkovachuaa,bbublopezruaa,9 Day Expiry Rule,02/27/2026,0
IBUAA1049845,Located,="72562",GV WHITE HAMBURGER BUNS 8P 11Z,02/27/2026 08:03:04 AM,252,252,0,02/27/2026 07:59:43 AM,FRZ-0-57-0,02/27/2026 07:59:44 AM,,05/30/2026,12,0,UAA-146190,UAA102A022726,02/27/2026 07:59:43 AM,,bbujkovachuaa,bbujkovachuaa,9 Day Expiry Rule,02/27/2026,0
IBUAA1049846,Located,="72562",GV WHITE HAMBURGER BUNS 8P 11Z,02/27/2026 08:03:04 AM,252,252,0,02/27/2026 07:59:51 AM,FRZ-0-57-0,02/27/2026 07:59:52 AM,,05/30/2026,12,0,UAA-146190,UAA102A022726,02/27/2026 07:59:51 AM,,bbujkovachuaa,bbujkovachuaa,9 Day Expiry Rule,02/27/2026,0
IBUAA1049865,Located,="72562",GV WHITE HAMBURGER BUNS 8P 11Z,02/27/2026 08:07:33 AM,252,252,0,02/27/2026 08:05:51 AM,FRZ-0-57-0,02/27/2026 08:05:53 AM,,05/30/2026,12,0,UAA-146190,UAA102A022726,02/27/2026 08:05:51 AM,,bbujcolemanuaa,bbujcolemanuaa,9 Day Expiry Rule,02/27/2026,0
IBUAA1049866,Located,="72562",GV WHITE HAMBURGER BUNS 8P 11Z,02/27/2026 08:07:33 AM,252,252,0,02/27/2026 08:06:03 AM,FRZ-0-57-0,02/27/2026 08:06:04 AM,,05/30/2026,12,0,UAA-146190,UAA102A022726,02/27/2026 08:06:03 AM,,bbujcolemanuaa,bbujcolemanuaa,9 Day Expiry Rule,02/27/2026,0
IBUAA1049912,Located,="72562",GV WHITE HAMBURGER BUNS 8P 11Z,02/27/2026 08:10:40 AM,252,252,0,02/27/2026 08:09:19 AM,FRZ-0-57-0,02/27/2026 08:09:20 AM,,05/30/2026,12,0,UAA-146190,UAA102A022726,02/27/2026 08:09:19 AM,,bbujcolemanuaa,bbujcolemanuaa,9 Day Expiry Rule,02/27/2026,0
IBUAA1049914,Located,="72562",GV WHITE HAMBURGER BUNS 8P 11Z,02/27/2026 08:14:27 AM,252,252,0,02/27/2026 08:11:40 AM,FRZ-0-57-0,02/27/2026 08:11:41 AM,,05/30/2026,12,0,UAA-146190,UAA102A022726,02/27/2026 08:11:40 AM,,bbujcolemanuaa,bbujcolemanuaa,9 Day Expiry Rule,02/27/2026,0
IBUAA1049915,Located,="72562",GV WHITE HAMBURGER BUNS 8P 11Z,02/27/2026 08:14:27 AM,252,252,0,02/27/2026 08:11:48 AM,FRZ-0-57-0,02/27/2026 08:11:49 AM,,05/30/2026,12,0,UAA-146190,UAA102A022726,02/27/2026 08:11:48 AM,,bbujcolemanuaa,bbujcolemanuaa,9 Day Expiry Rule,02/27/2026,0
IBUAA1049849,Located,="72562",GV WHITE HAMBURGER BUNS 8P 11Z,02/27/2026 08:25:42 AM,252,252,0,02/27/2026 08:15:39 AM,FRZ-0-58-0,02/27/2026 08:15:41 AM,,05/30/2026,12,0,UAA-146190,UAA102A022726,02/27/2026 08:15:39 AM,,bbupreiduaa,bbupreiduaa,9 Day Expiry Rule,02/27/2026,0
IBUAA1049850,Located,="72562",GV WHITE HAMBURGER BUNS 8P 11Z,02/27/2026 08:19:52 AM,252,252,0,02/27/2026 08:15:48 AM,FRZ-0-57-0,02/27/2026 08:15:49 AM,,05/30/2026,12,0,UAA-146190,UAA102A022726,02/27/2026 08:15:48 AM,,bbupreiduaa,bbupreiduaa,9 Day Expiry Rule,02/27/2026,0
IBUAA1049851,Located,="72562",GV WHITE HAMBURGER BUNS 8P 11Z,02/27/2026 08:19:52 AM,252,252,0,02/27/2026 08:15:54 AM,FRZ-0-57-0,02/27/2026 08:15:55 AM,,05/30/2026,12,0,UAA-146190,UAA102A022726,02/27/2026 08:15:54 AM,,bbupreiduaa,bbupreiduaa,9 Day Expiry Rule,02/27/2026,0
IBUAA1049919,Located,="72562",GV WHITE HAMBURGER BUNS 8P 11Z,02/27/2026 08:20:19 AM,252,252,0,02/27/2026 08:16:54 AM,FRZ-0-57-0,02/27/2026 08:16:55 AM,,05/30/2026,12,0,UAA-146190,UAA102A022726,02/27/2026 08:16:54 AM,,bbujcolemanuaa,bbujcolemanuaa,9 Day Expiry Rule,02/27/2026,0
IBUAA1049827,Located,="72562",GV WHITE HAMBURGER BUNS 8P 11Z,02/27/2026 08:25:06 AM,252,252,0,02/27/2026 08:23:13 AM,FRZ-0-57-0,02/27/2026 08:23:15 AM,,05/30/2026,12,0,UAA-146190,UAA102A022726,02/27/2026 08:23:13 AM,,bbupreiduaa,bbupreiduaa,9 Day Expiry Rule,02/27/2026,0
IBUAA1049935,Located,="72562",GV WHITE HAMBURGER BUNS 8P 11Z,02/27/2026 08:37:11 AM,252,252,0,02/27/2026 08:32:44 AM,FRZ-0-58-0,02/27/2026 08:32:47 AM,,05/30/2026,12,0,UAA-146189,UAA102A022726,02/27/2026 08:32:44 AM,,bbujkovachuaa,bbujkovachuaa,9 Day Expiry Rule,02/27/2026,0
IBUAA1049936,Located,="72562",GV WHITE HAMBURGER BUNS 8P 11Z,02/27/2026 08:37:11 AM,252,252,0,02/27/2026 08:32:58 AM,FRZ-0-58-0,02/27/2026 08:32:59 AM,,05/30/2026,12,0,UAA-146189,UAA102A022726,02/27/2026 08:32:58 AM,,bbujkovachuaa,bbujkovachuaa,9 Day Expiry Rule,02/27/2026,0
IBUAA1049938,Located,="72562",GV WHITE HAMBURGER BUNS 8P 11Z,02/27/2026 08:37:11 AM,252,252,0,02/27/2026 08:33:10 AM,FRZ-0-58-0,02/27/2026 08:33:11 AM,,05/30/2026,12,0,UAA-146189,UAA102A022726,02/27/2026 08:33:10 AM,,bbujkovachuaa,bbujkovachuaa,9 Day Expiry Rule,02/27/2026,0
IBUAA1049939,Located,="72562",GV WHITE HAMBURGER BUNS 8P 11Z,02/27/2026 08:36:00 AM,252,252,0,02/27/2026 08:34:05 AM,FRZ-0-58-0,02/27/2026 08:34:06 AM,,05/30/2026,12,0,UAA-146189,UAA102A022726,02/27/2026 08:34:05 AM,,bbupreiduaa,bbupreiduaa,9 Day Expiry Rule,02/27/2026,0
IBUAA1049942,Located,="72562",GV WHITE HAMBURGER BUNS 8P 11Z,02/27/2026 08:46:08 AM,252,252,0,02/27/2026 08:41:32 AM,FRZ-0-58-0,02/27/2026 08:41:33 AM,,05/30/2026,12,0,UAA-146189,UAA102A022726,02/27/2026 08:41:32 AM,,bbujkovachuaa,bbujkovachuaa,9 Day Expiry Rule,02/27/2026,0
IBUAA1049943,Located,="72562",GV WHITE HAMBURGER BUNS 8P 11Z,02/27/2026 08:46:09 AM,252,252,0,02/27/2026 08:41:42 AM,FRZ-0-58-0,02/27/2026 08:41:42 AM,,05/30/2026,12,0,UAA-146189,UAA102A022726,02/27/2026 08:41:42 AM,,bbujkovachuaa,bbujkovachuaa,9 Day Expiry Rule,02/27/2026,0
IBUAA1049945,Located,="72562",GV WHITE HAMBURGER BUNS 8P 11Z,02/27/2026 08:46:09 AM,252,252,0,02/27/2026 08:41:50 AM,FRZ-0-58-0,02/27/2026 08:41:51 AM,,05/30/2026,12,0,UAA-146189,UAA102A022726,02/27/2026 08:41:50 AM,,bbujkovachuaa,bbujkovachuaa,9 Day Expiry Rule,02/27/2026,0
IBUAA1049944,Located,="72562",GV WHITE HAMBURGER BUNS 8P 11Z,02/27/2026 08:48:02 AM,252,252,0,02/27/2026 08:41:54 AM,FRZ-0-58-0,02/27/2026 08:41:55 AM,,05/30/2026,12,0,UAA-146189,UAA102A022726,02/27/2026 08:41:54 AM,,bbupreiduaa,bbupreiduaa,9 Day Expiry Rule,02/27/2026,0
IBUAA1049946,Located,="72562",GV WHITE HAMBURGER BUNS 8P 11Z,02/27/2026 08:48:02 AM,252,252,0,02/27/2026 08:42:10 AM,FRZ-0-58-0,02/27/2026 08:42:10 AM,,05/30/2026,12,0,UAA-146189,UAA102A022726,02/27/2026 08:42:10 AM,,bbupreiduaa,bbupreiduaa,9 Day Expiry Rule,02/27/2026,0
IBUAA1049947,Located,="72562",GV WHITE HAMBURGER BUNS 8P 11Z,02/27/2026 09:03:44 AM,252,252,0,02/27/2026 08:51:30 AM,FRZ-0-58-0,02/27/2026 08:51:31 AM,,05/30/2026,12,0,UAA-146189,UAA102A022726,02/27/2026 08:51:30 AM,,bbupreiduaa,bbupreiduaa,9 Day Expiry Rule,02/27/2026,0
IBUAA1049948,Located,="72562",GV WHITE HAMBURGER BUNS 8P 11Z,02/27/2026 08:54:02 AM,252,252,0,02/27/2026 08:51:37 AM,FRZ-0-58-0,02/27/2026 08:51:38 AM,,05/30/2026,12,0,UAA-146189,UAA102A022726,02/27/2026 08:51:37 AM,,bbupreiduaa,bbupreiduaa,9 Day Expiry Rule,02/27/2026,0
IBUAA1049949,Located,="72562",GV WHITE HAMBURGER BUNS 8P 11Z,02/27/2026 08:54:02 AM,252,252,0,02/27/2026 08:51:44 AM,FRZ-0-58-0,02/27/2026 08:51:45 AM,,05/30/2026,12,0,UAA-146189,UAA102A022726,02/27/2026 08:51:44 AM,,bbupreiduaa,bbupreiduaa,9 Day Expiry Rule,02/27/2026,0
IBUAA1049950,Located,="72562",GV WHITE HAMBURGER BUNS 8P 11Z,02/27/2026 09:29:27 AM,252,252,0,02/27/2026 08:51:54 AM,FRZ-0-58-0,02/27/2026 08:51:55 AM,,05/30/2026,12,0,UAA-146189,UAA102A022726,02/27/2026 08:51:54 AM,,bbupreiduaa,bbupreiduaa,9 Day Expiry Rule,02/27/2026,0
IBUAA1049959,Located,="72562",GV WHITE HAMBURGER BUNS 8P 11Z,02/27/2026 09:10:05 AM,252,252,0,02/27/2026 09:00:11 AM,FRZ-0-58-0,02/27/2026 09:00:13 AM,,05/30/2026,12,0,UAA-146189,UAA102A022726,02/27/2026 09:00:11 AM,,bbujkovachuaa,bbujkovachuaa,9 Day Expiry Rule,02/27/2026,0
IBUAA1049960,Located,="72562",GV WHITE HAMBURGER BUNS 8P 11Z,02/27/2026 09:10:05 AM,252,252,0,02/27/2026 09:00:31 AM,FRZ-0-58-0,02/27/2026 09:00:32 AM,,05/30/2026,12,0,UAA-146189,UAA102A022726,02/27/2026 09:00:31 AM,,bbujkovachuaa,bbujkovachuaa,9 Day Expiry Rule,02/27/2026,0
IBUAA1049961,Located,="72562",GV WHITE HAMBURGER BUNS 8P 11Z,02/27/2026 09:04:56 AM,252,252,0,02/27/2026 09:00:46 AM,FRZ-0-58-0,02/27/2026 09:00:47 AM,,05/30/2026,12,0,UAA-146189,UAA102A022726,02/27/2026 09:00:46 AM,,bbujkovachuaa,bbujkovachuaa,9 Day Expiry Rule,02/27/2026,0
IBUAA1049964,Located,="72562",GV WHITE HAMBURGER BUNS 8P 11Z,02/27/2026 09:04:56 AM,252,252,0,02/27/2026 09:01:05 AM,FRZ-0-58-0,02/27/2026 09:01:06 AM,,05/30/2026,12,0,UAA-146189,UAA102A022726,02/27/2026 09:01:05 AM,,bbujkovachuaa,bbujkovachuaa,9 Day Expiry Rule,02/27/2026,0
IBUAA1049992,Located,="72562",GV WHITE HAMBURGER BUNS 8P 11Z,02/27/2026 09:19:50 AM,252,252,0,02/27/2026 09:13:35 AM,FRZ-0-58-0,02/27/2026 09:13:36 AM,,05/30/2026,12,0,UAA-146189,UAA102A022726,02/27/2026 09:13:35 AM,,bbujkovachuaa,bbujkovachuaa,9 Day Expiry Rule,02/27/2026,0
IBUAA1049993,Located,="72562",GV WHITE HAMBURGER BUNS 8P 11Z,02/27/2026 09:19:50 AM,252,252,0,02/27/2026 09:13:50 AM,FRZ-0-58-0,02/27/2026 09:13:51 AM,,05/30/2026,12,0,UAA-146189,UAA102A022726,02/27/2026 09:13:50 AM,,bbujkovachuaa,bbujkovachuaa,9 Day Expiry Rule,02/27/2026,0
IBUAA1049994,Located,="72562",GV WHITE HAMBURGER BUNS 8P 11Z,02/27/2026 09:19:50 AM,252,252,0,02/27/2026 09:13:59 AM,FRZ-0-58-0,02/27/2026 09:13:59 AM,,05/30/2026,12,0,UAA-146189,UAA102A022726,02/27/2026 09:13:59 AM,,bbujkovachuaa,bbujkovachuaa,9 Day Expiry Rule,02/27/2026,0
IBUAA1049995,Located,="72562",GV WHITE HAMBURGER BUNS 8P 11Z,02/27/2026 09:27:34 AM,252,252,0,02/27/2026 09:14:08 AM,FRZ-0-58-0,02/27/2026 09:14:08 AM,,05/30/2026,12,0,UAA-146189,UAA102A022726,02/27/2026 09:14:08 AM,,bbujkovachuaa,bbujkovachuaa,9 Day Expiry Rule,02/27/2026,0
IBUAA1049998,Located,="72562",GV WHITE HAMBURGER BUNS 8P 11Z,02/27/2026 09:22:30 AM,252,252,0,02/27/2026 09:20:12 AM,FRZ-0-58-0,02/27/2026 09:20:14 AM,,05/30/2026,12,0,UAA-146189,UAA102A022726,02/27/2026 09:20:12 AM,,bbupreiduaa,bbupreiduaa,9 Day Expiry Rule,02/27/2026,0
IBUAA1049999,Located,="72562",GV WHITE HAMBURGER BUNS 8P 11Z,02/27/2026 09:22:30 AM,252,252,0,02/27/2026 09:20:21 AM,FRZ-0-58-0,02/27/2026 09:20:22 AM,,05/30/2026,12,0,UAA-146189,UAA102A022726,02/27/2026 09:20:21 AM,,bbupreiduaa,bbupreiduaa,9 Day Expiry Rule,02/27/2026,0
IBUAA1050000,Located,="72562",GV WHITE HAMBURGER BUNS 8P 11Z,02/27/2026 09:29:27 AM,252,252,0,02/27/2026 09:20:28 AM,FRZ-0-58-0,02/27/2026 09:20:29 AM,,05/30/2026,12,0,UAA-146189,UAA102A022726,02/27/2026 09:20:28 AM,,bbupreiduaa,bbupreiduaa,9 Day Expiry Rule,02/27/2026,0
IBUAA1050003,Located,="72562",GV WHITE HAMBURGER BUNS 8P 11Z,02/27/2026 09:27:34 AM,252,252,0,02/27/2026 09:24:26 AM,FRZ-0-58-0,02/27/2026 09:24:27 AM,,05/30/2026,12,0,UAA-146189,UAA102A022726,02/27/2026 09:24:26 AM,,bbujkovachuaa,bbujkovachuaa,9 Day Expiry Rule,02/27/2026,0
IBUAA1050005,Located,="72562",GV WHITE HAMBURGER BUNS 8P 11Z,02/27/2026 09:31:33 AM,252,252,0,02/27/2026 09:30:03 AM,FRZ-0-58-0,02/27/2026 09:30:04 AM,,05/30/2026,12,0,UAA-146189,UAA102A022726,02/27/2026 09:30:03 AM,,bbujkovachuaa,bbujkovachuaa,9 Day Expiry Rule,02/27/2026,0
IBUAA1050007,Located,="72562",GV WHITE HAMBURGER BUNS 8P 11Z,02/27/2026 09:36:30 AM,252,252,0,02/27/2026 09:33:00 AM,FRZ-0-58-0,02/27/2026 09:33:01 AM,,05/30/2026,12,0,UAA-146189,UAA102A022726,02/27/2026 09:33:00 AM,,bbujkovachuaa,bbujkovachuaa,9 Day Expiry Rule,02/27/2026,0
IBUAA1050008,Located,="72562",GV WHITE HAMBURGER BUNS 8P 11Z,02/27/2026 09:36:30 AM,252,252,0,02/27/2026 09:33:07 AM,FRZ-0-58-0,02/27/2026 09:33:08 AM,,05/30/2026,12,0,UAA-146189,UAA102A022726,02/27/2026 09:33:07 AM,,bbujkovachuaa,bbujkovachuaa,9 Day Expiry Rule,02/27/2026,0
IBUAA1049978,Located,="72562",GV WHITE HAMBURGER BUNS 8P 11Z,02/27/2026 09:53:49 AM,252,252,0,02/27/2026 09:36:54 AM,FRZ-0-58-0,02/27/2026 09:36:56 AM,,05/30/2026,12,0,UAA-146189,UAA102A022726,02/27/2026 09:36:54 AM,,bbupreiduaa,bbupreiduaa,9 Day Expiry Rule,02/27/2026,0
IBUAA1049980,Located,="72562",GV WHITE HAMBURGER BUNS 8P 11Z,02/27/2026 09:45:37 AM,252,252,0,02/27/2026 09:41:35 AM,FRZ-0-58-0,02/27/2026 09:41:36 AM,,05/30/2026,12,0,UAA-146189,UAA102A022726,02/27/2026 09:41:35 AM,,bbupreiduaa,bbupreiduaa,9 Day Expiry Rule,02/27/2026,0
IBUAA1049981,Located,="72562",GV WHITE HAMBURGER BUNS 8P 11Z,02/27/2026 09:45:37 AM,252,252,0,02/27/2026 09:41:44 AM,FRZ-0-58-0,02/27/2026 09:41:45 AM,,05/30/2026,12,0,UAA-146189,UAA102A022726,02/27/2026 09:41:44 AM,,bbupreiduaa,bbupreiduaa,9 Day Expiry Rule,02/27/2026,0
IBUAA1049982,Located,="72562",GV WHITE HAMBURGER BUNS 8P 11Z,02/27/2026 09:45:37 AM,252,252,0,02/27/2026 09:41:53 AM,FRZ-0-58-0,02/27/2026 09:41:54 AM,,05/30/2026,12,0,UAA-146189,UAA102A022726,02/27/2026 09:41:53 AM,,bbupreiduaa,bbupreiduaa,9 Day Expiry Rule,02/27/2026,0
IBUAA1050010,Located,="72562",GV WHITE HAMBURGER BUNS 8P 11Z,02/27/2026 09:45:00 AM,252,252,0,02/27/2026 09:42:35 AM,FRZ-0-58-0,02/27/2026 09:42:36 AM,,05/30/2026,12,0,UAA-146189,UAA102A022726,02/27/2026 09:42:35 AM,,bbujkovachuaa,bbujkovachuaa,9 Day Expiry Rule,02/27/2026,0
IBUAA1050034,Located,="72562",GV WHITE HAMBURGER BUNS 8P 11Z,02/27/2026 09:53:49 AM,252,252,0,02/27/2026 09:47:47 AM,FRZ-0-58-0,02/27/2026 09:47:49 AM,,05/30/2026,12,0,UAA-146189,UAA102A022726,02/27/2026 09:47:47 AM,,bbupreiduaa,bbupreiduaa,9 Day Expiry Rule,02/27/2026,0
IBUAA1050035,Located,="72562",GV WHITE HAMBURGER BUNS 8P 11Z,02/27/2026 09:53:49 AM,252,252,0,02/27/2026 09:47:58 AM,FRZ-0-58-0,02/27/2026 09:47:59 AM,,05/30/2026,12,0,UAA-146189,UAA102A022726,02/27/2026 09:47:58 AM,,bbupreiduaa,bbupreiduaa,9 Day Expiry Rule,02/27/2026,0
IBUAA1049984,Located,="72562",GV WHITE HAMBURGER BUNS 8P 11Z,02/27/2026 09:55:59 AM,252,252,0,02/27/2026 09:51:04 AM,FRZ-0-58-0,02/27/2026 09:51:06 AM,,05/30/2026,12,0,UAA-146189,UAA102A022726,02/27/2026 09:51:04 AM,,bbujkovachuaa,bbujkovachuaa,9 Day Expiry Rule,02/27/2026,0
IBUAA1049987,Located,="72562",GV WHITE HAMBURGER BUNS 8P 11Z,02/27/2026 10:02:35 AM,252,252,0,02/27/2026 09:58:23 AM,FRZ-0-58-0,02/27/2026 09:58:25 AM,,05/30/2026,12,0,UAA-146189,UAA102A022726,02/27/2026 09:58:23 AM,,bbupreiduaa,bbupreiduaa,9 Day Expiry Rule,02/27/2026,0
IBUAA1049988,Located,="72562",GV WHITE HAMBURGER BUNS 8P 11Z,02/27/2026 10:02:35 AM,252,252,0,02/27/2026 09:59:28 AM,FRZ-0-58-0,02/27/2026 09:59:29 AM,,05/30/2026,12,0,UAA-146189,UAA102A022726,02/27/2026 09:59:28 AM,,bbupreiduaa,bbupreiduaa,9 Day Expiry Rule,02/27/2026,0
IBUAA1049989,Located,="72562",GV WHITE HAMBURGER BUNS 8P 11Z,02/27/2026 10:12:48 AM,252,252,0,02/27/2026 10:04:50 AM,FRZ-0-58-0,02/27/2026 10:04:51 AM,,05/30/2026,12,0,UAA-146189,UAA102A022726,02/27/2026 10:04:50 AM,,bbujkovachuaa,bbujkovachuaa,9 Day Expiry Rule,02/27/2026,0
IBUAA1049990,Located,="72562",GV WHITE HAMBURGER BUNS 8P 11Z,02/27/2026 10:12:48 AM,252,252,0,02/27/2026 10:05:02 AM,FRZ-0-58-0,02/27/2026 10:05:03 AM,,05/30/2026,12,0,UAA-146189,UAA102A022726,02/27/2026 10:05:02 AM,,bbujkovachuaa,bbujkovachuaa,9 Day Expiry Rule,02/27/2026,0
IBUAA1049991,Located,="72562",GV WHITE HAMBURGER BUNS 8P 11Z,02/27/2026 10:07:35 AM,252,252,0,02/27/2026 10:05:03 AM,FRZ-0-58-0,02/27/2026 10:05:04 AM,,05/30/2026,12,0,UAA-146189,UAA102A022726,02/27/2026 10:05:03 AM,,bbupreiduaa,bbupreiduaa,9 Day Expiry Rule,02/27/2026,0
IBUAA1050072,Located,="72562",GV WHITE HAMBURGER BUNS 8P 11Z,02/27/2026 10:09:45 AM,252,252,0,02/27/2026 10:05:20 AM,FRZ-0-58-0,02/27/2026 10:05:21 AM,,05/30/2026,12,0,UAA-146189,UAA102A022726,02/27/2026 10:05:20 AM,,bbujkovachuaa,bbujkovachuaa,9 Day Expiry Rule,02/27/2026,0
IBUAA1050074,Located,="72562",GV WHITE HAMBURGER BUNS 8P 11Z,02/27/2026 10:09:45 AM,252,252,0,02/27/2026 10:05:29 AM,FRZ-0-58-0,02/27/2026 10:05:30 AM,,05/30/2026,12,0,UAA-146189,UAA102A022726,02/27/2026 10:05:29 AM,,bbujkovachuaa,bbujkovachuaa,9 Day Expiry Rule,02/27/2026,0
OBUAA0000979086,Located,="72562",GV WHITE HAMBURGER BUNS 8P 11Z,02/27/2026 10:16:39 AM,0,252,0,02/27/2026 10:06:22 AM,FRZ-0-58-0,02/27/2026 10:07:43 AM,,05/30/2026,12,0,,UAA102A022726,,,bbualewisuaa,bbujkovachuaa,9 Day Expiry Rule,,0
IBUAA1050041,Located,="72562",GV WHITE HAMBURGER BUNS 8P 11Z,02/27/2026 10:19:14 AM,252,252,0,02/27/2026 10:16:20 AM,FRZ-0-58-0,02/27/2026 10:16:24 AM,,05/30/2026,12,0,UAA-146189,UAA102A022726,02/27/2026 10:16:20 AM,,bbupreiduaa,bbupreiduaa,9 Day Expiry Rule,02/27/2026,0
IBUAA1050042,Located,="72562",GV WHITE HAMBURGER BUNS 8P 11Z,02/27/2026 10:19:14 AM,252,252,0,02/27/2026 10:16:32 AM,FRZ-0-58-0,02/27/2026 10:16:33 AM,,05/30/2026,12,0,UAA-146189,UAA102A022726,02/27/2026 10:16:32 AM,,bbupreiduaa,bbupreiduaa,9 Day Expiry Rule,02/27/2026,0
IBUAA1050043,Located,="72562",GV WHITE HAMBURGER BUNS 8P 11Z,02/27/2026 10:23:22 AM,252,252,0,02/27/2026 10:16:58 AM,FRZ-0-58-0,02/27/2026 10:16:59 AM,,05/30/2026,12,0,UAA-146189,UAA102A022726,02/27/2026 10:16:58 AM,,bbupreiduaa,bbupreiduaa,9 Day Expiry Rule,02/27/2026,0
IBUAA1050044,Located,="72562",GV WHITE HAMBURGER BUNS 8P 11Z,02/27/2026 10:23:22 AM,252,252,0,02/27/2026 10:17:06 AM,FRZ-0-58-0,02/27/2026 10:17:07 AM,,05/30/2026,12,0,UAA-146189,UAA102A022726,02/27/2026 10:17:06 AM,,bbupreiduaa,bbupreiduaa,9 Day Expiry Rule,02/27/2026,0
IBUAA1050078,Located,="72562",GV WHITE HAMBURGER BUNS 8P 11Z,02/27/2026 10:24:17 AM,252,252,0,02/27/2026 10:18:03 AM,FRZ-0-58-0,02/27/2026 10:18:04 AM,,05/30/2026,12,0,UAA-146189,UAA102A022726,02/27/2026 10:18:03 AM,,bbujkovachuaa,bbujkovachuaa,9 Day Expiry Rule,02/27/2026,0
IBUAA1050079,Located,="72562",GV WHITE HAMBURGER BUNS 8P 11Z,02/27/2026 10:24:17 AM,252,252,0,02/27/2026 10:18:08 AM,FRZ-0-58-0,02/27/2026 10:18:09 AM,,05/30/2026,12,0,UAA-146189,UAA102A022726,02/27/2026 10:18:08 AM,,bbujkovachuaa,bbujkovachuaa,9 Day Expiry Rule,02/27/2026,0
IBUAA1050080,Located,="72562",GV WHITE HAMBURGER BUNS 8P 11Z,02/27/2026 10:36:42 AM,252,252,0,02/27/2026 10:18:15 AM,FRZ-0-58-0,02/27/2026 12:12:11 PM,,05/30/2026,12,0,UAA-146189,UAA102A022726,02/27/2026 10:18:15 AM,,bbujkovachuaa,bbujkovachuaa,9 Day Expiry Rule,02/27/2026,0
IBUAA1050092,Located,="72562",GV WHITE HAMBURGER BUNS 8P 11Z,02/27/2026 10:28:22 AM,252,252,0,02/27/2026 10:25:59 AM,FRZ-0-58-0,02/27/2026 10:26:01 AM,,05/30/2026,12,0,UAA-146189,UAA102A022726,02/27/2026 10:25:59 AM,,bbupreiduaa,bbupreiduaa,9 Day Expiry Rule,02/27/2026,0
IBUAA1050132,Located,="72562",GV WHITE HAMBURGER BUNS 8P 11Z,02/27/2026 10:34:49 AM,252,252,0,02/27/2026 10:30:32 AM,FRZ-0-58-0,02/27/2026 10:30:34 AM,,05/30/2026,12,0,UAA-146189,UAA102A022726,02/27/2026 10:30:32 AM,,bbupreiduaa,bbupreiduaa,9 Day Expiry Rule,02/27/2026,0
IBUAA1050133,Located,="72562",GV WHITE HAMBURGER BUNS 8P 11Z,02/27/2026 10:34:49 AM,252,252,0,02/27/2026 10:31:00 AM,FRZ-0-58-0,02/27/2026 10:31:01 AM,,05/30/2026,12,0,UAA-146189,UAA102A022726,02/27/2026 10:31:00 AM,,bbupreiduaa,bbupreiduaa,9 Day Expiry Rule,02/27/2026,0
IBUAA1050045,Located,="72562",GV WHITE HAMBURGER BUNS 8P 11Z,02/27/2026 10:36:42 AM,252,252,0,02/27/2026 10:31:11 AM,FRZ-0-58-0,02/27/2026 10:31:14 AM,,05/30/2026,12,0,UAA-146189,UAA102A022726,02/27/2026 10:31:11 AM,,bbujkovachuaa,bbujkovachuaa,9 Day Expiry Rule,02/27/2026,0
IBUAA1050046,Located,="72562",GV WHITE HAMBURGER BUNS 8P 11Z,02/27/2026 10:36:42 AM,252,252,0,02/27/2026 10:31:22 AM,FRZ-0-58-0,02/27/2026 10:31:23 AM,,05/30/2026,12,0,UAA-146189,UAA102A022726,02/27/2026 10:31:22 AM,,bbujkovachuaa,bbujkovachuaa,9 Day Expiry Rule,02/27/2026,0
IBUAA1050048,Located,="72562",GV WHITE HAMBURGER BUNS 8P 11Z,02/27/2026 10:47:02 AM,252,252,0,02/27/2026 10:40:43 AM,FRZ-0-58-0,02/27/2026 10:40:44 AM,DOCK-0-0-5,05/30/2026,12,0,UAA-146189,UAA102A022726,02/27/2026 10:40:43 AM,,bbujkovachuaa,bbucminderuaa,9 Day Expiry Rule,02/27/2026,0
IBUAA1050049,Located,="72562",GV WHITE HAMBURGER BUNS 8P 11Z,02/27/2026 10:47:02 AM,252,252,0,02/27/2026 10:40:58 AM,FRZ-0-58-0,02/27/2026 10:40:59 AM,DOCK-0-0-5,05/30/2026,12,0,UAA-146189,UAA102A022726,02/27/2026 10:40:58 AM,,bbujkovachuaa,bbucminderuaa,9 Day Expiry Rule,02/27/2026,0
IBUAA1050050,Located,="72562",GV WHITE HAMBURGER BUNS 8P 11Z,02/27/2026 10:43:57 AM,252,252,0,02/27/2026 10:41:05 AM,FRZ-0-58-0,02/27/2026 10:41:06 AM,,05/30/2026,12,0,UAA-146189,UAA102A022726,02/27/2026 10:41:05 AM,,bbujkovachuaa,bbujkovachuaa,9 Day Expiry Rule,02/27/2026,0
IBUAA1050051,Located,="72562",GV WHITE HAMBURGER BUNS 8P 11Z,02/27/2026 10:43:57 AM,252,252,0,02/27/2026 10:41:21 AM,FRZ-0-58-0,02/27/2026 10:41:22 AM,,05/30/2026,12,0,UAA-146189,UAA102A022726,02/27/2026 10:41:21 AM,,bbujkovachuaa,bbujkovachuaa,9 Day Expiry Rule,02/27/2026,0
IBUAA1050174,Located,="72562",GV WHITE HAMBURGER BUNS 8P 11Z,02/27/2026 10:51:13 AM,252,252,0,02/27/2026 10:43:35 AM,FRZ-0-58-0,02/27/2026 10:43:38 AM,,05/30/2026,12,0,UAA-146189,UAA102A022726,02/27/2026 10:43:35 AM,,bbupreiduaa,bbupreiduaa,9 Day Expiry Rule,02/27/2026,0
IBUAA1050175,Located,="72562",GV WHITE HAMBURGER BUNS 8P 11Z,02/27/2026 10:51:12 AM,252,252,0,02/27/2026 10:43:44 AM,FRZ-0-58-0,02/27/2026 10:43:46 AM,,05/30/2026,12,0,UAA-146189,UAA102A022726,02/27/2026 10:43:44 AM,,bbupreiduaa,bbupreiduaa,9 Day Expiry Rule,02/27/2026,0
IBUAA1050176,Located,="72562",GV WHITE HAMBURGER BUNS 8P 11Z,02/27/2026 11:03:31 AM,252,252,0,02/27/2026 10:44:01 AM,FRZ-0-58-0,02/27/2026 10:44:02 AM,,05/30/2026,12,0,UAA-146189,UAA102A022726,02/27/2026 10:44:01 AM,,bbupreiduaa,bbupreiduaa,9 Day Expiry Rule,02/27/2026,0
IBUAA1050182,Located,="72562",GV WHITE HAMBURGER BUNS 8P 11Z,02/27/2026 10:53:40 AM,252,252,0,02/27/2026 10:51:04 AM,FRZ-0-58-0,02/27/2026 10:51:04 AM,DOCK-0-0-5,05/30/2026,12,0,UAA-146189,UAA102A022726,02/27/2026 10:51:04 AM,,bbujkovachuaa,bbucminderuaa,9 Day Expiry Rule,02/27/2026,0
IBUAA1050183,Located,="72562",GV WHITE HAMBURGER BUNS 8P 11Z,02/27/2026 10:53:40 AM,252,252,0,02/27/2026 10:51:17 AM,FRZ-0-58-0,02/27/2026 10:51:18 AM,DOCK-0-0-5,05/30/2026,12,0,UAA-146189,UAA102A022726,02/27/2026 10:51:17 AM,,bbujkovachuaa,bbucminderuaa,9 Day Expiry Rule,02/27/2026,0
IBUAA1050185,Located,="72562",GV WHITE HAMBURGER BUNS 8P 11Z,02/27/2026 10:56:40 AM,252,252,0,02/27/2026 10:52:44 AM,FRZ-0-58-0,02/27/2026 10:52:45 AM,,05/30/2026,12,0,UAA-146189,UAA102A022726,02/27/2026 10:52:44 AM,,bbujkovachuaa,bbujkovachuaa,9 Day Expiry Rule,02/27/2026,0
IBUAA1050186,Located,="72562",GV WHITE HAMBURGER BUNS 8P 11Z,02/27/2026 10:56:40 AM,252,252,0,02/27/2026 10:53:17 AM,FRZ-0-58-0,02/27/2026 10:53:18 AM,,05/30/2026,12,0,UAA-146189,UAA102A022726,02/27/2026 10:53:17 AM,,bbujkovachuaa,bbujkovachuaa,9 Day Expiry Rule,02/27/2026,0
IBUAA1050188,Located,="72562",GV WHITE HAMBURGER BUNS 8P 11Z,02/27/2026 11:03:39 AM,252,252,0,02/27/2026 10:58:46 AM,FRZ-0-58-0,02/27/2026 10:58:47 AM,,05/30/2026,12,0,UAA-146189,UAA102A022726,02/27/2026 10:58:46 AM,,bbujkovachuaa,bbujkovachuaa,9 Day Expiry Rule,02/27/2026,0
IBUAA1050190,Located,="72562",GV WHITE HAMBURGER BUNS 8P 11Z,02/27/2026 11:03:31 AM,252,252,0,02/27/2026 11:00:55 AM,FRZ-0-58-0,02/27/2026 11:00:57 AM,,05/30/2026,12,0,UAA-146189,UAA102A022726,02/27/2026 11:00:55 AM,,bbupreiduaa,bbupreiduaa,9 Day Expiry Rule,02/27/2026,0
IBUAA1050191,Located,="72562",GV WHITE HAMBURGER BUNS 8P 11Z,02/27/2026 11:14:56 AM,252,252,0,02/27/2026 11:01:05 AM,FRZ-0-58-0,02/27/2026 11:01:06 AM,,05/30/2026,12,0,UAA-146189,UAA102A022726,02/27/2026 11:01:05 AM,,bbupreiduaa,bbublopezruaa,9 Day Expiry Rule,02/27/2026,0
IBUAA1050212,Located,="72562",GV WHITE HAMBURGER BUNS 8P 11Z,02/27/2026 11:14:56 AM,252,252,0,02/27/2026 11:01:14 AM,FRZ-0-58-0,02/27/2026 11:01:15 AM,,05/30/2026,12,0,UAA-146189,UAA102A022726,02/27/2026 11:01:14 AM,,bbupreiduaa,bbublopezruaa,9 Day Expiry Rule,02/27/2026,0
IBUAA1050214,Located,="72562",GV WHITE HAMBURGER BUNS 8P 11Z,02/27/2026 11:09:31 AM,252,252,0,02/27/2026 11:06:20 AM,FRZ-0-58-0,02/27/2026 11:06:24 AM,,05/30/2026,12,0,UAA-146189,UAA102A022726,02/27/2026 11:06:20 AM,,bbujcolemanuaa,bbujcolemanuaa,9 Day Expiry Rule,02/27/2026,0
IBUAA1050216,Located,="72562",GV WHITE HAMBURGER BUNS 8P 11Z,02/27/2026 11:09:31 AM,252,252,0,02/27/2026 11:07:05 AM,FRZ-0-58-0,02/27/2026 11:07:06 AM,,05/30/2026,12,0,UAA-146189,UAA102A022726,02/27/2026 11:07:05 AM,,bbujcolemanuaa,bbujcolemanuaa,9 Day Expiry Rule,02/27/2026,0
IBUAA1050219,Located,="72562",GV WHITE HAMBURGER BUNS 8P 11Z,02/27/2026 11:16:11 AM,252,252,0,02/27/2026 11:13:31 AM,FRZ-0-58-0,02/27/2026 11:13:32 AM,,05/30/2026,12,0,UAA-146189,UAA102A022726,02/27/2026 11:13:31 AM,,bbujcolemanuaa,bbujcolemanuaa,9 Day Expiry Rule,02/27/2026,0
IBUAA1050221,Located,="72562",GV WHITE HAMBURGER BUNS 8P 11Z,02/27/2026 11:20:37 AM,252,252,0,02/27/2026 11:16:19 AM,FRZ-0-58-0,02/27/2026 11:16:20 AM,,05/30/2026,12,0,UAA-146189,UAA102A022726,02/27/2026 11:16:19 AM,,bbublopezruaa,bbublopezruaa,9 Day Expiry Rule,02/27/2026,0
IBUAA1050223,Located,="72562",GV WHITE HAMBURGER BUNS 8P 11Z,02/27/2026 11:23:07 AM,252,252,0,02/27/2026 11:17:12 AM,FRZ-0-58-0,02/27/2026 11:17:13 AM,,05/30/2026,12,0,UAA-146189,UAA102A022726,02/27/2026 11:17:12 AM,,bbublopezruaa,bbujcolemanuaa,9 Day Expiry Rule,02/27/2026,0
IBUAA1050224,Located,="72562",GV WHITE HAMBURGER BUNS 8P 11Z,02/27/2026 11:20:37 AM,252,252,0,02/27/2026 11:17:27 AM,FRZ-0-58-0,02/27/2026 11:17:28 AM,,05/30/2026,12,0,UAA-146189,UAA102A022726,02/27/2026 11:17:27 AM,,bbublopezruaa,bbublopezruaa,9 Day Expiry Rule,02/27/2026,0
IBUAA1050226,Located,="72562",GV WHITE HAMBURGER BUNS 8P 11Z,02/27/2026 11:23:07 AM,252,252,0,02/27/2026 11:21:24 AM,FRZ-0-58-0,02/27/2026 11:21:25 AM,,05/30/2026,12,0,UAA-146189,UAA102A022726,02/27/2026 11:21:24 AM,,bbujcolemanuaa,bbujcolemanuaa,9 Day Expiry Rule,02/27/2026,0
IBUAA1050227,Located,="72562",GV WHITE HAMBURGER BUNS 8P 11Z,02/27/2026 11:26:45 AM,252,252,0,02/27/2026 11:25:10 AM,FRZ-0-58-0,02/27/2026 11:25:10 AM,,05/30/2026,12,0,UAA-146189,UAA102A022726,02/27/2026 11:25:10 AM,,bbujcolemanuaa,bbujcolemanuaa,9 Day Expiry Rule,02/27/2026,0
IBUAA1050231,Located,="72562",GV WHITE HAMBURGER BUNS 8P 11Z,02/27/2026 11:30:05 AM,252,252,0,02/27/2026 11:28:01 AM,FRZ-0-58-0,02/27/2026 11:28:02 AM,,05/30/2026,12,0,UAA-146189,UAA102A022726,02/27/2026 11:28:01 AM,,bbublopezruaa,bbublopezruaa,9 Day Expiry Rule,02/27/2026,0
IBUAA1050232,Located,="72562",GV WHITE HAMBURGER BUNS 8P 11Z,02/27/2026 11:30:05 AM,252,252,0,02/27/2026 11:28:11 AM,FRZ-0-58-0,02/27/2026 11:28:12 AM,,05/30/2026,12,0,UAA-146189,UAA102A022726,02/27/2026 11:28:11 AM,,bbublopezruaa,bbublopezruaa,9 Day Expiry Rule,02/27/2026,0
IBUAA1050234,Located,="72562",GV WHITE HAMBURGER BUNS 8P 11Z,02/27/2026 11:30:03 AM,252,252,0,02/27/2026 11:28:31 AM,FRZ-0-58-0,02/27/2026 11:28:32 AM,,05/30/2026,12,0,UAA-146189,UAA102A022726,02/27/2026 11:28:31 AM,,bbujcolemanuaa,bbujcolemanuaa,9 Day Expiry Rule,02/27/2026,0
IBUAA1050153,Located,="72562",GV WHITE HAMBURGER BUNS 8P 11Z,02/27/2026 11:34:56 AM,252,252,0,02/27/2026 11:33:33 AM,FRZ-0-58-0,02/27/2026 11:33:34 AM,,05/30/2026,12,0,UAA-146189,UAA102A022726,02/27/2026 11:33:33 AM,,bbujkovachuaa,bbujkovachuaa,9 Day Expiry Rule,02/27/2026,0
IBUAA1050154,Located,="72562",GV WHITE HAMBURGER BUNS 8P 11Z,02/27/2026 11:44:02 AM,252,252,0,02/27/2026 11:39:01 AM,FRZ-0-58-0,02/27/2026 11:39:02 AM,,05/30/2026,12,0,UAA-146189,UAA102A022726,02/27/2026 11:39:01 AM,,bbujkovachuaa,bbujkovachuaa,9 Day Expiry Rule,02/27/2026,0
IBUAA1050155,Located,="72562",GV WHITE HAMBURGER BUNS 8P 11Z,02/27/2026 11:44:02 AM,252,252,0,02/27/2026 11:39:10 AM,FRZ-0-58-0,02/27/2026 11:39:10 AM,,05/30/2026,12,0,UAA-146189,UAA102A022726,02/27/2026 11:39:10 AM,,bbujkovachuaa,bbujkovachuaa,9 Day Expiry Rule,02/27/2026,0
IBUAA1050156,Located,="72562",GV WHITE HAMBURGER BUNS 8P 11Z,02/27/2026 11:48:36 AM,252,252,0,02/27/2026 11:39:17 AM,FRZ-0-58-0,02/27/2026 11:39:18 AM,,05/30/2026,12,0,UAA-146189,UAA102A022726,02/27/2026 11:39:17 AM,,bbujkovachuaa,bbujkovachuaa,9 Day Expiry Rule,02/27/2026,0
IBUAA1050157,Located,="72562",GV WHITE HAMBURGER BUNS 8P 11Z,02/27/2026 11:51:55 AM,252,252,0,02/27/2026 11:50:25 AM,FRZ-0-58-0,02/27/2026 11:50:25 AM,,05/30/2026,12,0,UAA-146189,UAA102A022726,02/27/2026 11:50:25 AM,,bbujkovachuaa,bbujkovachuaa,9 Day Expiry Rule,02/27/2026,0
IBUAA1050161,Located,="72562",GV WHITE HAMBURGER BUNS 8P 11Z,02/27/2026 12:03:47 PM,252,252,0,02/27/2026 12:00:49 PM,FRZ-0-58-0,02/27/2026 12:00:49 PM,,05/30/2026,12,0,UAA-146189,UAA102A022726,02/27/2026 12:00:49 PM,,bbujkovachuaa,bbujkovachuaa,9 Day Expiry Rule,02/27/2026,0
IBUAA1050270,Located,="76925",SL RS WHITE HOT DOG BUNS 16P 28Z,02/27/2026 12:53:32 PM,105,105,0,02/27/2026 12:48:38 PM,FRZ-0-59-0,02/27/2026 04:07:27 PM,,05/30/2026,5,0,UAA-146175,UAA102A022726,02/27/2026 12:48:38 PM,,bbujkovachuaa,bbujkovachuaa,12 Day Expiry Rule,02/27/2026,0
IBUAA1050271,Located,="76925",SL RS WHITE HOT DOG BUNS 16P 28Z,02/27/2026 12:53:32 PM,105,105,0,02/27/2026 12:49:24 PM,FRZ-0-59-0,02/27/2026 12:49:25 PM,,05/30/2026,5,0,UAA-146175,UAA102A022726,02/27/2026 12:49:24 PM,,bbujkovachuaa,bbujkovachuaa,12 Day Expiry Rule,02/27/2026,0
IBUAA1050314,Located,="76925",SL RS WHITE HOT DOG BUNS 16P 28Z,02/27/2026 01:00:01 PM,105,105,0,02/27/2026 12:56:46 PM,FRZ-0-59-0,02/27/2026 12:56:47 PM,,05/30/2026,5,0,UAA-146175,UAA102A022726,02/27/2026 12:56:46 PM,,bbujkovachuaa,bbujkovachuaa,12 Day Expiry Rule,02/27/2026,0
IBUAA1050315,Located,="76925",SL RS WHITE HOT DOG BUNS 16P 28Z,02/27/2026 01:00:01 PM,105,105,0,02/27/2026 12:57:01 PM,FRZ-0-59-0,02/27/2026 12:57:01 PM,,05/30/2026,5,0,UAA-146175,UAA102A022726,02/27/2026 12:57:01 PM,,bbujkovachuaa,bbujkovachuaa,12 Day Expiry Rule,02/27/2026,0
IBUAA1050317,Located,="76925",SL RS WHITE HOT DOG BUNS 16P 28Z,02/27/2026 01:10:42 PM,105,105,0,02/27/2026 01:07:14 PM,FRZ-0-59-0,02/27/2026 01:07:15 PM,,05/30/2026,5,0,UAA-146175,UAA102A022726,02/27/2026 01:07:14 PM,,bbujkovachuaa,bbujkovachuaa,12 Day Expiry Rule,02/27/2026,0
IBUAA1050318,Located,="76925",SL RS WHITE HOT DOG BUNS 16P 28Z,02/27/2026 01:10:42 PM,105,105,0,02/27/2026 01:07:20 PM,FRZ-0-59-0,02/27/2026 01:07:21 PM,,05/30/2026,5,0,UAA-146175,UAA102A022726,02/27/2026 01:07:20 PM,,bbujkovachuaa,bbujkovachuaa,12 Day Expiry Rule,02/27/2026,0
IBUAA1050319,Located,="76925",SL RS WHITE HOT DOG BUNS 16P 28Z,02/27/2026 01:20:57 PM,105,105,0,02/27/2026 01:15:10 PM,FRZ-0-59-0,02/27/2026 01:15:11 PM,,05/30/2026,5,0,UAA-146175,UAA102A022726,02/27/2026 01:15:10 PM,,bbujkovachuaa,bbujkovachuaa,12 Day Expiry Rule,02/27/2026,0
IBUAA1050320,Located,="76925",SL RS WHITE HOT DOG BUNS 16P 28Z,02/27/2026 01:20:57 PM,105,105,0,02/27/2026 01:15:42 PM,FRZ-0-59-0,02/27/2026 01:15:42 PM,,05/30/2026,5,0,UAA-146175,UAA102A022726,02/27/2026 01:15:42 PM,,bbujkovachuaa,bbujkovachuaa,12 Day Expiry Rule,02/27/2026,0
IBUAA1050141,Located,="76925",SL RS WHITE HOT DOG BUNS 16P 28Z,02/27/2026 01:30:02 PM,105,105,0,02/27/2026 01:27:25 PM,FRZ-0-59-0,02/27/2026 01:27:27 PM,,05/30/2026,5,0,UAA-146175,UAA102A022726,02/27/2026 01:27:25 PM,,bbujcolemanuaa,bbujcolemanuaa,12 Day Expiry Rule,02/27/2026,0
IBUAA1050142,Located,="76925",SL RS WHITE HOT DOG BUNS 16P 28Z,02/27/2026 01:30:02 PM,105,105,0,02/27/2026 01:27:35 PM,FRZ-0-59-0,02/27/2026 01:27:36 PM,,05/30/2026,5,0,UAA-146175,UAA102A022726,02/27/2026 01:27:35 PM,,bbujcolemanuaa,bbujcolemanuaa,12 Day Expiry Rule,02/27/2026,0
IBUAA1050145,Located,="76925",SL RS WHITE HOT DOG BUNS 16P 28Z,02/27/2026 01:35:06 PM,105,105,0,02/27/2026 01:33:12 PM,FRZ-0-59-0,02/27/2026 01:33:13 PM,,05/30/2026,5,0,UAA-146175,UAA102A022726,02/27/2026 01:33:12 PM,,bbujcolemanuaa,bbujcolemanuaa,12 Day Expiry Rule,02/27/2026,0
IBUAA1050384,Located,="76925",SL RS WHITE HOT DOG BUNS 16P 28Z,02/27/2026 01:37:22 PM,105,105,0,02/27/2026 01:33:40 PM,FRZ-0-59-0,02/27/2026 01:33:41 PM,,05/30/2026,5,0,UAA-146177,UAA102A022726,02/27/2026 01:33:40 PM,,bbupreiduaa,bbupreiduaa,12 Day Expiry Rule,02/27/2026,0
IBUAA1050385,Located,="76925",SL RS WHITE HOT DOG BUNS 16P 28Z,02/27/2026 01:37:22 PM,105,105,0,02/27/2026 01:33:49 PM,FRZ-0-59-0,02/27/2026 01:33:50 PM,,05/30/2026,5,0,UAA-146177,UAA102A022726,02/27/2026 01:33:49 PM,,bbupreiduaa,bbupreiduaa,12 Day Expiry Rule,02/27/2026,0
IBUAA1050386,Located,="76925",SL RS WHITE HOT DOG BUNS 16P 28Z,02/27/2026 01:39:47 PM,105,105,0,02/27/2026 01:34:20 PM,FRZ-0-59-0,02/27/2026 01:34:21 PM,,05/30/2026,5,0,UAA-146177,UAA102A022726,02/27/2026 01:34:20 PM,,bbupreiduaa,bbupreiduaa,12 Day Expiry Rule,02/27/2026,0
IBUAA1050387,Located,="76925",SL RS WHITE HOT DOG BUNS 16P 28Z,02/27/2026 01:48:50 PM,105,105,0,02/27/2026 01:34:29 PM,FRZ-0-59-0,02/27/2026 01:34:29 PM,,05/30/2026,5,0,UAA-146177,UAA102A022726,02/27/2026 01:34:29 PM,,bbupreiduaa,bbupreiduaa,12 Day Expiry Rule,02/27/2026,0
IBUAA1050392,Located,="76925",SL RS WHITE HOT DOG BUNS 16P 28Z,02/27/2026 01:40:05 PM,105,105,0,02/27/2026 01:37:21 PM,FRZ-0-59-0,02/27/2026 01:37:22 PM,,05/30/2026,5,0,UAA-146175,UAA102A022726,02/27/2026 01:37:21 PM,,bbujcolemanuaa,bbujcolemanuaa,12 Day Expiry Rule,02/27/2026,0
OBUAA0000979718,Located,="76925",SL RS WHITE HOT DOG BUNS 16P 28Z,02/27/2026 01:55:20 PM,0,105,0,02/27/2026 01:40:00 PM,FRZ-0-59-0,02/27/2026 01:41:47 PM,,05/30/2026,5,0,,UAA102A022726,,,bbualewisuaa,bbupreiduaa,12 Day Expiry Rule,,0
OBUAA0000979710,Located,="76925",SL RS WHITE HOT DOG BUNS 16P 28Z,02/27/2026 02:00:49 PM,0,105,0,02/27/2026 01:40:03 PM,FRZ-0-59-0,02/27/2026 01:41:48 PM,,05/30/2026,5,0,,UAA102A022726,,,bbualewisuaa,bbublopezruaa,12 Day Expiry Rule,,0
OBUAA0000979683,Located,="76925",SL RS WHITE HOT DOG BUNS 16P 28Z,02/27/2026 04:25:39 PM,0,105,0,02/27/2026 01:40:07 PM,FRZ-0-60-0,02/27/2026 09:06:39 PM,,05/30/2026,5,0,,UAA102A022726,,,bbualewisuaa,bbujcolemanuaa,12 Day Expiry Rule,,0
OBUAA0000979684,Located,="76925",SL RS WHITE HOT DOG BUNS 16P 28Z,02/27/2026 01:45:18 PM,0,105,0,02/27/2026 01:40:11 PM,FRZ-0-59-0,02/27/2026 01:41:50 PM,,05/30/2026,5,0,,UAA102A022726,,,bbualewisuaa,bbualewisuaa,12 Day Expiry Rule,,0
OBUAA0000979678,Located,="76925",SL RS WHITE HOT DOG BUNS 16P 28Z,02/27/2026 01:45:18 PM,0,105,0,02/27/2026 01:40:16 PM,FRZ-0-59-0,02/27/2026 01:41:50 PM,,05/30/2026,5,0,,UAA102A022726,,,bbualewisuaa,bbualewisuaa,12 Day Expiry Rule,,0
OBUAA0000979677,Located,="76925",SL RS WHITE HOT DOG BUNS 16P 28Z,02/27/2026 01:48:59 PM,0,105,0,02/27/2026 01:40:20 PM,FRZ-0-59-0,02/27/2026 01:41:47 PM,,05/30/2026,5,0,,UAA102A022726,,,bbualewisuaa,bbualewisuaa,12 Day Expiry Rule,,0
OBUAA0000979674,Located,="76925",SL RS WHITE HOT DOG BUNS 16P 28Z,02/27/2026 01:48:59 PM,0,105,0,02/27/2026 01:40:23 PM,FRZ-0-59-0,02/27/2026 01:41:47 PM,,05/30/2026,5,0,,UAA102A022726,,,bbualewisuaa,bbualewisuaa,12 Day Expiry Rule,,0
OBUAA0000979682,Located,="76925",SL RS WHITE HOT DOG BUNS 16P 28Z,02/27/2026 01:47:29 PM,0,105,0,02/27/2026 01:40:30 PM,FRZ-0-59-0,02/27/2026 01:41:49 PM,,05/30/2026,5,0,,UAA102A022726,,,bbualewisuaa,bbualewisuaa,12 Day Expiry Rule,,0
OBUAA0000979681,Located,="76925",SL RS WHITE HOT DOG BUNS 16P 28Z,02/27/2026 01:47:28 PM,0,105,0,02/27/2026 01:40:32 PM,FRZ-0-59-0,02/27/2026 01:41:49 PM,,05/30/2026,5,0,,UAA102A022726,,,bbualewisuaa,bbualewisuaa,12 Day Expiry Rule,,0
OBUAA0000979709,Located,="76925",SL RS WHITE HOT DOG BUNS 16P 28Z,02/27/2026 01:45:18 PM,0,105,0,02/27/2026 01:40:35 PM,FRZ-0-59-0,02/27/2026 01:41:51 PM,,05/30/2026,5,0,,UAA102A022726,,,bbualewisuaa,bbualewisuaa,12 Day Expiry Rule,,0
OBUAA0000979711,Located,="76925",SL RS WHITE HOT DOG BUNS 16P 28Z,02/27/2026 01:45:18 PM,0,105,0,02/27/2026 01:40:38 PM,FRZ-0-59-0,02/27/2026 01:41:51 PM,,05/30/2026,5,0,,UAA102A022726,,,bbualewisuaa,bbualewisuaa,12 Day Expiry Rule,,0
IBUAA1050394,Located,="76925",SL RS WHITE HOT DOG BUNS 16P 28Z,02/27/2026 01:45:39 PM,105,105,0,02/27/2026 01:43:56 PM,FRZ-0-59-0,02/27/2026 01:43:57 PM,,05/30/2026,5,0,UAA-146175,UAA102A022726,02/27/2026 01:43:56 PM,,bbujcolemanuaa,bbujcolemanuaa,12 Day Expiry Rule,02/27/2026,0
IBUAA1050360,Located,="76925",SL RS WHITE HOT DOG BUNS 16P 28Z,02/27/2026 01:55:40 PM,105,105,0,02/27/2026 01:44:04 PM,FRZ-0-59-0,02/27/2026 01:44:05 PM,,05/30/2026,5,0,UAA-146177,UAA102A022726,02/27/2026 01:44:04 PM,,bbupreiduaa,bbupreiduaa,12 Day Expiry Rule,02/27/2026,0
IBUAA1050362,Located,="76925",SL RS WHITE HOT DOG BUNS 16P 28Z,02/27/2026 02:00:49 PM,105,105,0,02/27/2026 01:44:10 PM,FRZ-0-59-0,02/27/2026 01:44:11 PM,,05/30/2026,5,0,UAA-146177,UAA102A022726,02/27/2026 01:44:10 PM,,bbupreiduaa,bbublopezruaa,12 Day Expiry Rule,02/27/2026,0
IBUAA1050363,Located,="76925",SL RS WHITE HOT DOG BUNS 16P 28Z,02/27/2026 01:48:50 PM,105,105,0,02/27/2026 01:44:17 PM,FRZ-0-59-0,02/27/2026 01:44:18 PM,,05/30/2026,5,0,UAA-146177,UAA102A022726,02/27/2026 01:44:17 PM,,bbupreiduaa,bbupreiduaa,12 Day Expiry Rule,02/27/2026,0
IBUAA1050364,Located,="76925",SL RS WHITE HOT DOG BUNS 16P 28Z,02/27/2026 01:55:39 PM,105,105,0,02/27/2026 01:44:23 PM,FRZ-0-59-0,02/27/2026 01:44:24 PM,,05/30/2026,5,0,UAA-146177,UAA102A022726,02/27/2026 01:44:23 PM,,bbupreiduaa,bbupreiduaa,12 Day Expiry Rule,02/27/2026,0
IBUAA1050365,Located,="76925",SL RS WHITE HOT DOG BUNS 16P 28Z,02/27/2026 02:06:42 PM,105,105,0,02/27/2026 01:44:31 PM,FRZ-0-59-0,02/27/2026 01:44:31 PM,,05/30/2026,5,0,UAA-146177,UAA102A022726,02/27/2026 01:44:31 PM,,bbupreiduaa,bbublopezruaa,12 Day Expiry Rule,02/27/2026,0
IBUAA1050366,Located,="76925",SL RS WHITE HOT DOG BUNS 16P 28Z,02/27/2026 01:53:15 PM,105,105,0,02/27/2026 01:49:34 PM,FRZ-0-59-0,02/27/2026 01:49:37 PM,,05/30/2026,5,0,UAA-146175,UAA102A022726,02/27/2026 01:49:34 PM,,bbujkovachuaa,bbujkovachuaa,12 Day Expiry Rule,02/27/2026,0
IBUAA1050367,Located,="76925",SL RS WHITE HOT DOG BUNS 16P 28Z,02/27/2026 02:11:45 PM,105,105,0,02/27/2026 01:49:54 PM,FRZ-0-59-0,02/27/2026 01:49:55 PM,,05/30/2026,5,0,UAA-146175,UAA102A022726,02/27/2026 01:49:54 PM,,bbujkovachuaa,bbujkovachuaa,12 Day Expiry Rule,02/27/2026,0
IBUAA1050368,Located,="76925",SL RS WHITE HOT DOG BUNS 16P 28Z,02/27/2026 01:53:15 PM,105,105,0,02/27/2026 01:50:05 PM,FRZ-0-59-0,02/27/2026 01:50:07 PM,,05/30/2026,5,0,UAA-146175,UAA102A022726,02/27/2026 01:50:05 PM,,bbujkovachuaa,bbujkovachuaa,12 Day Expiry Rule,02/27/2026,0
IBUAA1050369,Located,="76925",SL RS WHITE HOT DOG BUNS 16P 28Z,02/27/2026 02:00:58 PM,105,105,0,02/27/2026 01:56:09 PM,FRZ-0-59-0,02/27/2026 01:56:10 PM,,05/30/2026,5,0,UAA-146175,UAA102A022726,02/27/2026 01:56:09 PM,,bbujkovachuaa,bbujkovachuaa,12 Day Expiry Rule,02/27/2026,0
IBUAA1050370,Located,="76925",SL RS WHITE HOT DOG BUNS 16P 28Z,02/27/2026 02:00:58 PM,105,105,0,02/27/2026 01:56:15 PM,FRZ-0-59-0,02/27/2026 01:56:16 PM,,05/30/2026,5,0,UAA-146175,UAA102A022726,02/27/2026 01:56:15 PM,,bbujkovachuaa,bbujkovachuaa,12 Day Expiry Rule,02/27/2026,0
IBUAA1050424,Located,="76925",SL RS WHITE HOT DOG BUNS 16P 28Z,02/27/2026 02:06:42 PM,105,105,0,02/27/2026 01:58:13 PM,FRZ-0-59-0,02/27/2026 01:58:14 PM,,05/30/2026,5,0,UAA-146177,UAA102A022726,02/27/2026 01:58:13 PM,,bbublopezruaa,bbublopezruaa,12 Day Expiry Rule,02/27/2026,0
IBUAA1050425,Located,="76925",SL RS WHITE HOT DOG BUNS 16P 28Z,02/27/2026 02:06:42 PM,105,105,0,02/27/2026 01:58:21 PM,FRZ-0-59-0,02/27/2026 01:58:21 PM,,05/30/2026,5,0,UAA-146177,UAA102A022726,02/27/2026 01:58:21 PM,,bbublopezruaa,bbublopezruaa,12 Day Expiry Rule,02/27/2026,0
IBUAA1050426,Located,="76925",SL RS WHITE HOT DOG BUNS 16P 28Z,02/27/2026 02:06:41 PM,105,105,0,02/27/2026 01:58:26 PM,FRZ-0-59-0,02/27/2026 01:58:27 PM,,05/30/2026,5,0,UAA-146177,UAA102A022726,02/27/2026 01:58:26 PM,,bbublopezruaa,bbublopezruaa,12 Day Expiry Rule,02/27/2026,0
IBUAA1050427,Located,="76925",SL RS WHITE HOT DOG BUNS 16P 28Z,02/27/2026 02:06:41 PM,105,105,0,02/27/2026 01:58:32 PM,FRZ-0-59-0,02/27/2026 01:58:33 PM,,05/30/2026,5,0,UAA-146177,UAA102A022726,02/27/2026 01:58:32 PM,,bbublopezruaa,bbublopezruaa,12 Day Expiry Rule,02/27/2026,0
IBUAA1050434,Located,="76925",SL RS WHITE HOT DOG BUNS 16P 28Z,02/27/2026 02:11:45 PM,105,105,0,02/27/2026 02:05:43 PM,FRZ-0-59-0,02/27/2026 02:05:45 PM,,05/30/2026,5,0,UAA-146175,UAA102A022726,02/27/2026 02:05:43 PM,,bbujkovachuaa,bbujkovachuaa,12 Day Expiry Rule,02/27/2026,0
IBUAA1050435,Located,="76925",SL RS WHITE HOT DOG BUNS 16P 28Z,02/27/2026 02:16:18 PM,105,105,0,02/27/2026 02:05:56 PM,FRZ-0-59-0,02/27/2026 02:05:57 PM,,05/30/2026,5,0,UAA-146175,UAA102A022726,02/27/2026 02:05:56 PM,,bbujkovachuaa,bbujkovachuaa,12 Day Expiry Rule,02/27/2026,0
IBUAA1050436,Located,="76925",SL RS WHITE HOT DOG BUNS 16P 28Z,02/27/2026 02:16:18 PM,105,105,0,02/27/2026 02:08:37 PM,FRZ-0-59-0,02/27/2026 02:08:38 PM,,05/30/2026,5,0,UAA-146175,UAA102A022726,02/27/2026 02:08:37 PM,,bbujkovachuaa,bbujkovachuaa,12 Day Expiry Rule,02/27/2026,0
IBUAA1050440,Located,="76925",SL RS WHITE HOT DOG BUNS 16P 28Z,02/27/2026 02:21:25 PM,105,105,0,02/27/2026 02:18:58 PM,FRZ-0-59-0,02/27/2026 02:18:59 PM,,05/30/2026,5,0,UAA-146175,UAA102A022726,02/27/2026 02:18:58 PM,,bbujkovachuaa,bbujkovachuaa,12 Day Expiry Rule,02/27/2026,0
IBUAA1050441,Located,="76925",SL RS WHITE HOT DOG BUNS 16P 28Z,02/27/2026 02:21:25 PM,105,105,0,02/27/2026 02:19:05 PM,FRZ-0-59-0,02/27/2026 02:19:06 PM,,05/30/2026,5,0,UAA-146175,UAA102A022726,02/27/2026 02:19:05 PM,,bbujkovachuaa,bbujkovachuaa,12 Day Expiry Rule,02/27/2026,0
IBUAA1050443,Located,="76925",SL RS WHITE HOT DOG BUNS 16P 28Z,02/27/2026 02:28:58 PM,105,105,0,02/27/2026 02:23:35 PM,FRZ-0-59-0,02/27/2026 02:23:36 PM,,05/30/2026,5,0,UAA-146175,UAA102A022726,02/27/2026 02:23:35 PM,,bbujkovachuaa,bbujkovachuaa,12 Day Expiry Rule,02/27/2026,0
IBUAA1050445,Located,="76925",SL RS WHITE HOT DOG BUNS 16P 28Z,02/27/2026 02:28:58 PM,105,105,0,02/27/2026 02:26:31 PM,FRZ-0-59-0,02/27/2026 02:26:32 PM,,05/30/2026,5,0,UAA-146175,UAA102A022726,02/27/2026 02:26:31 PM,,bbujkovachuaa,bbujkovachuaa,12 Day Expiry Rule,02/27/2026,0
IBUAA1050446,Located,="76925",SL RS WHITE HOT DOG BUNS 16P 28Z,02/27/2026 02:53:15 PM,105,105,0,02/27/2026 02:26:40 PM,FRZ-0-59-0,02/27/2026 02:26:41 PM,,05/30/2026,5,0,UAA-146175,UAA102A022726,02/27/2026 02:26:40 PM,,bbujkovachuaa,bbujkovachuaa,12 Day Expiry Rule,02/27/2026,0
IBUAA1050447,Located,="76925",SL RS WHITE HOT DOG BUNS 16P 28Z,02/27/2026 02:33:43 PM,105,105,0,02/27/2026 02:27:09 PM,FRZ-0-59-0,02/27/2026 02:27:10 PM,,05/30/2026,5,0,UAA-146175,UAA102A022726,02/27/2026 02:27:09 PM,,bbujkovachuaa,bbujkovachuaa,12 Day Expiry Rule,02/27/2026,0
IBUAA1050400,Located,="76925",SL RS WHITE HOT DOG BUNS 16P 28Z,02/27/2026 02:35:46 PM,105,105,0,02/27/2026 02:28:09 PM,FRZ-0-59-0,02/27/2026 02:28:11 PM,,05/30/2026,5,0,UAA-146177,UAA102A022726,02/27/2026 02:28:09 PM,,bbupreiduaa,bbupreiduaa,12 Day Expiry Rule,02/27/2026,0
IBUAA1050401,Located,="76925",SL RS WHITE HOT DOG BUNS 16P 28Z,02/27/2026 02:35:46 PM,105,105,0,02/27/2026 02:28:20 PM,FRZ-0-59-0,02/27/2026 02:28:21 PM,,05/30/2026,5,0,UAA-146177,UAA102A022726,02/27/2026 02:28:20 PM,,bbupreiduaa,bbupreiduaa,12 Day Expiry Rule,02/27/2026,0
IBUAA1050402,Located,="76925",SL RS WHITE HOT DOG BUNS 16P 28Z,02/27/2026 02:40:33 PM,105,105,0,02/27/2026 02:28:26 PM,FRZ-0-59-0,02/27/2026 02:28:27 PM,,05/30/2026,5,0,UAA-146177,UAA102A022726,02/27/2026 02:28:26 PM,,bbupreiduaa,bbupreiduaa,12 Day Expiry Rule,02/27/2026,0
IBUAA1050403,Located,="76925",SL RS WHITE HOT DOG BUNS 16P 28Z,02/27/2026 02:40:33 PM,105,105,0,02/27/2026 02:28:33 PM,FRZ-0-59-0,02/27/2026 02:28:34 PM,,05/30/2026,5,0,UAA-146177,UAA102A022726,02/27/2026 02:28:33 PM,,bbupreiduaa,bbupreiduaa,12 Day Expiry Rule,02/27/2026,0
IBUAA1050404,Located,="76925",SL RS WHITE HOT DOG BUNS 16P 28Z,02/27/2026 02:32:19 PM,105,105,0,02/27/2026 02:28:39 PM,FRZ-0-59-0,02/27/2026 02:28:40 PM,,05/30/2026,5,0,UAA-146177,UAA102A022726,02/27/2026 02:28:39 PM,,bbupreiduaa,bbupreiduaa,12 Day Expiry Rule,02/27/2026,0
IBUAA1050405,Located,="76925",SL RS WHITE HOT DOG BUNS 16P 28Z,02/27/2026 02:59:33 PM,105,105,0,02/27/2026 02:28:45 PM,FRZ-0-59-0,02/27/2026 02:28:46 PM,,05/30/2026,5,0,UAA-146177,UAA102A022726,02/27/2026 02:28:45 PM,,bbupreiduaa,bbupreiduaa,12 Day Expiry Rule,02/27/2026,0
IBUAA1050406,Located,="76925",SL RS WHITE HOT DOG BUNS 16P 28Z,02/27/2026 02:50:02 PM,105,105,0,02/27/2026 02:28:52 PM,FRZ-0-59-0,02/27/2026 02:28:53 PM,,05/30/2026,5,0,UAA-146177,UAA102A022726,02/27/2026 02:28:52 PM,,bbupreiduaa,bbupreiduaa,12 Day Expiry Rule,02/27/2026,0
IBUAA1050448,Located,="76925",SL RS WHITE HOT DOG BUNS 16P 28Z,02/27/2026 02:33:43 PM,105,105,0,02/27/2026 02:30:51 PM,FRZ-0-59-0,02/27/2026 02:30:52 PM,,05/30/2026,5,0,UAA-146175,UAA102A022726,02/27/2026 02:30:51 PM,,bbujkovachuaa,bbujkovachuaa,12 Day Expiry Rule,02/27/2026,0
IBUAA1050451,Located,="76925",SL RS WHITE HOT DOG BUNS 16P 28Z,02/27/2026 02:43:24 PM,105,105,0,02/27/2026 02:38:42 PM,FRZ-0-59-0,02/27/2026 02:38:43 PM,,05/30/2026,5,0,UAA-146175,UAA102A022726,02/27/2026 02:38:42 PM,,bbujkovachuaa,bbujkovachuaa,12 Day Expiry Rule,02/27/2026,0
IBUAA1050472,Located,="76925",SL RS WHITE HOT DOG BUNS 16P 28Z,02/27/2026 02:43:24 PM,105,105,0,02/27/2026 02:38:51 PM,FRZ-0-59-0,02/27/2026 02:38:52 PM,,05/30/2026,5,0,UAA-146175,UAA102A022726,02/27/2026 02:38:51 PM,,bbujkovachuaa,bbujkovachuaa,12 Day Expiry Rule,02/27/2026,0
IBUAA1050407,Located,="76925",SL RS WHITE HOT DOG BUNS 16P 28Z,02/27/2026 02:50:02 PM,105,105,0,02/27/2026 02:44:01 PM,FRZ-0-59-0,02/27/2026 02:44:03 PM,,05/30/2026,5,0,UAA-146177,UAA102A022726,02/27/2026 02:44:01 PM,,bbupreiduaa,bbupreiduaa,12 Day Expiry Rule,02/27/2026,0
IBUAA1050408,Located,="76925",SL RS WHITE HOT DOG BUNS 16P 28Z,02/27/2026 02:50:02 PM,105,105,0,02/27/2026 02:44:12 PM,FRZ-0-59-0,02/27/2026 02:44:13 PM,,05/30/2026,5,0,UAA-146177,UAA102A022726,02/27/2026 02:44:12 PM,,bbupreiduaa,bbupreiduaa,12 Day Expiry Rule,02/27/2026,0
IBUAA1050409,Located,="76925",SL RS WHITE HOT DOG BUNS 16P 28Z,02/27/2026 02:59:33 PM,105,105,0,02/27/2026 02:44:47 PM,FRZ-0-59-0,02/27/2026 02:44:48 PM,,05/30/2026,5,0,UAA-146177,UAA102A022726,02/27/2026 02:44:47 PM,,bbupreiduaa,bbupreiduaa,12 Day Expiry Rule,02/27/2026,0
IBUAA1050410,Located,="76925",SL RS WHITE HOT DOG BUNS 16P 28Z,02/27/2026 03:12:05 PM,105,105,0,02/27/2026 02:45:04 PM,FRZ-0-59-0,02/27/2026 02:45:05 PM,,05/30/2026,5,0,UAA-146177,UAA102A022726,02/27/2026 02:45:04 PM,,bbupreiduaa,bbupreiduaa,12 Day Expiry Rule,02/27/2026,0
IBUAA1050474,Located,="76925",SL RS WHITE HOT DOG BUNS 16P 28Z,02/27/2026 03:03:33 PM,105,105,0,02/27/2026 02:51:25 PM,FRZ-0-59-0,02/27/2026 02:51:26 PM,,05/30/2026,5,0,UAA-146175,UAA102A022726,02/27/2026 02:51:25 PM,,bbujkovachuaa,bbujkovachuaa,12 Day Expiry Rule,02/27/2026,0
IBUAA1050477,Located,="76925",SL RS WHITE HOT DOG BUNS 16P 28Z,02/27/2026 03:03:33 PM,105,105,0,02/27/2026 02:59:02 PM,FRZ-0-59-0,02/27/2026 02:59:03 PM,,05/30/2026,5,0,UAA-146175,UAA102A022726,02/27/2026 02:59:02 PM,,bbujkovachuaa,bbujkovachuaa,12 Day Expiry Rule,02/27/2026,0
IBUAA1050480,Located,="76925",SL RS WHITE HOT DOG BUNS 16P 28Z,02/27/2026 03:12:05 PM,105,105,0,02/27/2026 03:03:09 PM,FRZ-0-59-0,02/27/2026 03:03:11 PM,,05/30/2026,5,0,UAA-146177,UAA102A022726,02/27/2026 03:03:09 PM,,bbupreiduaa,bbupreiduaa,12 Day Expiry Rule,02/27/2026,0
IBUAA1050481,Located,="76925",SL RS WHITE HOT DOG BUNS 16P 28Z,02/27/2026 03:14:57 PM,105,105,0,02/27/2026 03:03:18 PM,FRZ-0-59-0,02/27/2026 03:03:19 PM,,05/30/2026,5,0,UAA-146177,UAA102A022726,02/27/2026 03:03:18 PM,,bbupreiduaa,bbupreiduaa,12 Day Expiry Rule,02/27/2026,0
IBUAA1050482,Located,="76925",SL RS WHITE HOT DOG BUNS 16P 28Z,02/27/2026 03:14:57 PM,105,105,0,02/27/2026 03:03:48 PM,FRZ-0-59-0,02/27/2026 03:03:49 PM,,05/30/2026,5,0,UAA-146177,UAA102A022726,02/27/2026 03:03:48 PM,,bbupreiduaa,bbupreiduaa,12 Day Expiry Rule,02/27/2026,0
IBUAA1050483,Located,="76925",SL RS WHITE HOT DOG BUNS 16P 28Z,02/27/2026 03:24:35 PM,105,105,0,02/27/2026 03:03:59 PM,FRZ-0-59-0,02/27/2026 03:03:59 PM,,05/30/2026,5,0,UAA-146177,UAA102A022726,02/27/2026 03:03:59 PM,,bbupreiduaa,bbupreiduaa,12 Day Expiry Rule,02/27/2026,0
IBUAA1050485,Located,="76925",SL RS WHITE HOT DOG BUNS 16P 28Z,02/27/2026 03:10:18 PM,105,105,0,02/27/2026 03:05:14 PM,FRZ-0-59-0,02/27/2026 03:05:14 PM,,05/30/2026,5,0,UAA-146175,UAA102A022726,02/27/2026 03:05:14 PM,,bbujkovachuaa,bbujkovachuaa,12 Day Expiry Rule,02/27/2026,0
IBUAA1050486,Located,="76925",SL RS WHITE HOT DOG BUNS 16P 28Z,02/27/2026 03:10:18 PM,105,105,0,02/27/2026 03:05:29 PM,FRZ-0-59-0,02/27/2026 03:05:30 PM,,05/30/2026,5,0,UAA-146175,UAA102A022726,02/27/2026 03:05:29 PM,,bbujkovachuaa,bbujkovachuaa,12 Day Expiry Rule,02/27/2026,0
IBUAA1050491,Located,="76925",SL RS WHITE HOT DOG BUNS 16P 28Z,02/27/2026 03:20:00 PM,105,105,0,02/27/2026 03:12:56 PM,FRZ-0-59-0,02/27/2026 03:12:57 PM,,05/30/2026,5,0,UAA-146175,UAA102A022726,02/27/2026 03:12:56 PM,,bbujkovachuaa,bbujkovachuaa,12 Day Expiry Rule,02/27/2026,0
IBUAA1050513,Located,="76925",SL RS WHITE HOT DOG BUNS 16P 28Z,02/27/2026 03:20:00 PM,105,105,0,02/27/2026 03:16:48 PM,FRZ-0-59-0,02/27/2026 03:16:49 PM,,05/30/2026,5,0,UAA-146175,UAA102A022726,02/27/2026 03:16:48 PM,,bbujkovachuaa,bbujkovachuaa,12 Day Expiry Rule,02/27/2026,0
IBUAA1050324,Located,="76925",SL RS WHITE HOT DOG BUNS 16P 28Z,02/27/2026 03:24:35 PM,105,105,0,02/27/2026 03:21:34 PM,FRZ-0-59-0,02/27/2026 03:21:36 PM,,05/30/2026,5,0,UAA-146177,UAA102A022726,02/27/2026 03:21:34 PM,,bbupreiduaa,bbupreiduaa,12 Day Expiry Rule,02/27/2026,0
IBUAA1050325,Located,="76925",SL RS WHITE HOT DOG BUNS 16P 28Z,02/27/2026 03:24:35 PM,105,105,0,02/27/2026 03:21:43 PM,FRZ-0-59-0,02/27/2026 03:21:43 PM,,05/30/2026,5,0,UAA-146177,UAA102A022726,02/27/2026 03:21:43 PM,,bbupreiduaa,bbupreiduaa,12 Day Expiry Rule,02/27/2026,0
IBUAA1050326,Located,="76925",SL RS WHITE HOT DOG BUNS 16P 28Z,02/27/2026 03:30:59 PM,105,105,0,02/27/2026 03:21:51 PM,FRZ-0-59-0,02/27/2026 03:21:51 PM,,05/30/2026,5,0,UAA-146177,UAA102A022726,02/27/2026 03:21:51 PM,,bbupreiduaa,bbupreiduaa,12 Day Expiry Rule,02/27/2026,0
IBUAA1050327,Located,="76925",SL RS WHITE HOT DOG BUNS 16P 28Z,02/27/2026 03:30:59 PM,105,105,0,02/27/2026 03:21:59 PM,FRZ-0-59-0,02/27/2026 03:21:59 PM,,05/30/2026,5,0,UAA-146177,UAA102A022726,02/27/2026 03:21:59 PM,,bbupreiduaa,bbupreiduaa,12 Day Expiry Rule,02/27/2026,0
IBUAA1050517,Located,="76925",SL RS WHITE HOT DOG BUNS 16P 28Z,02/27/2026 03:31:55 PM,105,105,0,02/27/2026 03:24:18 PM,FRZ-0-59-0,02/27/2026 04:15:13 PM,,05/30/2026,5,0,UAA-146175,UAA102A022726,02/27/2026 03:24:18 PM,,bbujkovachuaa,bbujkovachuaa,12 Day Expiry Rule,02/27/2026,0
IBUAA1050518,Located,="76925",SL RS WHITE HOT DOG BUNS 16P 28Z,02/27/2026 03:31:55 PM,105,105,0,02/27/2026 03:24:25 PM,FRZ-0-59-0,02/27/2026 04:15:12 PM,,05/30/2026,5,0,UAA-146175,UAA102A022726,02/27/2026 03:24:25 PM,,bbujkovachuaa,bbujkovachuaa,12 Day Expiry Rule,02/27/2026,0
IBUAA1050519,Located,="76925",SL RS WHITE HOT DOG BUNS 16P 28Z,02/27/2026 03:31:55 PM,105,105,0,02/27/2026 03:24:33 PM,FRZ-0-59-0,02/27/2026 03:24:34 PM,,05/30/2026,5,0,UAA-146175,UAA102A022726,02/27/2026 03:24:33 PM,,bbujkovachuaa,bbujkovachuaa,12 Day Expiry Rule,02/27/2026,0
IBUAA1050329,Located,="76925",SL RS WHITE HOT DOG BUNS 16P 28Z,02/27/2026 03:30:59 PM,105,105,0,02/27/2026 03:27:53 PM,FRZ-0-59-0,02/27/2026 03:27:54 PM,,05/30/2026,5,0,UAA-146177,UAA102A022726,02/27/2026 03:27:53 PM,,bbupreiduaa,bbupreiduaa,12 Day Expiry Rule,02/27/2026,0
IBUAA1050524,Located,="76925",SL RS WHITE HOT DOG BUNS 16P 28Z,02/27/2026 03:44:15 PM,105,105,0,02/27/2026 03:34:04 PM,FRZ-0-59-0,02/27/2026 03:34:05 PM,,05/30/2026,5,0,UAA-146175,UAA102A022726,02/27/2026 03:34:04 PM,,bbupreiduaa,bbupreiduaa,12 Day Expiry Rule,02/27/2026,0
IBUAA1050525,Located,="76925",SL RS WHITE HOT DOG BUNS 16P 28Z,02/27/2026 03:38:42 PM,105,105,0,02/27/2026 03:34:19 PM,FRZ-0-59-0,02/27/2026 03:34:20 PM,,05/30/2026,5,0,UAA-146175,UAA102A022726,02/27/2026 03:34:19 PM,,bbupreiduaa,bbupreiduaa,12 Day Expiry Rule,02/27/2026,0
IBUAA1050527,Located,="76925",SL RS WHITE HOT DOG BUNS 16P 28Z,02/27/2026 03:38:42 PM,105,105,0,02/27/2026 03:35:18 PM,FRZ-0-59-0,02/27/2026 03:35:19 PM,,05/30/2026,5,0,UAA-146175,UAA102A022726,02/27/2026 03:35:18 PM,,bbupreiduaa,bbupreiduaa,12 Day Expiry Rule,02/27/2026,0
IBUAA1050530,Located,="76925",SL RS WHITE HOT DOG BUNS 16P 28Z,02/27/2026 03:41:07 PM,105,105,0,02/27/2026 03:37:36 PM,FRZ-0-59-0,02/27/2026 03:37:37 PM,,05/30/2026,5,0,UAA-146175,UAA102A022726,02/27/2026 03:37:36 PM,,bbujkovachuaa,bbujkovachuaa,12 Day Expiry Rule,02/27/2026,0
IBUAA1050531,Located,="76925",SL RS WHITE HOT DOG BUNS 16P 28Z,02/27/2026 03:41:08 PM,105,105,0,02/27/2026 03:37:44 PM,FRZ-0-59-0,02/27/2026 03:37:45 PM,,05/30/2026,5,0,UAA-146175,UAA102A022726,02/27/2026 03:37:44 PM,,bbujkovachuaa,bbujkovachuaa,12 Day Expiry Rule,02/27/2026,0
IBUAA1050552,Located,="76925",SL RS WHITE HOT DOG BUNS 16P 28Z,02/27/2026 03:45:46 PM,105,105,0,02/27/2026 03:37:56 PM,FRZ-0-59-0,02/27/2026 03:37:56 PM,,05/30/2026,5,0,UAA-146175,UAA102A022726,02/27/2026 03:37:56 PM,,bbujkovachuaa,bbujkovachuaa,12 Day Expiry Rule,02/27/2026,0
IBUAA1050553,Located,="76925",SL RS WHITE HOT DOG BUNS 16P 28Z,02/27/2026 03:44:15 PM,105,105,0,02/27/2026 03:42:04 PM,FRZ-0-59-0,02/27/2026 03:42:05 PM,,05/30/2026,5,0,UAA-146175,UAA102A022726,02/27/2026 03:42:04 PM,,bbupreiduaa,bbupreiduaa,12 Day Expiry Rule,02/27/2026,0
IBUAA1050554,Located,="76925",SL RS WHITE HOT DOG BUNS 16P 28Z,02/27/2026 03:55:23 PM,105,105,0,02/27/2026 03:42:10 PM,FRZ-0-60-0,02/27/2026 03:42:11 PM,,05/30/2026,5,0,UAA-146175,UAA102A022726,02/27/2026 03:42:10 PM,,bbupreiduaa,bbupreiduaa,12 Day Expiry Rule,02/27/2026,0
IBUAA1050555,Located,="76925",SL RS WHITE HOT DOG BUNS 16P 28Z,02/27/2026 03:55:23 PM,105,105,0,02/27/2026 03:42:15 PM,FRZ-0-60-0,02/27/2026 03:42:16 PM,,05/30/2026,5,0,UAA-146175,UAA102A022726,02/27/2026 03:42:15 PM,,bbupreiduaa,bbupreiduaa,12 Day Expiry Rule,02/27/2026,0
IBUAA1050556,Located,="76925",SL RS WHITE HOT DOG BUNS 16P 28Z,02/27/2026 03:48:15 PM,105,105,0,02/27/2026 03:42:57 PM,FRZ-0-60-0,02/27/2026 03:42:58 PM,,05/30/2026,5,0,UAA-146175,UAA102A022726,02/27/2026 03:42:57 PM,,bbujkovachuaa,bbujkovachuaa,12 Day Expiry Rule,02/27/2026,0
IBUAA1050559,Located,="76925",SL RS WHITE HOT DOG BUNS 16P 28Z,02/27/2026 03:55:40 PM,105,105,0,02/27/2026 03:50:12 PM,FRZ-0-60-0,02/27/2026 03:50:14 PM,,05/30/2026,5,0,UAA-146175,UAA102A022726,02/27/2026 03:50:12 PM,,bbujkovachuaa,bbujkovachuaa,12 Day Expiry Rule,02/27/2026,0
IBUAA1050560,Located,="76925",SL RS WHITE HOT DOG BUNS 16P 28Z,02/27/2026 03:55:40 PM,105,105,0,02/27/2026 03:50:22 PM,FRZ-0-60-0,02/27/2026 03:50:22 PM,,05/30/2026,5,0,UAA-146175,UAA102A022726,02/27/2026 03:50:22 PM,,bbujkovachuaa,bbujkovachuaa,12 Day Expiry Rule,02/27/2026,0
IBUAA1050561,Located,="76925",SL RS WHITE HOT DOG BUNS 16P 28Z,02/27/2026 04:00:34 PM,105,105,0,02/27/2026 03:51:01 PM,FRZ-0-60-0,02/27/2026 03:51:01 PM,,05/30/2026,5,0,UAA-146175,UAA102A022726,02/27/2026 03:51:01 PM,,bbujkovachuaa,bbujkovachuaa,12 Day Expiry Rule,02/27/2026,0
IBUAA1050562,Located,="76925",SL RS WHITE HOT DOG BUNS 16P 28Z,02/27/2026 04:00:34 PM,105,105,0,02/27/2026 03:53:27 PM,FRZ-0-60-0,02/27/2026 03:53:28 PM,,05/30/2026,5,0,UAA-146175,UAA102A022726,02/27/2026 03:53:27 PM,,bbujkovachuaa,bbujkovachuaa,12 Day Expiry Rule,02/27/2026,0
IBUAA1050593,Located,="76925",SL RS WHITE HOT DOG BUNS 16P 28Z,02/27/2026 04:07:16 PM,105,105,0,02/27/2026 04:05:45 PM,FRZ-0-60-0,02/27/2026 04:05:46 PM,,05/30/2026,5,0,UAA-146175,UAA102A022726,02/27/2026 04:05:45 PM,,bbupreiduaa,bbupreiduaa,12 Day Expiry Rule,02/27/2026,0
IBUAA1050566,Located,="76925",SL RS WHITE HOT DOG BUNS 16P 28Z,02/27/2026 04:09:32 PM,105,105,0,02/27/2026 04:08:10 PM,FRZ-0-60-0,02/27/2026 04:08:11 PM,,05/30/2026,5,0,UAA-146177,UAA102A022726,02/27/2026 04:08:10 PM,,bbujkovachuaa,bbujkovachuaa,12 Day Expiry Rule,02/27/2026,0
IBUAA1050567,Located,="76925",SL RS WHITE HOT DOG BUNS 16P 28Z,02/27/2026 04:14:00 PM,105,105,0,02/27/2026 04:11:57 PM,FRZ-0-60-0,02/27/2026 04:11:59 PM,,05/30/2026,5,0,UAA-146177,UAA102A022726,02/27/2026 04:11:57 PM,,bbujkovachuaa,bbujkovachuaa,12 Day Expiry Rule,02/27/2026,0
IBUAA1050613,Located,="76925",SL RS WHITE HOT DOG BUNS 16P 28Z,02/27/2026 04:18:31 PM,105,105,0,02/27/2026 04:15:31 PM,FRZ-0-60-0,02/27/2026 04:15:32 PM,,05/30/2026,5,0,UAA-146175,UAA102A022726,02/27/2026 04:15:31 PM,,bbublopezruaa,bbublopezruaa,12 Day Expiry Rule,02/27/2026,0
IBUAA1050615,Located,="76925",SL RS WHITE HOT DOG BUNS 16P 28Z,02/27/2026 04:18:31 PM,105,105,0,02/27/2026 04:15:42 PM,FRZ-0-60-0,02/27/2026 04:15:43 PM,,05/30/2026,5,0,UAA-146175,UAA102A022726,02/27/2026 04:15:42 PM,,bbublopezruaa,bbublopezruaa,12 Day Expiry Rule,02/27/2026,0
IBUAA1050598,Located,="76925",SL RS WHITE HOT DOG BUNS 16P 28Z,02/27/2026 04:20:26 PM,105,105,0,02/27/2026 04:16:11 PM,FRZ-0-60-0,02/27/2026 04:16:13 PM,,05/30/2026,5,0,UAA-146177,UAA102A022726,02/27/2026 04:16:11 PM,,bbujcolemanuaa,bbujcolemanuaa,12 Day Expiry Rule,02/27/2026,0
IBUAA1050599,Located,="76925",SL RS WHITE HOT DOG BUNS 16P 28Z,02/27/2026 04:20:26 PM,105,105,0,02/27/2026 04:16:24 PM,FRZ-0-60-0,02/27/2026 04:16:25 PM,,05/30/2026,5,0,UAA-146177,UAA102A022726,02/27/2026 04:16:24 PM,,bbujcolemanuaa,bbujcolemanuaa,12 Day Expiry Rule,02/27/2026,0
OBUAA0000979755,Located,="76925",SL RS WHITE HOT DOG BUNS 16P 28Z,02/27/2026 04:24:50 PM,0,105,0,02/27/2026 04:21:12 PM,FRZ-0-60-0,02/27/2026 04:22:00 PM,,05/30/2026,5,0,,UAA102A022726,,,bbublopezruaa,bbublopezruaa,12 Day Expiry Rule,,0
IBUAA1050618,Located,="76925",SL RS WHITE HOT DOG BUNS 16P 28Z,02/27/2026 04:24:49 PM,105,105,0,02/27/2026 04:22:40 PM,FRZ-0-60-0,02/27/2026 04:22:41 PM,,05/30/2026,5,0,UAA-146175,UAA102A022726,02/27/2026 04:22:40 PM,,bbublopezruaa,bbublopezruaa,12 Day Expiry Rule,02/27/2026,0
IBUAA1050602,Located,="76925",SL RS WHITE HOT DOG BUNS 16P 28Z,02/27/2026 04:25:39 PM,105,105,0,02/27/2026 04:22:48 PM,FRZ-0-60-0,02/27/2026 04:22:49 PM,,05/30/2026,5,0,UAA-146177,UAA102A022726,02/27/2026 04:22:48 PM,,bbujcolemanuaa,bbujcolemanuaa,12 Day Expiry Rule,02/27/2026,0
IBUAA1050604,Located,="76925",SL RS WHITE HOT DOG BUNS 16P 28Z,02/27/2026 04:29:23 PM,105,105,0,02/27/2026 04:27:55 PM,FRZ-0-60-0,02/27/2026 04:27:56 PM,,05/30/2026,5,0,UAA-146177,UAA102A022726,02/27/2026 04:27:55 PM,,bbujcolemanuaa,bbujcolemanuaa,12 Day Expiry Rule,02/27/2026,0
IBUAA1050607,Located,="76925",SL RS WHITE HOT DOG BUNS 16P 28Z,02/27/2026 04:32:19 PM,105,105,0,02/27/2026 04:30:41 PM,FRZ-0-60-0,02/27/2026 04:30:42 PM,,05/30/2026,5,0,UAA-146177,UAA102A022726,02/27/2026 04:30:41 PM,,bbujcolemanuaa,bbujcolemanuaa,12 Day Expiry Rule,02/27/2026,0
IBUAA1050620,Located,="76925",SL RS WHITE HOT DOG BUNS 16P 28Z,02/27/2026 04:42:41 PM,105,105,0,02/27/2026 04:37:41 PM,FRZ-0-60-0,02/27/2026 04:37:43 PM,,05/30/2026,5,0,UAA-146177,UAA102A022726,02/27/2026 04:37:41 PM,,bbujkovachuaa,bbujkovachuaa,12 Day Expiry Rule,02/27/2026,0
IBUAA1050621,Located,="76925",SL RS WHITE HOT DOG BUNS 16P 28Z,02/27/2026 04:42:42 PM,105,105,0,02/27/2026 04:38:09 PM,FRZ-0-60-0,02/27/2026 04:38:10 PM,,05/30/2026,5,0,UAA-146177,UAA102A022726,02/27/2026 04:38:09 PM,,bbujkovachuaa,bbujkovachuaa,12 Day Expiry Rule,02/27/2026,0
IBUAA1050622,Located,="76925",SL RS WHITE HOT DOG BUNS 16P 28Z,02/27/2026 04:49:53 PM,105,105,0,02/27/2026 04:40:15 PM,FRZ-0-60-0,02/27/2026 04:40:15 PM,,05/30/2026,5,0,UAA-146177,UAA102A022726,02/27/2026 04:40:15 PM,,bbujkovachuaa,bbujkovachuaa,12 Day Expiry Rule,02/27/2026,0
IBUAA1050623,Located,="76925",SL RS WHITE HOT DOG BUNS 16P 28Z,02/27/2026 04:49:53 PM,105,105,0,02/27/2026 04:40:22 PM,FRZ-0-60-0,02/27/2026 04:40:23 PM,,05/30/2026,5,0,UAA-146177,UAA102A022726,02/27/2026 04:40:22 PM,,bbujkovachuaa,bbujkovachuaa,12 Day Expiry Rule,02/27/2026,0
IBUAA1050653,Located,="76925",SL RS WHITE HOT DOG BUNS 16P 28Z,02/27/2026 04:50:42 PM,105,105,0,02/27/2026 04:42:30 PM,FRZ-0-60-0,02/27/2026 04:42:32 PM,,05/30/2026,5,0,UAA-146175,UAA102A022726,02/27/2026 04:42:30 PM,,bbupreiduaa,bbupreiduaa,12 Day Expiry Rule,02/27/2026,0
IBUAA1050654,Located,="76925",SL RS WHITE HOT DOG BUNS 16P 28Z,02/27/2026 04:50:42 PM,105,105,0,02/27/2026 04:42:40 PM,FRZ-0-60-0,02/27/2026 04:42:41 PM,,05/30/2026,5,0,UAA-146175,UAA102A022726,02/27/2026 04:42:40 PM,,bbupreiduaa,bbupreiduaa,12 Day Expiry Rule,02/27/2026,0
IBUAA1050655,Located,="76925",SL RS WHITE HOT DOG BUNS 16P 28Z,02/27/2026 04:46:02 PM,105,105,0,02/27/2026 04:42:50 PM,FRZ-0-60-0,02/27/2026 04:42:50 PM,,05/30/2026,5,0,UAA-146175,UAA102A022726,02/27/2026 04:42:50 PM,,bbupreiduaa,bbupreiduaa,12 Day Expiry Rule,02/27/2026,0
IBUAA1050656,Located,="76925",SL RS WHITE HOT DOG BUNS 16P 28Z,02/27/2026 04:46:02 PM,105,105,0,02/27/2026 04:42:58 PM,FRZ-0-60-0,02/27/2026 04:42:58 PM,,05/30/2026,5,0,UAA-146175,UAA102A022726,02/27/2026 04:42:58 PM,,bbupreiduaa,bbupreiduaa,12 Day Expiry Rule,02/27/2026,0
IBUAA1050657,Located,="76925",SL RS WHITE HOT DOG BUNS 16P 28Z,02/27/2026 04:58:23 PM,105,105,0,02/27/2026 04:43:06 PM,FRZ-0-60-0,02/27/2026 04:43:07 PM,,05/30/2026,5,0,UAA-146175,UAA102A022726,02/27/2026 04:43:06 PM,,bbupreiduaa,bbupreiduaa,12 Day Expiry Rule,02/27/2026,0
IBUAA1050658,Located,="76925",SL RS WHITE HOT DOG BUNS 16P 28Z,02/27/2026 04:55:09 PM,105,105,0,02/27/2026 04:43:15 PM,FRZ-0-60-0,02/27/2026 04:43:16 PM,,05/30/2026,5,0,UAA-146175,UAA102A022726,02/27/2026 04:43:15 PM,,bbupreiduaa,bbupreiduaa,12 Day Expiry Rule,02/27/2026,0
IBUAA1050659,Located,="76925",SL RS WHITE HOT DOG BUNS 16P 28Z,02/27/2026 04:55:09 PM,105,105,0,02/27/2026 04:43:22 PM,FRZ-0-60-0,02/27/2026 04:43:23 PM,,05/30/2026,5,0,UAA-146175,UAA102A022726,02/27/2026 04:43:22 PM,,bbupreiduaa,bbupreiduaa,12 Day Expiry Rule,02/27/2026,0
IBUAA1050660,Located,="76925",SL RS WHITE HOT DOG BUNS 16P 28Z,02/27/2026 04:58:23 PM,105,105,0,02/27/2026 04:43:28 PM,FRZ-0-60-0,02/27/2026 04:43:29 PM,,05/30/2026,5,0,UAA-146175,UAA102A022726,02/27/2026 04:43:28 PM,,bbupreiduaa,bbupreiduaa,12 Day Expiry Rule,02/27/2026,0
IBUAA1050624,Located,="76925",SL RS WHITE HOT DOG BUNS 16P 28Z,02/27/2026 04:55:21 PM,105,105,0,02/27/2026 04:51:49 PM,FRZ-0-60-0,02/27/2026 04:51:50 PM,,05/30/2026,5,0,UAA-146177,UAA102A022726,02/27/2026 04:51:49 PM,,bbujkovachuaa,bbujkovachuaa,12 Day Expiry Rule,02/27/2026,0
IBUAA1050625,Located,="76925",SL RS WHITE HOT DOG BUNS 16P 28Z,02/27/2026 04:55:21 PM,105,105,0,02/27/2026 04:52:08 PM,FRZ-0-60-0,02/27/2026 04:52:10 PM,,05/30/2026,5,0,UAA-146177,UAA102A022726,02/27/2026 04:52:08 PM,,bbujkovachuaa,bbujkovachuaa,12 Day Expiry Rule,02/27/2026,0
IBUAA1050626,Located,="76925",SL RS WHITE HOT DOG BUNS 16P 28Z,02/27/2026 05:03:23 PM,105,105,0,02/27/2026 04:59:36 PM,FRZ-0-60-0,02/27/2026 04:59:37 PM,,05/30/2026,5,0,UAA-146177,UAA102A022726,02/27/2026 04:59:36 PM,,bbujkovachuaa,bbujkovachuaa,12 Day Expiry Rule,02/27/2026,0
IBUAA1050627,Located,="76925",SL RS WHITE HOT DOG BUNS 16P 28Z,02/27/2026 05:03:23 PM,105,105,0,02/27/2026 04:59:43 PM,FRZ-0-60-0,02/27/2026 04:59:44 PM,,05/30/2026,5,0,UAA-146177,UAA102A022726,02/27/2026 04:59:43 PM,,bbujkovachuaa,bbujkovachuaa,12 Day Expiry Rule,02/27/2026,0
IBUAA1050628,Located,="76925",SL RS WHITE HOT DOG BUNS 16P 28Z,02/27/2026 05:15:09 PM,105,105,0,02/27/2026 04:59:51 PM,FRZ-0-60-0,02/27/2026 04:59:52 PM,,05/30/2026,5,0,UAA-146177,UAA102A022726,02/27/2026 04:59:51 PM,,bbujkovachuaa,bbujkovachuaa,12 Day Expiry Rule,02/27/2026,0
IBUAA1050712,Located,="76925",SL RS WHITE HOT DOG BUNS 16P 28Z,02/27/2026 05:04:08 PM,105,105,0,02/27/2026 05:01:19 PM,FRZ-0-60-0,02/27/2026 05:01:22 PM,,05/30/2026,5,0,UAA-146175,UAA102A022726,02/27/2026 05:01:19 PM,,bbupreiduaa,bbupreiduaa,12 Day Expiry Rule,02/27/2026,0
IBUAA1050713,Located,="76925",SL RS WHITE HOT DOG BUNS 16P 28Z,02/27/2026 05:07:01 PM,105,105,0,02/27/2026 05:01:28 PM,FRZ-0-60-0,02/27/2026 05:01:29 PM,,05/30/2026,5,0,UAA-146175,UAA102A022726,02/27/2026 05:01:28 PM,,bbupreiduaa,bbupreiduaa,12 Day Expiry Rule,02/27/2026,0
IBUAA1050714,Located,="76925",SL RS WHITE HOT DOG BUNS 16P 28Z,02/27/2026 05:04:08 PM,105,105,0,02/27/2026 05:01:37 PM,FRZ-0-60-0,02/27/2026 05:01:38 PM,,05/30/2026,5,0,UAA-146175,UAA102A022726,02/27/2026 05:01:37 PM,,bbupreiduaa,bbupreiduaa,12 Day Expiry Rule,02/27/2026,0
IBUAA1050715,Located,="76925",SL RS WHITE HOT DOG BUNS 16P 28Z,02/27/2026 05:07:01 PM,105,105,0,02/27/2026 05:01:47 PM,FRZ-0-60-0,02/27/2026 05:01:48 PM,,05/30/2026,5,0,UAA-146175,UAA102A022726,02/27/2026 05:01:47 PM,,bbupreiduaa,bbupreiduaa,12 Day Expiry Rule,02/27/2026,0
IBUAA1050698,Located,="76925",SL RS WHITE HOT DOG BUNS 16P 28Z,02/27/2026 05:10:25 PM,105,105,0,02/27/2026 05:05:26 PM,FRZ-0-60-0,02/27/2026 05:05:28 PM,,05/30/2026,5,0,UAA-146177,UAA102A022726,02/27/2026 05:05:26 PM,,bbujkovachuaa,bbujkovachuaa,12 Day Expiry Rule,02/27/2026,0
IBUAA1050699,Located,="76925",SL RS WHITE HOT DOG BUNS 16P 28Z,02/27/2026 05:10:25 PM,105,105,0,02/27/2026 05:06:53 PM,FRZ-0-60-0,02/27/2026 05:06:54 PM,,05/30/2026,5,0,UAA-146177,UAA102A022726,02/27/2026 05:06:53 PM,,bbujkovachuaa,bbujkovachuaa,12 Day Expiry Rule,02/27/2026,0
IBUAA1050706,Located,="76925",SL RS WHITE HOT DOG BUNS 16P 28Z,02/27/2026 05:15:09 PM,105,105,0,02/27/2026 05:08:20 PM,FRZ-0-60-0,02/27/2026 05:08:20 PM,,05/30/2026,5,0,UAA-146177,UAA102A022726,02/27/2026 05:08:20 PM,,bbujkovachuaa,bbujkovachuaa,12 Day Expiry Rule,02/27/2026,0
IBUAA1050707,Located,="76925",SL RS WHITE HOT DOG BUNS 16P 28Z,02/27/2026 05:13:42 PM,105,105,0,02/27/2026 05:08:55 PM,FRZ-0-60-0,02/27/2026 05:08:57 PM,,05/30/2026,5,0,UAA-146175,UAA102A022726,02/27/2026 05:08:55 PM,,bbupreiduaa,bbupreiduaa,12 Day Expiry Rule,02/27/2026,0
IBUAA1050708,Located,="76925",SL RS WHITE HOT DOG BUNS 16P 28Z,02/27/2026 05:13:42 PM,105,105,0,02/27/2026 05:09:06 PM,FRZ-0-60-0,02/27/2026 05:09:07 PM,,05/30/2026,5,0,UAA-146175,UAA102A022726,02/27/2026 05:09:06 PM,,bbupreiduaa,bbupreiduaa,12 Day Expiry Rule,02/27/2026,0
IBUAA1050709,Located,="76925",SL RS WHITE HOT DOG BUNS 16P 28Z,02/27/2026 05:18:18 PM,105,105,0,02/27/2026 05:15:03 PM,FRZ-0-60-0,02/27/2026 05:15:04 PM,,05/30/2026,5,0,UAA-146175,UAA102A022726,02/27/2026 05:15:03 PM,,bbupreiduaa,bbupreiduaa,12 Day Expiry Rule,02/27/2026,0
IBUAA1050734,Located,="76925",SL RS WHITE HOT DOG BUNS 16P 28Z,02/27/2026 05:25:11 PM,105,105,0,02/27/2026 05:18:53 PM,FRZ-0-60-0,02/27/2026 05:21:15 PM,,05/30/2026,5,0,UAA-146177,UAA102A022726,02/27/2026 05:18:53 PM,,bbujkovachuaa,bbujkovachuaa,12 Day Expiry Rule,02/27/2026,0
IBUAA1050735,Located,="76925",SL RS WHITE HOT DOG BUNS 16P 28Z,02/27/2026 05:29:43 PM,105,105,0,02/27/2026 05:21:56 PM,FRZ-0-60-0,02/27/2026 05:21:57 PM,,05/30/2026,5,0,UAA-146177,UAA102A022726,02/27/2026 05:21:56 PM,,bbujkovachuaa,bbujkovachuaa,12 Day Expiry Rule,02/27/2026,0
IBUAA1050736,Located,="76925",SL RS WHITE HOT DOG BUNS 16P 28Z,02/27/2026 05:25:11 PM,105,105,0,02/27/2026 05:22:06 PM,FRZ-0-60-0,02/27/2026 05:22:06 PM,,05/30/2026,5,0,UAA-146177,UAA102A022726,02/27/2026 05:22:06 PM,,bbujkovachuaa,bbujkovachuaa,12 Day Expiry Rule,02/27/2026,0
IBUAA1050737,Located,="76925",SL RS WHITE HOT DOG BUNS 16P 28Z,02/27/2026 05:29:43 PM,105,105,0,02/27/2026 05:22:15 PM,FRZ-0-60-0,02/27/2026 05:22:15 PM,,05/30/2026,5,0,UAA-146177,UAA102A022726,02/27/2026 05:22:15 PM,,bbujkovachuaa,bbujkovachuaa,12 Day Expiry Rule,02/27/2026,0
IBUAA1050738,Located,="76925",SL RS WHITE HOT DOG BUNS 16P 28Z,02/27/2026 05:34:08 PM,105,105,0,02/27/2026 05:22:27 PM,FRZ-0-60-0,02/27/2026 05:22:28 PM,,05/30/2026,5,0,UAA-146177,UAA102A022726,02/27/2026 05:22:27 PM,,bbujkovachuaa,bbujkovachuaa,12 Day Expiry Rule,02/27/2026,0
IBUAA1050739,Located,="76925",SL RS WHITE HOT DOG BUNS 16P 28Z,02/27/2026 05:26:04 PM,105,105,0,02/27/2026 05:22:38 PM,FRZ-0-60-0,02/27/2026 05:22:40 PM,,05/30/2026,5,0,UAA-146175,UAA102A022726,02/27/2026 05:22:38 PM,,bbupreiduaa,bbupreiduaa,12 Day Expiry Rule,02/27/2026,0
IBUAA1050740,Located,="76925",SL RS WHITE HOT DOG BUNS 16P 28Z,02/27/2026 05:26:04 PM,105,105,0,02/27/2026 05:22:48 PM,FRZ-0-60-0,02/27/2026 05:22:49 PM,,05/30/2026,5,0,UAA-146175,UAA102A022726,02/27/2026 05:22:48 PM,,bbupreiduaa,bbupreiduaa,12 Day Expiry Rule,02/27/2026,0
IBUAA1050741,Located,="76925",SL RS WHITE HOT DOG BUNS 16P 28Z,02/27/2026 05:34:17 PM,105,105,0,02/27/2026 05:22:55 PM,FRZ-0-60-0,02/27/2026 05:22:55 PM,,05/30/2026,5,0,UAA-146175,UAA102A022726,02/27/2026 05:22:55 PM,,bbupreiduaa,bbupreiduaa,12 Day Expiry Rule,02/27/2026,0
IBUAA1050744,Located,="76925",SL RS WHITE HOT DOG BUNS 16P 28Z,02/27/2026 05:34:08 PM,105,105,0,02/27/2026 05:31:16 PM,FRZ-0-60-0,02/27/2026 05:31:17 PM,,05/30/2026,5,0,UAA-146175,UAA102A022726,02/27/2026 05:31:16 PM,,bbujkovachuaa,bbujkovachuaa,12 Day Expiry Rule,02/27/2026,0
IBUAA1050745,Located,="76925",SL RS WHITE HOT DOG BUNS 16P 28Z,02/27/2026 05:37:51 PM,105,105,0,02/27/2026 05:31:23 PM,FRZ-0-60-0,02/27/2026 05:31:23 PM,,05/30/2026,5,0,UAA-146175,UAA102A022726,02/27/2026 05:31:23 PM,,bbujkovachuaa,bbujkovachuaa,12 Day Expiry Rule,02/27/2026,0
IBUAA1050747,Located,="76925",SL RS WHITE HOT DOG BUNS 16P 28Z,02/27/2026 05:34:17 PM,105,105,0,02/27/2026 05:32:11 PM,FRZ-0-60-0,02/27/2026 05:32:11 PM,,05/30/2026,5,0,UAA-146175,UAA102A022726,02/27/2026 05:32:11 PM,,bbupreiduaa,bbupreiduaa,12 Day Expiry Rule,02/27/2026,0
IBUAA1050748,Located,="76925",SL RS WHITE HOT DOG BUNS 16P 28Z,02/27/2026 05:39:34 PM,105,105,0,02/27/2026 05:32:18 PM,FRZ-0-60-0,02/27/2026 05:32:19 PM,,05/30/2026,5,0,UAA-146175,UAA102A022726,02/27/2026 05:32:18 PM,,bbupreiduaa,bbupreiduaa,12 Day Expiry Rule,02/27/2026,0
IBUAA1050772,Located,="76925",SL RS WHITE HOT DOG BUNS 16P 28Z,02/27/2026 05:37:51 PM,105,105,0,02/27/2026 05:35:36 PM,FRZ-0-60-0,02/27/2026 05:35:38 PM,,05/30/2026,5,0,UAA-146175,UAA102A022726,02/27/2026 05:35:36 PM,,bbujkovachuaa,bbujkovachuaa,12 Day Expiry Rule,02/27/2026,0
IBUAA1050687,Located,="76925",SL RS WHITE HOT DOG BUNS 16P 28Z,02/27/2026 05:43:34 PM,105,105,0,02/27/2026 05:36:30 PM,FRZ-0-60-0,02/27/2026 05:36:31 PM,,05/30/2026,5,0,UAA-146175,UAA102A022726,02/27/2026 05:36:30 PM,,bbupreiduaa,bbupreiduaa,12 Day Expiry Rule,02/27/2026,0
IBUAA1050688,Located,="76925",SL RS WHITE HOT DOG BUNS 16P 28Z,02/27/2026 05:39:34 PM,105,105,0,02/27/2026 05:36:40 PM,FRZ-0-60-0,02/27/2026 05:36:41 PM,,05/30/2026,5,0,UAA-146175,UAA102A022726,02/27/2026 05:36:40 PM,,bbupreiduaa,bbupreiduaa,12 Day Expiry Rule,02/27/2026,0
IBUAA1050689,Located,="76925",SL RS WHITE HOT DOG BUNS 16P 28Z,02/27/2026 05:43:34 PM,105,105,0,02/27/2026 05:36:53 PM,FRZ-0-60-0,02/27/2026 05:36:54 PM,,05/30/2026,5,0,UAA-146175,UAA102A022726,02/27/2026 05:36:53 PM,,bbupreiduaa,bbupreiduaa,12 Day Expiry Rule,02/27/2026,0
IBUAA1050773,Located,="76925",SL RS WHITE HOT DOG BUNS 16P 28Z,02/27/2026 05:43:20 PM,105,105,0,02/27/2026 05:39:41 PM,FRZ-0-60-0,02/27/2026 05:39:42 PM,,05/30/2026,5,0,UAA-146175,UAA102A022726,02/27/2026 05:39:41 PM,,bbujkovachuaa,bbujkovachuaa,12 Day Expiry Rule,02/27/2026,0
IBUAA1050774,Located,="76925",SL RS WHITE HOT DOG BUNS 16P 28Z,02/27/2026 05:43:20 PM,105,105,0,02/27/2026 05:39:51 PM,FRZ-0-60-0,02/27/2026 05:39:52 PM,,05/30/2026,5,0,UAA-146175,UAA102A022726,02/27/2026 05:39:51 PM,,bbujkovachuaa,bbujkovachuaa,12 Day Expiry Rule,02/27/2026,0
IBUAA1050793,Located,="76925",SL RS WHITE HOT DOG BUNS 16P 28Z,02/27/2026 05:47:49 PM,105,105,0,02/27/2026 05:42:38 PM,FRZ-0-60-0,02/27/2026 05:42:40 PM,,05/30/2026,5,0,UAA-146175,UAA102A022726,02/27/2026 05:42:38 PM,,bbualewisuaa,bbupreiduaa,12 Day Expiry Rule,02/27/2026,0
IBUAA1050794,Located,="76925",SL RS WHITE HOT DOG BUNS 16P 28Z,02/27/2026 05:47:49 PM,105,105,0,02/27/2026 05:42:47 PM,FRZ-0-60-0,02/27/2026 05:42:47 PM,,05/30/2026,5,0,UAA-146175,UAA102A022726,02/27/2026 05:42:47 PM,,bbualewisuaa,bbupreiduaa,12 Day Expiry Rule,02/27/2026,0
IBUAA1050795,Located,="76925",SL RS WHITE HOT DOG BUNS 16P 28Z,02/27/2026 05:46:19 PM,105,105,0,02/27/2026 05:42:57 PM,FRZ-0-60-0,02/27/2026 05:42:57 PM,,05/30/2026,5,0,UAA-146175,UAA102A022726,02/27/2026 05:42:57 PM,,bbualewisuaa,bbujkovachuaa,12 Day Expiry Rule,02/27/2026,0
IBUAA1050799,Located,="76925",SL RS WHITE HOT DOG BUNS 16P 28Z,02/27/2026 05:56:35 PM,105,105,0,02/27/2026 05:52:11 PM,FRZ-0-60-0,02/27/2026 05:52:13 PM,,05/30/2026,5,0,UAA-146177,UAA102A022726,02/27/2026 05:52:11 PM,,bbupreiduaa,bbupreiduaa,12 Day Expiry Rule,02/27/2026,0
IBUAA1050800,Located,="76925",SL RS WHITE HOT DOG BUNS 16P 28Z,02/27/2026 05:59:34 PM,105,105,0,02/27/2026 05:52:22 PM,FRZ-0-60-0,02/27/2026 05:52:23 PM,,05/30/2026,5,0,UAA-146177,UAA102A022726,02/27/2026 05:52:22 PM,,bbupreiduaa,bbupreiduaa,12 Day Expiry Rule,02/27/2026,0
IBUAA1050778,Located,="76925",SL RS WHITE HOT DOG BUNS 16P 28Z,02/27/2026 05:58:12 PM,105,105,0,02/27/2026 05:52:25 PM,FRZ-0-60-0,02/27/2026 05:52:26 PM,,05/30/2026,5,0,UAA-146177,UAA102A022726,02/27/2026 05:52:25 PM,,bbujkovachuaa,bbujkovachuaa,12 Day Expiry Rule,02/27/2026,0
IBUAA1050801,Located,="76925",SL RS WHITE HOT DOG BUNS 16P 28Z,02/27/2026 05:56:35 PM,105,105,0,02/27/2026 05:53:08 PM,FRZ-0-60-0,02/27/2026 05:53:09 PM,,05/30/2026,5,0,UAA-146177,UAA102A022726,02/27/2026 05:53:08 PM,,bbupreiduaa,bbupreiduaa,12 Day Expiry Rule,02/27/2026,0
IBUAA1050802,Located,="76925",SL RS WHITE HOT DOG BUNS 16P 28Z,02/27/2026 06:11:18 PM,105,105,0,02/27/2026 05:53:19 PM,FRZ-0-60-0,02/27/2026 05:53:20 PM,,05/30/2026,5,0,UAA-146177,UAA102A022726,02/27/2026 05:53:19 PM,,bbupreiduaa,bbucorncorneliusuaa,12 Day Expiry Rule,02/27/2026,0
IBUAA1050779,Located,="76925",SL RS WHITE HOT DOG BUNS 16P 28Z,02/27/2026 05:58:12 PM,105,105,0,02/27/2026 05:54:39 PM,FRZ-0-60-0,02/27/2026 05:54:40 PM,,05/30/2026,5,0,UAA-146177,UAA102A022726,02/27/2026 05:54:39 PM,,bbujkovachuaa,bbujkovachuaa,12 Day Expiry Rule,02/27/2026,0
IBUAA1050780,Located,="76925",SL RS WHITE HOT DOG BUNS 16P 28Z,02/27/2026 05:58:12 PM,105,105,0,02/27/2026 05:54:54 PM,FRZ-0-60-0,02/27/2026 05:54:55 PM,,05/30/2026,5,0,UAA-146177,UAA102A022726,02/27/2026 05:54:54 PM,,bbujkovachuaa,bbujkovachuaa,12 Day Expiry Rule,02/27/2026,0
IBUAA1050803,Located,="76925",SL RS WHITE HOT DOG BUNS 16P 28Z,02/27/2026 06:11:18 PM,105,105,0,02/27/2026 06:05:04 PM,FRZ-0-60-0,02/27/2026 06:05:06 PM,,05/30/2026,5,0,UAA-146177,UAA102A022726,02/27/2026 06:05:04 PM,,bbudashuaa,bbucorncorneliusuaa,12 Day Expiry Rule,02/27/2026,0
IBUAA1050804,Located,="76925",SL RS WHITE HOT DOG BUNS 16P 28Z,02/27/2026 06:11:18 PM,105,105,0,02/27/2026 06:05:12 PM,FRZ-0-60-0,02/27/2026 06:05:13 PM,,05/30/2026,5,0,UAA-146177,UAA102A022726,02/27/2026 06:05:12 PM,,bbudashuaa,bbucorncorneliusuaa,12 Day Expiry Rule,02/27/2026,0
IBUAA1050805,Located,="76925",SL RS WHITE HOT DOG BUNS 16P 28Z,02/27/2026 06:11:18 PM,105,105,0,02/27/2026 06:05:19 PM,FRZ-0-60-0,02/27/2026 06:05:21 PM,,05/30/2026,5,0,UAA-146177,UAA102A022726,02/27/2026 06:05:19 PM,,bbudashuaa,bbucorncorneliusuaa,12 Day Expiry Rule,02/27/2026,0
IBUAA1050806,Located,="76925",SL RS WHITE HOT DOG BUNS 16P 28Z,02/27/2026 06:11:18 PM,105,105,0,02/27/2026 06:06:34 PM,FRZ-0-60-0,02/27/2026 06:06:35 PM,,05/30/2026,5,0,UAA-146177,UAA102A022726,02/27/2026 06:06:34 PM,,bbudashuaa,bbucorncorneliusuaa,12 Day Expiry Rule,02/27/2026,0
IBUAA1050832,Located,="76925",SL RS WHITE HOT DOG BUNS 16P 28Z,02/27/2026 06:11:18 PM,105,105,0,02/27/2026 06:07:20 PM,FRZ-0-60-0,02/27/2026 06:07:22 PM,,05/30/2026,5,0,UAA-146177,UAA102A022726,02/27/2026 06:07:20 PM,,bbucorncorneliusuaa,bbucorncorneliusuaa,12 Day Expiry Rule,02/27/2026,0
IBUAA1050809,Located,="76925",SL RS WHITE HOT DOG BUNS 16P 28Z,02/27/2026 06:20:05 PM,105,105,0,02/27/2026 06:08:30 PM,FRZ-0-60-0,02/27/2026 06:08:31 PM,,05/30/2026,5,0,UAA-146177,UAA102A022726,02/27/2026 06:08:30 PM,,bbudashuaa,bbucjaheimuaa,12 Day Expiry Rule,02/27/2026,0
IBUAA1050810,Located,="76925",SL RS WHITE HOT DOG BUNS 16P 28Z,02/27/2026 06:13:22 PM,105,105,0,02/27/2026 06:08:35 PM,FRZ-0-60-0,02/27/2026 06:08:36 PM,,05/30/2026,5,0,UAA-146177,UAA102A022726,02/27/2026 06:08:35 PM,,bbudashuaa,bbucorncorneliusuaa,12 Day Expiry Rule,02/27/2026,0
IBUAA1050811,Located,="76925",SL RS WHITE HOT DOG BUNS 16P 28Z,02/27/2026 06:13:22 PM,105,105,0,02/27/2026 06:09:32 PM,FRZ-0-60-0,02/27/2026 06:09:33 PM,,05/30/2026,5,0,UAA-146177,UAA102A022726,02/27/2026 06:09:32 PM,,bbudashuaa,bbucorncorneliusuaa,12 Day Expiry Rule,02/27/2026,0
IBUAA1050833,Located,="76925",SL RS WHITE HOT DOG BUNS 16P 28Z,02/27/2026 06:20:05 PM,105,105,0,02/27/2026 06:15:37 PM,FRZ-0-60-0,02/27/2026 06:15:38 PM,,05/30/2026,5,0,UAA-146177,UAA102A022726,02/27/2026 06:15:37 PM,,bbucorncorneliusuaa,bbucjaheimuaa,12 Day Expiry Rule,02/27/2026,0
IBUAA1050835,Located,="76925",SL RS WHITE HOT DOG BUNS 16P 28Z,02/27/2026 06:20:05 PM,105,105,0,02/27/2026 06:17:10 PM,FRZ-0-60-0,02/27/2026 06:17:11 PM,,05/30/2026,5,0,UAA-146177,UAA102A022726,02/27/2026 06:17:10 PM,,bbucorncorneliusuaa,bbucjaheimuaa,12 Day Expiry Rule,02/27/2026,0
IBUAA1050837,Located,="76925",SL RS WHITE HOT DOG BUNS 16P 28Z,02/27/2026 06:20:05 PM,105,105,0,02/27/2026 06:17:32 PM,FRZ-0-60-0,02/27/2026 06:17:33 PM,,05/30/2026,5,0,UAA-146177,UAA102A022726,02/27/2026 06:17:32 PM,,bbucorncorneliusuaa,bbucjaheimuaa,12 Day Expiry Rule,02/27/2026,0
IBUAA1050853,Located,="76925",SL RS WHITE HOT DOG BUNS 16P 28Z,02/27/2026 06:23:42 PM,105,105,0,02/27/2026 06:21:57 PM,FRZ-0-60-0,02/27/2026 06:21:58 PM,,05/30/2026,5,0,UAA-146177,UAA102A022726,02/27/2026 06:21:57 PM,,bbudashuaa,bbucjaheimuaa,12 Day Expiry Rule,02/27/2026,0
IBUAA1050840,Located,="76925",SL RS WHITE HOT DOG BUNS 16P 28Z,02/27/2026 06:24:56 PM,105,105,0,02/27/2026 06:22:33 PM,FRZ-0-60-0,02/27/2026 06:22:34 PM,,05/30/2026,5,0,UAA-146177,UAA102A022726,02/27/2026 06:22:33 PM,,bbucorncorneliusuaa,bbucjaheimuaa,12 Day Expiry Rule,02/27/2026,0
IBUAA1050854,Located,="76925",SL RS WHITE HOT DOG BUNS 16P 28Z,02/27/2026 06:29:24 PM,105,105,0,02/27/2026 06:25:08 PM,FRZ-0-60-0,02/27/2026 06:25:08 PM,,05/30/2026,5,0,UAA-146177,UAA102A022726,02/27/2026 06:25:08 PM,,bbudashuaa,bbudashuaa,12 Day Expiry Rule,02/27/2026,0
IBUAA1050921,Located,="71468",BIM WHITE HOT DOG BUNS 8P 14Z,02/27/2026 07:19:24 PM,252,252,0,02/27/2026 07:15:36 PM,FRZ-0-61-0,02/27/2026 07:15:39 PM,,05/30/2026,12,0,UAA-146180,UAA102A022726,02/27/2026 07:15:36 PM,,bbucorncorneliusuaa,bbudashuaa,12 Day Expiry Rule,02/27/2026,0
IBUAA1050922,Located,="71468",BIM WHITE HOT DOG BUNS 8P 14Z,02/27/2026 07:19:24 PM,252,252,0,02/27/2026 07:15:47 PM,FRZ-0-61-0,02/27/2026 07:15:47 PM,,05/30/2026,12,0,UAA-146180,UAA102A022726,02/27/2026 07:15:47 PM,,bbucorncorneliusuaa,bbudashuaa,12 Day Expiry Rule,02/27/2026,0
IBUAA1050923,Located,="71468",BIM WHITE HOT DOG BUNS 8P 14Z,02/27/2026 07:23:07 PM,252,252,0,02/27/2026 07:15:51 PM,FRZ-0-61-0,02/27/2026 07:15:52 PM,,05/30/2026,12,0,UAA-146180,UAA102A022726,02/27/2026 07:15:51 PM,,bbucorncorneliusuaa,bbudashuaa,12 Day Expiry Rule,02/27/2026,0
IBUAA1050924,Located,="71468",BIM WHITE HOT DOG BUNS 8P 14Z,02/27/2026 07:24:26 PM,252,252,0,02/27/2026 07:18:55 PM,FRZ-0-61-0,02/27/2026 07:18:56 PM,,05/30/2026,12,0,UAA-146180,UAA102A022726,02/27/2026 07:18:55 PM,,bbucorncorneliusuaa,bbudashuaa,12 Day Expiry Rule,02/27/2026,0
IBUAA1050925,Located,="71468",BIM WHITE HOT DOG BUNS 8P 14Z,02/27/2026 07:24:26 PM,252,252,0,02/27/2026 07:22:33 PM,FRZ-0-61-0,02/27/2026 07:22:34 PM,,05/30/2026,12,0,UAA-146180,UAA102A022726,02/27/2026 07:22:33 PM,,bbucorncorneliusuaa,bbudashuaa,12 Day Expiry Rule,02/27/2026,0
IBUAA1050926,Located,="71468",BIM WHITE HOT DOG BUNS 8P 14Z,02/27/2026 07:30:44 PM,252,252,0,02/27/2026 07:25:50 PM,FRZ-0-61-0,02/27/2026 07:25:51 PM,,05/30/2026,12,0,UAA-146180,UAA102A022726,02/27/2026 07:25:50 PM,,bbucorncorneliusuaa,bbudashuaa,12 Day Expiry Rule,02/27/2026,0
IBUAA1050927,Located,="71468",BIM WHITE HOT DOG BUNS 8P 14Z,02/27/2026 07:30:44 PM,252,252,0,02/27/2026 07:25:58 PM,FRZ-0-61-0,02/27/2026 07:25:59 PM,,05/30/2026,12,0,UAA-146180,UAA102A022726,02/27/2026 07:25:58 PM,,bbucorncorneliusuaa,bbudashuaa,12 Day Expiry Rule,02/27/2026,0
IBUAA1050928,Located,="71468",BIM WHITE HOT DOG BUNS 8P 14Z,02/27/2026 07:30:43 PM,252,252,0,02/27/2026 07:26:05 PM,FRZ-0-61-0,02/27/2026 07:26:06 PM,,05/30/2026,12,0,UAA-146180,UAA102A022726,02/27/2026 07:26:05 PM,,bbucorncorneliusuaa,bbudashuaa,12 Day Expiry Rule,02/27/2026,0
IBUAA1050929,Located,="71468",BIM WHITE HOT DOG BUNS 8P 14Z,02/27/2026 07:30:43 PM,252,252,0,02/27/2026 07:26:26 PM,FRZ-0-61-0,02/27/2026 07:26:27 PM,,05/30/2026,12,0,UAA-146180,UAA102A022726,02/27/2026 07:26:26 PM,,bbucorncorneliusuaa,bbudashuaa,12 Day Expiry Rule,02/27/2026,0
IBUAA1050930,Located,="71468",BIM WHITE HOT DOG BUNS 8P 14Z,02/27/2026 07:37:40 PM,252,252,0,02/27/2026 07:33:02 PM,FRZ-0-61-0,02/27/2026 07:33:03 PM,,05/30/2026,12,0,UAA-146180,UAA102A022726,02/27/2026 07:33:02 PM,,bbucorncorneliusuaa,bbudashuaa,12 Day Expiry Rule,02/27/2026,0
IBUAA1050931,Located,="71468",BIM WHITE HOT DOG BUNS 8P 14Z,02/27/2026 07:37:40 PM,252,252,0,02/27/2026 07:33:15 PM,FRZ-0-61-0,02/27/2026 07:33:16 PM,,05/30/2026,12,0,UAA-146180,UAA102A022726,02/27/2026 07:33:15 PM,,bbucorncorneliusuaa,bbudashuaa,12 Day Expiry Rule,02/27/2026,0
IBUAA1050992,Located,="71468",BIM WHITE HOT DOG BUNS 8P 14Z,02/27/2026 07:37:40 PM,252,252,0,02/27/2026 07:33:20 PM,FRZ-0-61-0,02/27/2026 07:33:21 PM,,05/30/2026,12,0,UAA-146180,UAA102A022726,02/27/2026 07:33:20 PM,,bbucorncorneliusuaa,bbudashuaa,12 Day Expiry Rule,02/27/2026,0
IBUAA1050993,Located,="71468",BIM WHITE HOT DOG BUNS 8P 14Z,02/27/2026 07:37:40 PM,252,252,0,02/27/2026 07:33:25 PM,FRZ-0-61-0,02/27/2026 07:33:26 PM,,05/30/2026,12,0,UAA-146180,UAA102A022726,02/27/2026 07:33:25 PM,,bbucorncorneliusuaa,bbudashuaa,12 Day Expiry Rule,02/27/2026,0
IBUAA1050995,Located,="71468",BIM WHITE HOT DOG BUNS 8P 14Z,02/27/2026 07:45:45 PM,252,252,0,02/27/2026 07:41:56 PM,FRZ-0-61-0,02/27/2026 07:41:56 PM,,05/30/2026,12,0,UAA-146180,UAA102A022726,02/27/2026 07:41:56 PM,,bbucorncorneliusuaa,bbudashuaa,12 Day Expiry Rule,02/27/2026,0
IBUAA1050996,Located,="71468",BIM WHITE HOT DOG BUNS 8P 14Z,02/27/2026 07:45:45 PM,252,252,0,02/27/2026 07:42:03 PM,FRZ-0-61-0,02/27/2026 07:42:04 PM,,05/30/2026,12,0,UAA-146180,UAA102A022726,02/27/2026 07:42:03 PM,,bbucorncorneliusuaa,bbudashuaa,12 Day Expiry Rule,02/27/2026,0
IBUAA1050997,Located,="71468",BIM WHITE HOT DOG BUNS 8P 14Z,02/27/2026 07:51:15 PM,252,252,0,02/27/2026 07:42:08 PM,FRZ-0-61-0,02/27/2026 07:42:09 PM,,05/30/2026,12,0,UAA-146180,UAA102A022726,02/27/2026 07:42:08 PM,,bbucorncorneliusuaa,bbudashuaa,12 Day Expiry Rule,02/27/2026,0
IBUAA1050998,Located,="71468",BIM WHITE HOT DOG BUNS 8P 14Z,02/27/2026 07:45:45 PM,252,252,0,02/27/2026 07:42:16 PM,FRZ-0-61-0,02/27/2026 07:42:17 PM,,05/30/2026,12,0,UAA-146180,UAA102A022726,02/27/2026 07:42:16 PM,,bbucorncorneliusuaa,bbudashuaa,12 Day Expiry Rule,02/27/2026,0
IBUAA1050999,Located,="71468",BIM WHITE HOT DOG BUNS 8P 14Z,02/27/2026 07:51:15 PM,252,252,0,02/27/2026 07:48:06 PM,FRZ-0-61-0,02/27/2026 07:48:07 PM,,05/30/2026,12,0,UAA-146180,UAA102A022726,02/27/2026 07:48:06 PM,,bbucorncorneliusuaa,bbudashuaa,12 Day Expiry Rule,02/27/2026,0
IBUAA1051000,Located,="71468",BIM WHITE HOT DOG BUNS 8P 14Z,02/27/2026 07:59:27 PM,252,252,0,02/27/2026 07:48:12 PM,FRZ-0-61-0,02/27/2026 07:48:13 PM,,05/30/2026,12,0,UAA-146180,UAA102A022726,02/27/2026 07:48:12 PM,,bbucorncorneliusuaa,bbudashuaa,12 Day Expiry Rule,02/27/2026,0
IBUAA1051001,Located,="71468",BIM WHITE HOT DOG BUNS 8P 14Z,02/27/2026 07:59:27 PM,252,252,0,02/27/2026 07:48:17 PM,FRZ-0-61-0,02/27/2026 07:48:17 PM,,05/30/2026,12,0,UAA-146180,UAA102A022726,02/27/2026 07:48:17 PM,,bbucorncorneliusuaa,bbudashuaa,12 Day Expiry Rule,02/27/2026,0
IBUAA1051002,Located,="71468",BIM WHITE HOT DOG BUNS 8P 14Z,02/27/2026 07:56:37 PM,252,252,0,02/27/2026 07:52:50 PM,FRZ-0-61-0,02/27/2026 07:52:51 PM,,05/30/2026,12,0,UAA-146180,UAA102A022726,02/27/2026 07:52:50 PM,,bbucorncorneliusuaa,bbudashuaa,12 Day Expiry Rule,02/27/2026,0
IBUAA1051003,Located,="71468",BIM WHITE HOT DOG BUNS 8P 14Z,02/27/2026 07:56:37 PM,252,252,0,02/27/2026 07:52:54 PM,FRZ-0-61-0,02/27/2026 07:52:54 PM,,05/30/2026,12,0,UAA-146180,UAA102A022726,02/27/2026 07:52:54 PM,,bbucorncorneliusuaa,bbudashuaa,12 Day Expiry Rule,02/27/2026,0
IBUAA1051004,Located,="71468",BIM WHITE HOT DOG BUNS 8P 14Z,02/27/2026 07:59:27 PM,252,252,0,02/27/2026 07:52:59 PM,FRZ-0-61-0,02/27/2026 07:53:00 PM,,05/30/2026,12,0,UAA-146180,UAA102A022726,02/27/2026 07:52:59 PM,,bbucorncorneliusuaa,bbudashuaa,12 Day Expiry Rule,02/27/2026,0
IBUAA1051005,Located,="71468",BIM WHITE HOT DOG BUNS 8P 14Z,02/27/2026 07:59:55 PM,252,252,0,02/27/2026 07:53:06 PM,FRZ-0-61-0,02/27/2026 07:53:07 PM,,05/30/2026,12,0,UAA-146180,UAA102A022726,02/27/2026 07:53:06 PM,,bbucorncorneliusuaa,bbudashuaa,12 Day Expiry Rule,02/27/2026,0
IBUAA1050987,Located,="71468",BIM WHITE HOT DOG BUNS 8P 14Z,02/27/2026 08:07:18 PM,252,252,0,02/27/2026 08:01:49 PM,FRZ-0-61-0,02/27/2026 08:01:50 PM,,05/30/2026,12,0,UAA-146180,UAA102A022726,02/27/2026 08:01:49 PM,,bbucjaheimuaa,bbugvazquezuaa,12 Day Expiry Rule,02/27/2026,0
IBUAA1050988,Located,="71468",BIM WHITE HOT DOG BUNS 8P 14Z,02/27/2026 08:07:17 PM,252,252,0,02/27/2026 08:01:55 PM,FRZ-0-61-0,02/27/2026 08:01:56 PM,,05/30/2026,12,0,UAA-146180,UAA102A022726,02/27/2026 08:01:55 PM,,bbucjaheimuaa,bbugvazquezuaa,12 Day Expiry Rule,02/27/2026,0
IBUAA1050989,Located,="71468",BIM WHITE HOT DOG BUNS 8P 14Z,02/27/2026 08:07:18 PM,252,252,0,02/27/2026 08:02:00 PM,FRZ-0-61-0,02/27/2026 08:02:00 PM,,05/30/2026,12,0,UAA-146180,UAA102A022726,02/27/2026 08:02:00 PM,,bbucjaheimuaa,bbugvazquezuaa,12 Day Expiry Rule,02/27/2026,0
IBUAA1050990,Located,="71468",BIM WHITE HOT DOG BUNS 8P 14Z,02/27/2026 08:07:18 PM,252,252,0,02/27/2026 08:02:49 PM,FRZ-0-61-0,02/27/2026 08:02:50 PM,,05/30/2026,12,0,UAA-146180,UAA102A022726,02/27/2026 08:02:49 PM,,bbucjaheimuaa,bbugvazquezuaa,12 Day Expiry Rule,02/27/2026,0
IBUAA1050991,Located,="71468",BIM WHITE HOT DOG BUNS 8P 14Z,02/27/2026 08:13:48 PM,252,252,0,02/27/2026 08:08:02 PM,FRZ-0-61-0,02/27/2026 08:08:07 PM,,05/30/2026,12,0,UAA-146180,UAA102A022726,02/27/2026 08:08:02 PM,,bbucjaheimuaa,bbugvazquezuaa,12 Day Expiry Rule,02/27/2026,0
IBUAA1051012,Located,="71468",BIM WHITE HOT DOG BUNS 8P 14Z,02/27/2026 08:13:48 PM,252,252,0,02/27/2026 08:09:34 PM,FRZ-0-61-0,02/27/2026 08:09:35 PM,,05/30/2026,12,0,UAA-146180,UAA102A022726,02/27/2026 08:09:34 PM,,bbucjaheimuaa,bbugvazquezuaa,12 Day Expiry Rule,02/27/2026,0
IBUAA1051013,Located,="71468",BIM WHITE HOT DOG BUNS 8P 14Z,02/27/2026 08:13:48 PM,252,252,0,02/27/2026 08:11:13 PM,FRZ-0-61-0,02/27/2026 08:11:14 PM,,05/30/2026,12,0,UAA-146180,UAA102A022726,02/27/2026 08:11:13 PM,,bbucjaheimuaa,bbugvazquezuaa,12 Day Expiry Rule,02/27/2026,0
IBUAA1051014,Located,="71468",BIM WHITE HOT DOG BUNS 8P 14Z,02/27/2026 08:21:48 PM,252,252,0,02/27/2026 08:16:48 PM,FRZ-0-61-0,02/27/2026 08:16:48 PM,,05/30/2026,12,0,UAA-146180,UAA102A022726,02/27/2026 08:16:48 PM,,bbucjaheimuaa,bbucjaheimuaa,12 Day Expiry Rule,02/27/2026,0
IBUAA1051015,Located,="71468",BIM WHITE HOT DOG BUNS 8P 14Z,02/27/2026 08:19:46 PM,252,252,0,02/27/2026 08:16:53 PM,FRZ-0-61-0,02/27/2026 08:16:54 PM,,05/30/2026,12,0,UAA-146180,UAA102A022726,02/27/2026 08:16:53 PM,,bbucjaheimuaa,bbugvazquezuaa,12 Day Expiry Rule,02/27/2026,0
IBUAA1051016,Located,="71468",BIM WHITE HOT DOG BUNS 8P 14Z,02/27/2026 08:21:48 PM,252,252,0,02/27/2026 08:16:58 PM,FRZ-0-61-0,02/27/2026 08:16:58 PM,,05/30/2026,12,0,UAA-146180,UAA102A022726,02/27/2026 08:16:58 PM,,bbucjaheimuaa,bbucjaheimuaa,12 Day Expiry Rule,02/27/2026,0
IBUAA1051017,Located,="71468",BIM WHITE HOT DOG BUNS 8P 14Z,02/27/2026 08:19:46 PM,252,252,0,02/27/2026 08:17:13 PM,FRZ-0-61-0,02/27/2026 08:17:13 PM,,05/30/2026,12,0,UAA-146180,UAA102A022726,02/27/2026 08:17:13 PM,,bbucjaheimuaa,bbugvazquezuaa,12 Day Expiry Rule,02/27/2026,0
IBUAA1051018,Located,="71468",BIM WHITE HOT DOG BUNS 8P 14Z,02/27/2026 08:21:47 PM,252,252,0,02/27/2026 08:18:37 PM,FRZ-0-61-0,02/27/2026 08:18:38 PM,,05/30/2026,12,0,UAA-146180,UAA102A022726,02/27/2026 08:18:37 PM,,bbucjaheimuaa,bbucjaheimuaa,12 Day Expiry Rule,02/27/2026,0
IBUAA1050951,Located,="71468",BIM WHITE HOT DOG BUNS 8P 14Z,02/27/2026 08:27:31 PM,252,252,0,02/27/2026 08:23:09 PM,FRZ-0-61-0,02/27/2026 08:23:11 PM,,05/30/2026,12,0,UAA-146180,UAA102A022726,02/27/2026 08:23:09 PM,,bbudashuaa,bbudashuaa,12 Day Expiry Rule,02/27/2026,0
IBUAA1051052,Located,="71468",BIM WHITE HOT DOG BUNS 8P 14Z,02/27/2026 08:29:52 PM,252,252,0,02/27/2026 08:23:15 PM,FRZ-0-61-0,02/27/2026 08:23:16 PM,,05/30/2026,12,0,UAA-146180,UAA102A022726,02/27/2026 08:23:15 PM,,bbudashuaa,bbucjaheimuaa,12 Day Expiry Rule,02/27/2026,0
IBUAA1051053,Located,="71468",BIM WHITE HOT DOG BUNS 8P 14Z,02/27/2026 08:27:31 PM,252,252,0,02/27/2026 08:23:22 PM,FRZ-0-61-0,02/27/2026 08:23:23 PM,,05/30/2026,12,0,UAA-146180,UAA102A022726,02/27/2026 08:23:22 PM,,bbudashuaa,bbudashuaa,12 Day Expiry Rule,02/27/2026,0
IBUAA1051019,Located,="71468",BIM WHITE HOT DOG BUNS 8P 14Z,02/27/2026 08:50:30 PM,252,252,0,02/27/2026 08:26:08 PM,FRZ-0-61-0,02/27/2026 08:26:09 PM,,05/30/2026,12,0,UAA-146180,UAA102A022726,02/27/2026 08:26:08 PM,,bbucjaheimuaa,bbucorncorneliusuaa,12 Day Expiry Rule,02/27/2026,0
IBUAA1051020,Located,="71468",BIM WHITE HOT DOG BUNS 8P 14Z,02/27/2026 08:29:52 PM,252,252,0,02/27/2026 08:26:36 PM,FRZ-0-61-0,02/27/2026 08:26:37 PM,,05/30/2026,12,0,UAA-146180,UAA102A022726,02/27/2026 08:26:36 PM,,bbucjaheimuaa,bbucjaheimuaa,12 Day Expiry Rule,02/27/2026,0
IBUAA1051055,Located,="71468",BIM WHITE HOT DOG BUNS 8P 14Z,02/27/2026 08:34:39 PM,252,252,0,02/27/2026 08:29:39 PM,FRZ-0-61-0,02/27/2026 08:29:39 PM,,05/30/2026,12,0,UAA-146180,UAA102A022726,02/27/2026 08:29:39 PM,,bbudashuaa,bbudashuaa,12 Day Expiry Rule,02/27/2026,0
IBUAA1051056,Located,="71468",BIM WHITE HOT DOG BUNS 8P 14Z,02/27/2026 08:34:39 PM,252,252,0,02/27/2026 08:29:46 PM,FRZ-0-61-0,02/27/2026 08:29:46 PM,,05/30/2026,12,0,UAA-146180,UAA102A022726,02/27/2026 08:29:46 PM,,bbudashuaa,bbudashuaa,12 Day Expiry Rule,02/27/2026,0
IBUAA1051057,Located,="71468",BIM WHITE HOT DOG BUNS 8P 14Z,02/27/2026 08:34:39 PM,252,252,0,02/27/2026 08:29:51 PM,FRZ-0-61-0,02/27/2026 08:29:52 PM,,05/30/2026,12,0,UAA-146180,UAA102A022726,02/27/2026 08:29:51 PM,,bbudashuaa,bbudashuaa,12 Day Expiry Rule,02/27/2026,0
IBUAA1051058,Located,="71468",BIM WHITE HOT DOG BUNS 8P 14Z,02/27/2026 08:34:39 PM,252,252,0,02/27/2026 08:32:11 PM,FRZ-0-61-0,02/27/2026 08:32:12 PM,,05/30/2026,12,0,UAA-146180,UAA102A022726,02/27/2026 08:32:11 PM,,bbudashuaa,bbudashuaa,12 Day Expiry Rule,02/27/2026,0
IBUAA1051059,Located,="71468",BIM WHITE HOT DOG BUNS 8P 14Z,02/27/2026 08:42:08 PM,252,252,0,02/27/2026 08:32:18 PM,FRZ-0-61-0,02/27/2026 08:32:19 PM,,05/30/2026,12,0,UAA-146180,UAA102A022726,02/27/2026 08:32:17 PM,,bbudashuaa,bbucorncorneliusuaa,12 Day Expiry Rule,02/27/2026,0
IBUAA1051063,Located,="71468",BIM WHITE HOT DOG BUNS 8P 14Z,02/27/2026 08:42:08 PM,252,252,0,02/27/2026 08:38:16 PM,FRZ-0-61-0,03/04/2026 03:52:55 AM,,05/30/2026,12,0,UAA-146180,UAA102A022726,02/27/2026 08:38:16 PM,,bbudashuaa,bbucorncorneliusuaa,12 Day Expiry Rule,02/27/2026,0
IBUAA1051064,Located,="71468",BIM WHITE HOT DOG BUNS 8P 14Z,02/27/2026 08:42:08 PM,252,252,0,02/27/2026 08:38:24 PM,FRZ-0-61-0,02/27/2026 08:38:25 PM,,05/30/2026,12,0,UAA-146180,UAA102A022726,02/27/2026 08:38:24 PM,,bbudashuaa,bbucorncorneliusuaa,12 Day Expiry Rule,02/27/2026,0
IBUAA1051072,Located,="71468",BIM WHITE HOT DOG BUNS 8P 14Z,02/27/2026 08:42:07 PM,252,252,0,02/27/2026 08:40:05 PM,FRZ-0-61-0,02/27/2026 08:40:06 PM,,05/30/2026,12,0,UAA-146180,UAA102A022726,02/27/2026 08:40:05 PM,,bbudashuaa,bbucorncorneliusuaa,12 Day Expiry Rule,02/27/2026,0
IBUAA1051073,Located,="71468",BIM WHITE HOT DOG BUNS 8P 14Z,02/27/2026 08:51:21 PM,252,252,0,02/27/2026 08:45:59 PM,FRZ-0-61-0,02/27/2026 08:46:00 PM,,05/30/2026,12,0,UAA-146180,UAA102A022726,02/27/2026 08:45:59 PM,,bbudashuaa,bbucorncorneliusuaa,12 Day Expiry Rule,02/27/2026,0
IBUAA1051074,Located,="71468",BIM WHITE HOT DOG BUNS 8P 14Z,02/27/2026 08:50:30 PM,252,252,0,02/27/2026 08:46:06 PM,FRZ-0-61-0,02/27/2026 08:46:06 PM,,05/30/2026,12,0,UAA-146180,UAA102A022726,02/27/2026 08:46:06 PM,,bbudashuaa,bbucorncorneliusuaa,12 Day Expiry Rule,02/27/2026,0
IBUAA1051075,Located,="71468",BIM WHITE HOT DOG BUNS 8P 14Z,02/27/2026 08:51:21 PM,252,252,0,02/27/2026 08:48:00 PM,FRZ-0-61-0,02/27/2026 08:48:01 PM,,05/30/2026,12,0,UAA-146180,UAA102A022726,02/27/2026 08:48:00 PM,,bbudashuaa,bbucorncorneliusuaa,12 Day Expiry Rule,02/27/2026,0
IBUAA1051076,Located,="71468",BIM WHITE HOT DOG BUNS 8P 14Z,02/27/2026 09:00:22 PM,252,252,0,02/27/2026 08:53:41 PM,FRZ-0-61-0,02/27/2026 08:53:42 PM,,05/30/2026,12,0,UAA-146180,UAA102A022726,02/27/2026 08:53:41 PM,,bbudashuaa,bbucorncorneliusuaa,12 Day Expiry Rule,02/27/2026,0
IBUAA1051077,Located,="71468",BIM WHITE HOT DOG BUNS 8P 14Z,02/27/2026 09:00:22 PM,252,252,0,02/27/2026 08:53:50 PM,FRZ-0-61-0,02/27/2026 08:53:51 PM,,05/30/2026,12,0,UAA-146180,UAA102A022726,02/27/2026 08:53:50 PM,,bbudashuaa,bbucorncorneliusuaa,12 Day Expiry Rule,02/27/2026,0
IBUAA1051078,Located,="71468",BIM WHITE HOT DOG BUNS 8P 14Z,02/27/2026 09:07:09 PM,252,252,0,02/27/2026 08:53:58 PM,FRZ-0-61-0,02/27/2026 08:53:59 PM,,05/30/2026,12,0,UAA-146180,UAA102A022726,02/27/2026 08:53:58 PM,,bbudashuaa,bbucjaheimuaa,12 Day Expiry Rule,02/27/2026,0
IBUAA1051079,Located,="71468",BIM WHITE HOT DOG BUNS 8P 14Z,02/27/2026 09:07:09 PM,252,252,0,02/27/2026 08:54:06 PM,FRZ-0-61-0,02/27/2026 08:54:07 PM,,05/30/2026,12,0,UAA-146180,UAA102A022726,02/27/2026 08:54:06 PM,,bbudashuaa,bbucjaheimuaa,12 Day Expiry Rule,02/27/2026,0
IBUAA1051080,Located,="71468",BIM WHITE HOT DOG BUNS 8P 14Z,02/27/2026 09:05:27 PM,252,252,0,02/27/2026 09:01:40 PM,FRZ-0-61-0,02/27/2026 09:01:41 PM,,05/30/2026,12,0,UAA-146180,UAA102A022726,02/27/2026 09:01:40 PM,,bbudashuaa,bbucorncorneliusuaa,12 Day Expiry Rule,02/27/2026,0
IBUAA1051081,Located,="71468",BIM WHITE HOT DOG BUNS 8P 14Z,02/27/2026 09:05:27 PM,252,252,0,02/27/2026 09:01:45 PM,FRZ-0-61-0,02/27/2026 09:01:46 PM,,05/30/2026,12,0,UAA-146180,UAA102A022726,02/27/2026 09:01:45 PM,,bbudashuaa,bbucorncorneliusuaa,12 Day Expiry Rule,02/27/2026,0
IBUAA1051082,Located,="71468",BIM WHITE HOT DOG BUNS 8P 14Z,02/27/2026 09:07:09 PM,252,252,0,02/27/2026 09:02:00 PM,FRZ-0-61-0,02/27/2026 09:02:01 PM,,05/30/2026,12,0,UAA-146180,UAA102A022726,02/27/2026 09:02:00 PM,,bbudashuaa,bbucjaheimuaa,12 Day Expiry Rule,02/27/2026,0
IBUAA1051083,Located,="71468",BIM WHITE HOT DOG BUNS 8P 14Z,02/27/2026 09:07:09 PM,252,252,0,02/27/2026 09:02:23 PM,FRZ-0-61-0,02/27/2026 09:02:24 PM,,05/30/2026,12,0,UAA-146180,UAA102A022726,02/27/2026 09:02:23 PM,,bbudashuaa,bbucjaheimuaa,12 Day Expiry Rule,02/27/2026,0
IBUAA1051084,Located,="71468",BIM WHITE HOT DOG BUNS 8P 14Z,02/27/2026 09:11:13 PM,252,252,0,02/27/2026 09:04:34 PM,FRZ-0-61-0,02/27/2026 09:04:35 PM,,05/30/2026,12,0,UAA-146180,UAA102A022726,02/27/2026 09:04:34 PM,,bbudashuaa,bbucorncorneliusuaa,12 Day Expiry Rule,02/27/2026,0
IBUAA1051085,Located,="71468",BIM WHITE HOT DOG BUNS 8P 14Z,02/27/2026 09:11:13 PM,252,252,0,02/27/2026 09:04:42 PM,FRZ-0-61-0,02/27/2026 09:04:43 PM,,05/30/2026,12,0,UAA-146180,UAA102A022726,02/27/2026 09:04:42 PM,,bbudashuaa,bbucorncorneliusuaa,12 Day Expiry Rule,02/27/2026,0
IBUAA1051086,Located,="71468",BIM WHITE HOT DOG BUNS 8P 14Z,02/27/2026 09:11:13 PM,252,252,0,02/27/2026 09:06:50 PM,FRZ-0-61-0,02/27/2026 09:06:51 PM,,05/30/2026,12,0,UAA-146180,UAA102A022726,02/27/2026 09:06:50 PM,,bbudashuaa,bbucorncorneliusuaa,12 Day Expiry Rule,02/27/2026,0
IBUAA1051087,Located,="71468",BIM WHITE HOT DOG BUNS 8P 14Z,02/27/2026 09:11:13 PM,252,252,0,02/27/2026 09:08:46 PM,FRZ-0-61-0,02/27/2026 09:08:47 PM,,05/30/2026,12,0,UAA-146180,UAA102A022726,02/27/2026 09:08:46 PM,,bbudashuaa,bbucorncorneliusuaa,12 Day Expiry Rule,02/27/2026,0
IBUAA1051088,Located,="71468",BIM WHITE HOT DOG BUNS 8P 14Z,02/27/2026 09:17:49 PM,252,252,0,02/27/2026 09:14:20 PM,FRZ-0-61-0,02/27/2026 09:14:20 PM,,05/30/2026,12,0,UAA-146180,UAA102A022726,02/27/2026 09:14:20 PM,,bbudashuaa,bbucorncorneliusuaa,12 Day Expiry Rule,02/27/2026,0
IBUAA1051089,Located,="71468",BIM WHITE HOT DOG BUNS 8P 14Z,02/27/2026 09:17:49 PM,252,252,0,02/27/2026 09:14:26 PM,FRZ-0-61-0,02/27/2026 09:14:27 PM,,05/30/2026,12,0,UAA-146180,UAA102A022726,02/27/2026 09:14:26 PM,,bbudashuaa,bbucorncorneliusuaa,12 Day Expiry Rule,02/27/2026,0
IBUAA1051090,Located,="71468",BIM WHITE HOT DOG BUNS 8P 14Z,02/27/2026 09:17:49 PM,252,252,0,02/27/2026 09:14:33 PM,FRZ-0-61-0,02/27/2026 09:14:34 PM,,05/30/2026,12,0,UAA-146180,UAA102A022726,02/27/2026 09:14:33 PM,,bbudashuaa,bbucorncorneliusuaa,12 Day Expiry Rule,02/27/2026,0
IBUAA1051091,Located,="71468",BIM WHITE HOT DOG BUNS 8P 14Z,02/27/2026 09:17:49 PM,252,252,0,02/27/2026 09:14:44 PM,FRZ-0-61-0,02/27/2026 09:14:44 PM,,05/30/2026,12,0,UAA-146180,UAA102A022726,02/27/2026 09:14:44 PM,,bbudashuaa,bbucorncorneliusuaa,12 Day Expiry Rule,02/27/2026,0
IBUAA1051112,Located,="71468",BIM WHITE HOT DOG BUNS 8P 14Z,02/27/2026 09:24:43 PM,252,252,0,02/27/2026 09:19:31 PM,FRZ-0-61-0,02/27/2026 09:19:32 PM,,05/30/2026,12,0,UAA-146180,UAA102A022726,02/27/2026 09:19:31 PM,,bbudashuaa,bbucorncorneliusuaa,12 Day Expiry Rule,02/27/2026,0
IBUAA1051113,Located,="71468",BIM WHITE HOT DOG BUNS 8P 14Z,02/27/2026 09:24:43 PM,252,252,0,02/27/2026 09:19:41 PM,FRZ-0-61-0,02/27/2026 09:19:41 PM,,05/30/2026,12,0,UAA-146180,UAA102A022726,02/27/2026 09:19:41 PM,,bbudashuaa,bbucorncorneliusuaa,12 Day Expiry Rule,02/27/2026,0
IBUAA1051115,Located,="71468",BIM WHITE HOT DOG BUNS 8P 14Z,02/27/2026 09:25:09 PM,252,252,0,02/27/2026 09:23:13 PM,FRZ-0-61-0,02/27/2026 09:23:13 PM,,05/30/2026,12,0,UAA-146180,UAA102A022726,02/27/2026 09:23:13 PM,,bbudashuaa,bbucorncorneliusuaa,12 Day Expiry Rule,02/27/2026,0
IBUAA1051116,Located,="71468",BIM WHITE HOT DOG BUNS 8P 14Z,02/27/2026 09:29:58 PM,252,252,0,02/27/2026 09:23:26 PM,FRZ-0-61-0,02/27/2026 09:23:26 PM,,05/30/2026,12,0,UAA-146180,UAA102A022726,02/27/2026 09:23:26 PM,,bbudashuaa,bbucorncorneliusuaa,12 Day Expiry Rule,02/27/2026,0
IBUAA1051117,Located,="71468",BIM WHITE HOT DOG BUNS 8P 14Z,02/27/2026 09:29:58 PM,252,252,0,02/27/2026 09:23:33 PM,FRZ-0-61-0,02/27/2026 09:23:34 PM,,05/30/2026,12,0,UAA-146180,UAA102A022726,02/27/2026 09:23:33 PM,,bbudashuaa,bbucorncorneliusuaa,12 Day Expiry Rule,02/27/2026,0
IBUAA1051118,Located,="71468",BIM WHITE HOT DOG BUNS 8P 14Z,02/27/2026 09:30:16 PM,252,252,0,02/27/2026 09:23:38 PM,FRZ-0-61-0,02/27/2026 09:23:39 PM,,05/30/2026,12,0,UAA-146180,UAA102A022726,02/27/2026 09:23:38 PM,,bbudashuaa,bbucorncorneliusuaa,12 Day Expiry Rule,02/27/2026,0
IBUAA1051119,Located,="71468",BIM WHITE HOT DOG BUNS 8P 14Z,02/27/2026 09:35:41 PM,252,252,0,02/27/2026 09:31:53 PM,FRZ-0-61-0,02/27/2026 09:31:54 PM,,05/30/2026,12,0,UAA-146180,UAA102A022726,02/27/2026 09:31:53 PM,,bbudashuaa,bbucorncorneliusuaa,12 Day Expiry Rule,02/27/2026,0
IBUAA1051120,Located,="71468",BIM WHITE HOT DOG BUNS 8P 14Z,02/27/2026 09:35:41 PM,252,252,0,02/27/2026 09:31:57 PM,FRZ-0-61-0,02/27/2026 09:31:58 PM,,05/30/2026,12,0,UAA-146180,UAA102A022726,02/27/2026 09:31:57 PM,,bbudashuaa,bbucorncorneliusuaa,12 Day Expiry Rule,02/27/2026,0
IBUAA1051121,Located,="71468",BIM WHITE HOT DOG BUNS 8P 14Z,02/27/2026 09:35:41 PM,252,252,0,02/27/2026 09:33:15 PM,FRZ-0-61-0,02/27/2026 09:33:16 PM,,05/30/2026,12,0,UAA-146180,UAA102A022726,02/27/2026 09:33:15 PM,,bbudashuaa,bbucorncorneliusuaa,12 Day Expiry Rule,02/27/2026,0
IBUAA1051122,Located,="71468",BIM WHITE HOT DOG BUNS 8P 14Z,02/27/2026 09:42:18 PM,252,252,0,02/27/2026 09:33:40 PM,FRZ-0-61-0,02/27/2026 09:33:41 PM,,05/30/2026,12,0,UAA-146180,UAA102A022726,02/27/2026 09:33:40 PM,,bbudashuaa,bbucorncorneliusuaa,12 Day Expiry Rule,02/27/2026,0
IBUAA1051124,Located,="71468",BIM WHITE HOT DOG BUNS 8P 14Z,02/27/2026 09:41:10 PM,252,252,0,02/27/2026 09:35:36 PM,FRZ-0-61-0,02/27/2026 09:35:37 PM,,05/30/2026,12,0,UAA-146180,UAA102A022726,02/27/2026 09:35:36 PM,,bbudashuaa,bbucorncorneliusuaa,12 Day Expiry Rule,02/27/2026,0
IBUAA1051126,Located,="71468",BIM WHITE HOT DOG BUNS 8P 14Z,02/27/2026 09:41:10 PM,252,252,0,02/27/2026 09:35:53 PM,FRZ-0-61-0,02/27/2026 09:35:53 PM,,05/30/2026,12,0,UAA-146180,UAA102A022726,02/27/2026 09:35:53 PM,,bbudashuaa,bbucorncorneliusuaa,12 Day Expiry Rule,02/27/2026,0
IBUAA1051131,Located,="71468",BIM WHITE HOT DOG BUNS 8P 14Z,02/27/2026 09:42:18 PM,252,252,0,02/27/2026 09:39:25 PM,FRZ-0-61-0,02/27/2026 09:39:25 PM,,05/30/2026,12,0,UAA-146180,UAA102A022726,02/27/2026 09:39:25 PM,,bbudashuaa,bbucorncorneliusuaa,12 Day Expiry Rule,02/27/2026,0
IBUAA1051172,Located,="71468",BIM WHITE HOT DOG BUNS 8P 14Z,02/27/2026 10:00:07 PM,252,252,0,02/27/2026 09:40:05 PM,FRZ-0-61-0,02/27/2026 09:40:06 PM,,05/30/2026,12,0,UAA-146180,UAA102A022726,02/27/2026 09:40:05 PM,,bbudashuaa,bbucorncorneliusuaa,12 Day Expiry Rule,02/27/2026,0
IBUAA1051174,Located,="71468",BIM WHITE HOT DOG BUNS 8P 14Z,02/27/2026 10:07:24 PM,252,252,0,02/27/2026 09:45:39 PM,FRZ-0-61-0,02/27/2026 09:45:40 PM,,05/30/2026,12,0,UAA-146180,UAA102A022726,02/27/2026 09:45:39 PM,,bbudashuaa,bbucorncorneliusuaa,12 Day Expiry Rule,02/27/2026,0
IBUAA1051175,Located,="71468",BIM WHITE HOT DOG BUNS 8P 14Z,02/27/2026 10:00:07 PM,252,252,0,02/27/2026 09:45:45 PM,FRZ-0-61-0,02/27/2026 09:45:45 PM,,05/30/2026,12,0,UAA-146180,UAA102A022726,02/27/2026 09:45:45 PM,,bbudashuaa,bbucorncorneliusuaa,12 Day Expiry Rule,02/27/2026,0
IBUAA1051176,Located,="71468",BIM WHITE HOT DOG BUNS 8P 14Z,02/27/2026 10:00:07 PM,252,252,0,02/27/2026 09:45:53 PM,FRZ-0-61-0,02/27/2026 09:45:54 PM,,05/30/2026,12,0,UAA-146180,UAA102A022726,02/27/2026 09:45:53 PM,,bbudashuaa,bbucorncorneliusuaa,12 Day Expiry Rule,02/27/2026,0
IBUAA1051177,Located,="71468",BIM WHITE HOT DOG BUNS 8P 14Z,02/27/2026 09:50:40 PM,252,252,0,02/27/2026 09:46:02 PM,FRZ-0-61-0,02/27/2026 09:46:02 PM,,05/30/2026,12,0,UAA-146180,UAA102A022726,02/27/2026 09:46:02 PM,,bbudashuaa,bbucorncorneliusuaa,12 Day Expiry Rule,02/27/2026,0
IBUAA1051178,Located,="71468",BIM WHITE HOT DOG BUNS 8P 14Z,02/27/2026 09:50:40 PM,252,252,0,02/27/2026 09:46:10 PM,FRZ-0-61-0,02/27/2026 09:46:11 PM,,05/30/2026,12,0,UAA-146180,UAA102A022726,02/27/2026 09:46:10 PM,,bbudashuaa,bbucorncorneliusuaa,12 Day Expiry Rule,02/27/2026,0
IBUAA1051179,Located,="71468",BIM WHITE HOT DOG BUNS 8P 14Z,02/27/2026 09:52:03 PM,252,252,0,02/27/2026 09:46:18 PM,FRZ-0-61-0,02/27/2026 09:46:19 PM,,05/30/2026,12,0,UAA-146180,UAA102A022726,02/27/2026 09:46:18 PM,,bbudashuaa,bbucorncorneliusuaa,12 Day Expiry Rule,02/27/2026,0
IBUAA1051181,Located,="71468",BIM WHITE HOT DOG BUNS 8P 14Z,02/27/2026 09:52:03 PM,252,252,0,02/27/2026 09:46:34 PM,FRZ-0-61-0,02/27/2026 09:46:35 PM,,05/30/2026,12,0,UAA-146180,UAA102A022726,02/27/2026 09:46:34 PM,,bbudashuaa,bbucorncorneliusuaa,12 Day Expiry Rule,02/27/2026,0
IBUAA1051185,Located,="71468",BIM WHITE HOT DOG BUNS 8P 14Z,02/27/2026 10:07:58 PM,252,252,0,02/27/2026 10:02:23 PM,FRZ-0-62-0,02/27/2026 10:02:24 PM,,05/30/2026,12,0,UAA-146187,UAA102A022726,02/27/2026 10:02:23 PM,,bbudashuaa,bbucorncorneliusuaa,12 Day Expiry Rule,02/27/2026,0
IBUAA1051186,Located,="71468",BIM WHITE HOT DOG BUNS 8P 14Z,02/27/2026 10:12:51 PM,252,252,0,02/27/2026 10:02:27 PM,FRZ-0-62-0,02/27/2026 10:02:28 PM,,05/30/2026,12,0,UAA-146187,UAA102A022726,02/27/2026 10:02:27 PM,,bbudashuaa,bbucorncorneliusuaa,12 Day Expiry Rule,02/27/2026,0
IBUAA1051187,Located,="71468",BIM WHITE HOT DOG BUNS 8P 14Z,02/27/2026 10:12:51 PM,252,252,0,02/27/2026 10:02:32 PM,FRZ-0-62-0,02/27/2026 10:02:33 PM,,05/30/2026,12,0,UAA-146187,UAA102A022726,02/27/2026 10:02:32 PM,,bbudashuaa,bbucorncorneliusuaa,12 Day Expiry Rule,02/27/2026,0
IBUAA1051188,Located,="71468",BIM WHITE HOT DOG BUNS 8P 14Z,02/27/2026 10:12:51 PM,252,252,0,02/27/2026 10:02:36 PM,FRZ-0-62-0,02/27/2026 10:02:37 PM,,05/30/2026,12,0,UAA-146187,UAA102A022726,02/27/2026 10:02:36 PM,,bbudashuaa,bbucorncorneliusuaa,12 Day Expiry Rule,02/27/2026,0
IBUAA1051192,Located,="71468",BIM WHITE HOT DOG BUNS 8P 14Z,02/27/2026 10:12:51 PM,252,252,0,02/27/2026 10:06:57 PM,FRZ-0-62-0,02/27/2026 10:06:58 PM,,05/30/2026,12,0,UAA-146187,UAA102A022726,02/27/2026 10:06:57 PM,,bbudashuaa,bbucorncorneliusuaa,12 Day Expiry Rule,02/27/2026,0
IBUAA1051193,Located,="71468",BIM WHITE HOT DOG BUNS 8P 14Z,02/27/2026 10:18:48 PM,252,252,0,02/27/2026 10:10:03 PM,FRZ-0-62-0,02/27/2026 10:10:05 PM,,05/30/2026,12,0,UAA-146187,UAA102A022726,02/27/2026 10:10:03 PM,,bbudashuaa,bbucorncorneliusuaa,12 Day Expiry Rule,02/27/2026,0
IBUAA1051194,Located,="71468",BIM WHITE HOT DOG BUNS 8P 14Z,02/27/2026 10:18:47 PM,252,252,0,02/27/2026 10:10:16 PM,FRZ-0-62-0,02/27/2026 10:10:17 PM,,05/30/2026,12,0,UAA-146187,UAA102A022726,02/27/2026 10:10:16 PM,,bbudashuaa,bbucorncorneliusuaa,12 Day Expiry Rule,02/27/2026,0
IBUAA1051197,Located,="71468",BIM WHITE HOT DOG BUNS 8P 14Z,02/27/2026 10:18:47 PM,252,252,0,02/27/2026 10:12:41 PM,FRZ-0-62-0,02/27/2026 10:12:42 PM,,05/30/2026,12,0,UAA-146187,UAA102A022726,02/27/2026 10:12:41 PM,,bbudashuaa,bbucorncorneliusuaa,12 Day Expiry Rule,02/27/2026,0
IBUAA1051198,Located,="71468",BIM WHITE HOT DOG BUNS 8P 14Z,02/27/2026 10:18:47 PM,252,252,0,02/27/2026 10:15:48 PM,FRZ-0-62-0,02/27/2026 10:15:49 PM,,05/30/2026,12,0,UAA-146187,UAA102A022726,02/27/2026 10:15:48 PM,,bbudashuaa,bbucorncorneliusuaa,12 Day Expiry Rule,02/27/2026,0
IBUAA1051199,Located,="71468",BIM WHITE HOT DOG BUNS 8P 14Z,02/27/2026 10:18:47 PM,252,252,0,02/27/2026 10:15:54 PM,FRZ-0-62-0,02/27/2026 10:15:54 PM,,05/30/2026,12,0,UAA-146187,UAA102A022726,02/27/2026 10:15:54 PM,,bbudashuaa,bbucorncorneliusuaa,12 Day Expiry Rule,02/27/2026,0
IBUAA1051203,Located,="71468",BIM WHITE HOT DOG BUNS 8P 14Z,02/27/2026 10:33:47 PM,252,252,0,02/27/2026 10:22:54 PM,FRZ-0-62-0,02/27/2026 10:22:55 PM,,05/30/2026,12,0,UAA-146187,UAA102A022726,02/27/2026 10:22:54 PM,,bbudashuaa,bbudashuaa,12 Day Expiry Rule,02/27/2026,0
IBUAA1051204,Located,="71468",BIM WHITE HOT DOG BUNS 8P 14Z,02/27/2026 10:33:47 PM,252,252,0,02/27/2026 10:22:59 PM,FRZ-0-62-0,02/27/2026 10:23:00 PM,,05/30/2026,12,0,UAA-146187,UAA102A022726,02/27/2026 10:22:59 PM,,bbudashuaa,bbudashuaa,12 Day Expiry Rule,02/27/2026,0
IBUAA1051205,Located,="71468",BIM WHITE HOT DOG BUNS 8P 14Z,02/27/2026 10:35:22 PM,252,252,0,02/27/2026 10:25:32 PM,FRZ-0-62-0,02/27/2026 10:25:33 PM,,05/30/2026,12,0,UAA-146187,UAA102A022726,02/27/2026 10:25:32 PM,,bbudashuaa,bbudashuaa,12 Day Expiry Rule,02/27/2026,0
IBUAA1051206,Located,="71468",BIM WHITE HOT DOG BUNS 8P 14Z,02/27/2026 10:35:22 PM,252,252,0,02/27/2026 10:25:37 PM,FRZ-0-62-0,02/27/2026 10:25:38 PM,,05/30/2026,12,0,UAA-146187,UAA102A022726,02/27/2026 10:25:37 PM,,bbudashuaa,bbudashuaa,12 Day Expiry Rule,02/27/2026,0
IBUAA1051106,Located,="71468",BIM WHITE HOT DOG BUNS 8P 14Z,02/27/2026 11:00:58 PM,252,252,0,02/27/2026 10:48:04 PM,FRZ-0-62-0,02/27/2026 10:48:06 PM,,05/30/2026,12,0,UAA-146187,UAA102A022726,02/27/2026 10:48:04 PM,,bbudashuaa,bbugvazquezuaa,12 Day Expiry Rule,02/27/2026,0
IBUAA1051107,Located,="71468",BIM WHITE HOT DOG BUNS 8P 14Z,02/27/2026 11:05:28 PM,252,252,0,02/27/2026 10:49:22 PM,FRZ-0-62-0,02/27/2026 10:49:23 PM,,05/30/2026,12,0,UAA-146187,UAA102A022726,02/27/2026 10:49:22 PM,,bbudashuaa,bbugvazquezuaa,12 Day Expiry Rule,02/27/2026,0
IBUAA1051108,Located,="71468",BIM WHITE HOT DOG BUNS 8P 14Z,02/27/2026 11:00:58 PM,252,252,0,02/27/2026 10:49:30 PM,FRZ-0-62-0,02/27/2026 10:49:31 PM,,05/30/2026,12,0,UAA-146187,UAA102A022726,02/27/2026 10:49:30 PM,,bbudashuaa,bbugvazquezuaa,12 Day Expiry Rule,02/27/2026,0
IBUAA1051109,Located,="71468",BIM WHITE HOT DOG BUNS 8P 14Z,02/27/2026 11:00:58 PM,252,252,0,02/27/2026 10:49:39 PM,FRZ-0-62-0,02/27/2026 10:49:40 PM,,05/30/2026,12,0,UAA-146187,UAA102A022726,02/27/2026 10:49:39 PM,,bbudashuaa,bbugvazquezuaa,12 Day Expiry Rule,02/27/2026,0
IBUAA1051110,Located,="71468",BIM WHITE HOT DOG BUNS 8P 14Z,02/27/2026 11:12:33 PM,252,252,0,02/27/2026 10:55:36 PM,FRZ-0-62-0,02/27/2026 10:55:37 PM,,05/30/2026,12,0,UAA-146187,UAA102A022726,02/27/2026 10:55:36 PM,,bbudashuaa,bbugvazquezuaa,12 Day Expiry Rule,02/27/2026,0
IBUAA1051254,Located,="71468",BIM WHITE HOT DOG BUNS 8P 14Z,02/27/2026 11:12:33 PM,252,252,0,02/27/2026 11:03:13 PM,FRZ-0-62-0,02/27/2026 11:03:14 PM,,05/30/2026,12,0,UAA-146187,UAA102A022726,02/27/2026 11:03:13 PM,,bbudashuaa,bbugvazquezuaa,12 Day Expiry Rule,02/27/2026,0
IBUAA1051255,Located,="71468",BIM WHITE HOT DOG BUNS 8P 14Z,02/27/2026 11:15:55 PM,252,252,0,02/27/2026 11:03:21 PM,FRZ-0-62-0,02/27/2026 11:03:22 PM,,05/30/2026,12,0,UAA-146187,UAA102A022726,02/27/2026 11:03:21 PM,,bbudashuaa,bbucjaheimuaa,12 Day Expiry Rule,02/27/2026,0
IBUAA1051256,Located,="71468",BIM WHITE HOT DOG BUNS 8P 14Z,02/27/2026 11:12:33 PM,252,252,0,02/27/2026 11:03:29 PM,FRZ-0-62-0,02/27/2026 11:03:30 PM,,05/30/2026,12,0,UAA-146187,UAA102A022726,02/27/2026 11:03:29 PM,,bbudashuaa,bbugvazquezuaa,12 Day Expiry Rule,02/27/2026,0
IBUAA1051257,Located,="71468",BIM WHITE HOT DOG BUNS 8P 14Z,02/27/2026 11:15:55 PM,252,252,0,02/27/2026 11:10:03 PM,FRZ-0-62-0,02/27/2026 11:10:04 PM,,05/30/2026,12,0,UAA-146187,UAA102A022726,02/27/2026 11:10:03 PM,,bbucjaheimuaa,bbucjaheimuaa,12 Day Expiry Rule,02/27/2026,0
IBUAA1051258,Located,="71468",BIM WHITE HOT DOG BUNS 8P 14Z,02/27/2026 11:15:55 PM,252,252,0,02/27/2026 11:10:11 PM,FRZ-0-62-0,02/27/2026 11:10:12 PM,,05/30/2026,12,0,UAA-146187,UAA102A022726,02/27/2026 11:10:11 PM,,bbucjaheimuaa,bbucjaheimuaa,12 Day Expiry Rule,02/27/2026,0
IBUAA1051259,Located,="71468",BIM WHITE HOT DOG BUNS 8P 14Z,02/27/2026 11:15:55 PM,252,252,0,02/27/2026 11:10:26 PM,FRZ-0-62-0,02/27/2026 11:10:27 PM,,05/30/2026,12,0,UAA-146187,UAA102A022726,02/27/2026 11:10:26 PM,,bbucjaheimuaa,bbucjaheimuaa,12 Day Expiry Rule,02/27/2026,0
IBUAA1051280,Located,="71468",BIM WHITE HOT DOG BUNS 8P 14Z,02/27/2026 11:21:03 PM,252,252,0,02/27/2026 11:18:47 PM,FRZ-0-62-0,02/27/2026 11:18:49 PM,,05/30/2026,12,0,UAA-146187,UAA102A022726,02/27/2026 11:18:47 PM,,bbugvazquezuaa,bbugvazquezuaa,12 Day Expiry Rule,02/27/2026,0
IBUAA1051281,Located,="71468",BIM WHITE HOT DOG BUNS 8P 14Z,02/27/2026 11:22:31 PM,252,252,0,02/27/2026 11:18:57 PM,FRZ-0-62-0,02/27/2026 11:18:58 PM,,05/30/2026,12,0,UAA-146187,UAA102A022726,02/27/2026 11:18:57 PM,,bbugvazquezuaa,bbucjaheimuaa,12 Day Expiry Rule,02/27/2026,0
IBUAA1051312,Located,="71468",BIM WHITE HOT DOG BUNS 8P 14Z,02/27/2026 11:26:17 PM,252,252,0,02/27/2026 11:20:07 PM,FRZ-0-62-0,02/27/2026 11:20:08 PM,,05/30/2026,12,0,UAA-146187,UAA102A022726,02/27/2026 11:20:07 PM,,bbucjaheimuaa,bbugvazquezuaa,12 Day Expiry Rule,02/27/2026,0
IBUAA1051313,Located,="71468",BIM WHITE HOT DOG BUNS 8P 14Z,02/27/2026 11:22:31 PM,252,252,0,02/27/2026 11:20:14 PM,FRZ-0-62-0,02/27/2026 11:20:15 PM,,05/30/2026,12,0,UAA-146187,UAA102A022726,02/27/2026 11:20:14 PM,,bbucjaheimuaa,bbucjaheimuaa,12 Day Expiry Rule,02/27/2026,0
IBUAA1051315,Located,="71468",BIM WHITE HOT DOG BUNS 8P 14Z,02/27/2026 11:31:22 PM,252,252,0,02/27/2026 11:25:04 PM,FRZ-0-62-0,02/27/2026 11:25:05 PM,,05/30/2026,12,0,UAA-146187,UAA102A022726,02/27/2026 11:25:04 PM,,bbucjaheimuaa,bbugvazquezuaa,12 Day Expiry Rule,02/27/2026,0
IBUAA1051316,Located,="71468",BIM WHITE HOT DOG BUNS 8P 14Z,02/27/2026 11:30:04 PM,252,252,0,02/27/2026 11:25:10 PM,FRZ-0-62-0,02/27/2026 11:25:11 PM,,05/30/2026,12,0,UAA-146187,UAA102A022726,02/27/2026 11:25:10 PM,,bbucjaheimuaa,bbugvazquezuaa,12 Day Expiry Rule,02/27/2026,0
IBUAA1051317,Located,="71468",BIM WHITE HOT DOG BUNS 8P 14Z,02/27/2026 11:30:04 PM,252,252,0,02/27/2026 11:25:19 PM,FRZ-0-62-0,02/27/2026 11:25:20 PM,,05/30/2026,12,0,UAA-146187,UAA102A022726,02/27/2026 11:25:19 PM,,bbucjaheimuaa,bbugvazquezuaa,12 Day Expiry Rule,02/27/2026,0
IBUAA1051318,Located,="71468",BIM WHITE HOT DOG BUNS 8P 14Z,02/27/2026 11:31:22 PM,252,252,0,02/27/2026 11:25:27 PM,FRZ-0-62-0,02/27/2026 11:25:28 PM,,05/30/2026,12,0,UAA-146187,UAA102A022726,02/27/2026 11:25:27 PM,,bbucjaheimuaa,bbugvazquezuaa,12 Day Expiry Rule,02/27/2026,0
IBUAA1051162,Located,="71468",BIM WHITE HOT DOG BUNS 8P 14Z,02/27/2026 11:47:49 PM,252,252,0,02/27/2026 11:41:45 PM,FRZ-0-62-0,02/27/2026 11:41:47 PM,,05/30/2026,12,0,UAA-146187,UAA102A022726,02/27/2026 11:41:45 PM,,bbugvazquezuaa,bbucorncorneliusuaa,12 Day Expiry Rule,02/27/2026,0
IBUAA1051163,Located,="71468",BIM WHITE HOT DOG BUNS 8P 14Z,02/27/2026 11:47:49 PM,252,252,0,02/27/2026 11:41:49 PM,FRZ-0-62-0,02/27/2026 11:41:49 PM,,05/30/2026,12,0,UAA-146187,UAA102A022726,02/27/2026 11:41:49 PM,,bbugvazquezuaa,bbucorncorneliusuaa,12 Day Expiry Rule,02/27/2026,0
IBUAA1051164,Located,="71468",BIM WHITE HOT DOG BUNS 8P 14Z,02/27/2026 11:53:35 PM,252,252,0,02/27/2026 11:41:51 PM,FRZ-0-62-0,02/27/2026 11:41:52 PM,,05/30/2026,12,0,UAA-146187,UAA102A022726,02/27/2026 11:41:51 PM,,bbugvazquezuaa,bbucorncorneliusuaa,12 Day Expiry Rule,02/27/2026,0
IBUAA1051165,Located,="71468",BIM WHITE HOT DOG BUNS 8P 14Z,02/27/2026 11:47:48 PM,252,252,0,02/27/2026 11:41:53 PM,FRZ-0-62-0,02/27/2026 11:41:54 PM,,05/30/2026,12,0,UAA-146187,UAA102A022726,02/27/2026 11:41:53 PM,,bbugvazquezuaa,bbucorncorneliusuaa,12 Day Expiry Rule,02/27/2026,0
IBUAA1051166,Located,="71468",BIM WHITE HOT DOG BUNS 8P 14Z,02/27/2026 11:47:48 PM,252,252,0,02/27/2026 11:42:14 PM,FRZ-0-62-0,02/27/2026 11:42:15 PM,,05/30/2026,12,0,UAA-146187,UAA102A022726,02/27/2026 11:42:14 PM,,bbugvazquezuaa,bbucorncorneliusuaa,12 Day Expiry Rule,02/27/2026,0
IBUAA1051167,Located,="71468",BIM WHITE HOT DOG BUNS 8P 14Z,02/27/2026 11:47:49 PM,252,252,0,02/27/2026 11:42:19 PM,FRZ-0-62-0,02/27/2026 11:42:19 PM,,05/30/2026,12,0,UAA-146187,UAA102A022726,02/27/2026 11:42:19 PM,,bbugvazquezuaa,bbucorncorneliusuaa,12 Day Expiry Rule,02/27/2026,0
IBUAA1051168,Located,="71468",BIM WHITE HOT DOG BUNS 8P 14Z,02/27/2026 11:47:48 PM,252,252,0,02/27/2026 11:42:23 PM,FRZ-0-62-0,02/27/2026 11:42:23 PM,,05/30/2026,12,0,UAA-146187,UAA102A022726,02/27/2026 11:42:23 PM,,bbugvazquezuaa,bbucorncorneliusuaa,12 Day Expiry Rule,02/27/2026,0
IBUAA1051169,Located,="71468",BIM WHITE HOT DOG BUNS 8P 14Z,02/27/2026 11:47:48 PM,252,252,0,02/27/2026 11:42:32 PM,FRZ-0-62-0,02/27/2026 11:42:33 PM,,05/30/2026,12,0,UAA-146187,UAA102A022726,02/27/2026 11:42:32 PM,,bbugvazquezuaa,bbucorncorneliusuaa,12 Day Expiry Rule,02/27/2026,0
IBUAA1051352,Located,="71468",BIM WHITE HOT DOG BUNS 8P 14Z,02/27/2026 11:53:35 PM,252,252,0,02/27/2026 11:49:24 PM,FRZ-0-62-0,02/27/2026 11:49:26 PM,,05/30/2026,12,0,UAA-146187,UAA102A022726,02/27/2026 11:49:24 PM,,bbudashuaa,bbucorncorneliusuaa,12 Day Expiry Rule,02/27/2026,0
IBUAA1051353,Located,="71468",BIM WHITE HOT DOG BUNS 8P 14Z,02/27/2026 11:53:35 PM,252,252,0,02/27/2026 11:49:36 PM,FRZ-0-62-0,02/27/2026 11:49:37 PM,,05/30/2026,12,0,UAA-146187,UAA102A022726,02/27/2026 11:49:36 PM,,bbudashuaa,bbucorncorneliusuaa,12 Day Expiry Rule,02/27/2026,0
IBUAA1051354,Located,="71468",BIM WHITE HOT DOG BUNS 8P 14Z,02/27/2026 11:53:35 PM,252,252,0,02/27/2026 11:49:43 PM,FRZ-0-62-0,02/27/2026 11:49:43 PM,,05/30/2026,12,0,UAA-146187,UAA102A022726,02/27/2026 11:49:43 PM,,bbudashuaa,bbucorncorneliusuaa,12 Day Expiry Rule,02/27/2026,0
IBUAA1051355,Located,="71468",BIM WHITE HOT DOG BUNS 8P 14Z,02/27/2026 11:53:35 PM,252,252,0,02/27/2026 11:49:49 PM,FRZ-0-62-0,02/27/2026 11:49:50 PM,,05/30/2026,12,0,UAA-146187,UAA102A022726,02/27/2026 11:49:49 PM,,bbudashuaa,bbucorncorneliusuaa,12 Day Expiry Rule,02/27/2026,0
IBUAA1051356,Located,="71468",BIM WHITE HOT DOG BUNS 8P 14Z,02/27/2026 11:57:00 PM,252,252,0,02/27/2026 11:51:15 PM,FRZ-0-62-0,02/27/2026 11:51:16 PM,,05/30/2026,12,0,UAA-146187,UAA102A022726,02/27/2026 11:51:15 PM,,bbudashuaa,bbucorncorneliusuaa,12 Day Expiry Rule,02/27/2026,0
IBUAA1051357,Located,="71468",BIM WHITE HOT DOG BUNS 8P 14Z,02/27/2026 11:57:00 PM,252,252,0,02/27/2026 11:51:21 PM,FRZ-0-62-0,02/27/2026 11:51:22 PM,,05/30/2026,12,0,UAA-146187,UAA102A022726,02/27/2026 11:51:21 PM,,bbudashuaa,bbucorncorneliusuaa,12 Day Expiry Rule,02/27/2026,0
IBUAA1051358,Located,="71468",BIM WHITE HOT DOG BUNS 8P 14Z,02/28/2026 12:00:34 AM,252,252,0,02/27/2026 11:51:29 PM,FRZ-0-62-0,02/27/2026 11:51:30 PM,,05/30/2026,12,0,UAA-146187,UAA102A022726,02/27/2026 11:51:29 PM,,bbudashuaa,bbucorncorneliusuaa,12 Day Expiry Rule,02/27/2026,0
IBUAA1051359,Located,="71468",BIM WHITE HOT DOG BUNS 8P 14Z,02/28/2026 12:00:34 AM,252,252,0,02/27/2026 11:51:34 PM,FRZ-0-62-0,02/27/2026 11:51:37 PM,,05/30/2026,12,0,UAA-146187,UAA102A022726,02/27/2026 11:51:34 PM,,bbudashuaa,bbucorncorneliusuaa,12 Day Expiry Rule,02/27/2026,0
IBUAA1051361,Located,="71468",BIM WHITE HOT DOG BUNS 8P 14Z,02/28/2026 12:05:03 AM,252,252,0,02/27/2026 11:55:35 PM,FRZ-0-62-0,02/27/2026 11:55:36 PM,,05/30/2026,12,0,UAA-146187,UAA102A022726,02/27/2026 11:55:35 PM,,bbudashuaa,bbucorncorneliusuaa,12 Day Expiry Rule,02/27/2026,0
IBUAA1051362,Located,="71468",BIM WHITE HOT DOG BUNS 8P 14Z,02/28/2026 12:05:03 AM,252,252,0,02/27/2026 11:57:58 PM,FRZ-0-62-0,02/27/2026 11:57:59 PM,,05/30/2026,12,0,UAA-146187,UAA102A022726,02/27/2026 11:57:58 PM,,bbudashuaa,bbucorncorneliusuaa,12 Day Expiry Rule,02/27/2026,0
IBUAA1051363,Located,="71468",BIM WHITE HOT DOG BUNS 8P 14Z,02/28/2026 01:21:05 AM,252,252,0,02/27/2026 11:59:23 PM,FRZ-0-62-0,02/28/2026 01:12:30 AM,,05/30/2026,12,0,UAA-146187,UAA102A022726,02/27/2026 11:59:23 PM,,bbudashuaa,bbucorncorneliusuaa,12 Day Expiry Rule,02/27/2026,0
IBUAA1051364,Located,="71468",BIM WHITE HOT DOG BUNS 8P 14Z,02/28/2026 12:14:05 AM,252,252,0,02/28/2026 12:03:45 AM,FRZ-0-62-0,02/28/2026 12:03:46 AM,,05/30/2026,12,0,UAA-146187,UAA102A022726,02/28/2026 12:03:45 AM,,bbudashuaa,bbucorncorneliusuaa,12 Day Expiry Rule,02/27/2026,0
IBUAA1051365,Located,="71468",BIM WHITE HOT DOG BUNS 8P 14Z,02/28/2026 01:21:05 AM,252,252,0,02/28/2026 12:03:50 AM,FRZ-0-62-0,02/28/2026 01:12:30 AM,,05/30/2026,12,0,UAA-146187,UAA102A022726,02/28/2026 12:03:50 AM,,bbudashuaa,bbucorncorneliusuaa,12 Day Expiry Rule,02/27/2026,0
IBUAA1051366,Located,="71468",BIM WHITE HOT DOG BUNS 8P 14Z,02/28/2026 12:14:05 AM,252,252,0,02/28/2026 12:03:57 AM,FRZ-0-62-0,02/28/2026 12:03:58 AM,,05/30/2026,12,0,UAA-146187,UAA102A022726,02/28/2026 12:03:57 AM,,bbudashuaa,bbucorncorneliusuaa,12 Day Expiry Rule,02/27/2026,0
IBUAA1051367,Located,="71468",BIM WHITE HOT DOG BUNS 8P 14Z,02/28/2026 12:18:01 AM,252,252,0,02/28/2026 12:11:56 AM,FRZ-0-62-0,02/28/2026 12:11:57 AM,,05/30/2026,12,0,UAA-146187,UAA102A022726,02/28/2026 12:11:56 AM,,bbudashuaa,bbucorncorneliusuaa,12 Day Expiry Rule,02/27/2026,0
IBUAA1051368,Located,="71468",BIM WHITE HOT DOG BUNS 8P 14Z,02/28/2026 12:18:02 AM,252,252,0,02/28/2026 12:12:41 AM,FRZ-0-62-0,02/28/2026 12:12:42 AM,,05/30/2026,12,0,UAA-146187,UAA102A022726,02/28/2026 12:12:41 AM,,bbudashuaa,bbucorncorneliusuaa,12 Day Expiry Rule,02/27/2026,0
IBUAA1051369,Located,="71468",BIM WHITE HOT DOG BUNS 8P 14Z,02/28/2026 12:20:51 AM,252,252,0,02/28/2026 12:14:13 AM,FRZ-0-62-0,02/28/2026 12:14:14 AM,,05/30/2026,12,0,UAA-146187,UAA102A022726,02/28/2026 12:14:13 AM,,bbudashuaa,bbucorncorneliusuaa,12 Day Expiry Rule,02/27/2026,0
IBUAA1051370,Located,="71468",BIM WHITE HOT DOG BUNS 8P 14Z,02/28/2026 12:20:51 AM,252,252,0,02/28/2026 12:14:18 AM,FRZ-0-62-0,02/28/2026 12:14:18 AM,,05/30/2026,12,0,UAA-146187,UAA102A022726,02/28/2026 12:14:18 AM,,bbudashuaa,bbucorncorneliusuaa,12 Day Expiry Rule,02/27/2026,0
IBUAA1051371,Located,="71468",BIM WHITE HOT DOG BUNS 8P 14Z,02/28/2026 12:20:51 AM,252,252,0,02/28/2026 12:15:33 AM,FRZ-0-62-0,02/28/2026 12:15:34 AM,,05/30/2026,12,0,UAA-146187,UAA102A022726,02/28/2026 12:15:33 AM,,bbudashuaa,bbucorncorneliusuaa,12 Day Expiry Rule,02/27/2026,0
IBUAA1051392,Located,="71468",BIM WHITE HOT DOG BUNS 8P 14Z,02/28/2026 12:23:22 AM,252,252,0,02/28/2026 12:15:40 AM,FRZ-0-62-0,02/28/2026 12:15:41 AM,,05/30/2026,12,0,UAA-146187,UAA102A022726,02/28/2026 12:15:40 AM,,bbudashuaa,bbucorncorneliusuaa,12 Day Expiry Rule,02/27/2026,0
IBUAA1051397,Located,="71468",BIM WHITE HOT DOG BUNS 8P 14Z,02/28/2026 12:27:53 AM,252,252,0,02/28/2026 12:22:35 AM,FRZ-0-62-0,02/28/2026 12:22:36 AM,,05/30/2026,12,0,UAA-146187,UAA102A022726,02/28/2026 12:22:35 AM,,bbudashuaa,bbucorncorneliusuaa,12 Day Expiry Rule,02/27/2026,0
IBUAA1051398,Located,="71468",BIM WHITE HOT DOG BUNS 8P 14Z,02/28/2026 12:27:53 AM,252,252,0,02/28/2026 12:22:44 AM,FRZ-0-62-0,02/28/2026 12:22:44 AM,,05/30/2026,12,0,UAA-146187,UAA102A022726,02/28/2026 12:22:44 AM,,bbudashuaa,bbucorncorneliusuaa,12 Day Expiry Rule,02/27/2026,0
IBUAA1051399,Located,="71468",BIM WHITE HOT DOG BUNS 8P 14Z,02/28/2026 12:28:31 AM,252,252,0,02/28/2026 12:22:53 AM,FRZ-0-62-0,02/28/2026 12:22:54 AM,,05/30/2026,12,0,UAA-146187,UAA102A022726,02/28/2026 12:22:53 AM,,bbudashuaa,bbucorncorneliusuaa,12 Day Expiry Rule,02/27/2026,0
IBUAA1051400,Located,="71468",BIM WHITE HOT DOG BUNS 8P 14Z,02/28/2026 12:38:00 AM,252,252,0,02/28/2026 12:23:00 AM,FRZ-0-62-0,02/28/2026 12:23:01 AM,,05/30/2026,12,0,UAA-146187,UAA102A022726,02/28/2026 12:23:00 AM,,bbudashuaa,bbudashuaa,12 Day Expiry Rule,02/27/2026,0
IBUAA1051401,Located,="71468",BIM WHITE HOT DOG BUNS 8P 14Z,02/28/2026 12:38:00 AM,252,252,0,02/28/2026 12:23:15 AM,FRZ-0-62-0,02/28/2026 12:23:15 AM,,05/30/2026,12,0,UAA-146187,UAA102A022726,02/28/2026 12:23:15 AM,,bbudashuaa,bbudashuaa,12 Day Expiry Rule,02/27/2026,0
IBUAA1051433,Located,="71468",BIM WHITE HOT DOG BUNS 8P 14Z,02/28/2026 12:38:00 AM,252,252,0,02/28/2026 12:30:33 AM,FRZ-0-62-0,02/28/2026 12:30:35 AM,,05/30/2026,12,0,UAA-146187,UAA102A022826,02/28/2026 12:30:33 AM,,bbucorncorneliusuaa,bbudashuaa,12 Day Expiry Rule,02/28/2026,0
IBUAA1051439,Located,="71468",BIM WHITE HOT DOG BUNS 8P 14Z,02/28/2026 12:38:00 AM,252,252,0,02/28/2026 12:35:29 AM,FRZ-0-62-0,02/28/2026 12:35:30 AM,,05/30/2026,12,0,UAA-146187,UAA102A022826,02/28/2026 12:35:29 AM,,bbucorncorneliusuaa,bbudashuaa,12 Day Expiry Rule,02/28/2026,0
IBUAA1051441,Located,="71468",BIM WHITE HOT DOG BUNS 8P 14Z,02/28/2026 12:50:48 AM,252,252,0,02/28/2026 12:35:35 AM,FRZ-0-62-0,02/28/2026 12:35:36 AM,,05/30/2026,12,0,UAA-146187,UAA102A022826,02/28/2026 12:35:35 AM,,bbucorncorneliusuaa,bbudashuaa,12 Day Expiry Rule,02/28/2026,0
IBUAA1051448,Located,="71468",BIM WHITE HOT DOG BUNS 8P 14Z,02/28/2026 12:50:48 AM,252,252,0,02/28/2026 12:45:03 AM,FRZ-0-62-0,02/28/2026 12:45:04 AM,,05/30/2026,12,0,UAA-146187,UAA102A022826,02/28/2026 12:45:03 AM,,bbucorncorneliusuaa,bbudashuaa,12 Day Expiry Rule,02/28/2026,0
IBUAA1051449,Located,="71468",BIM WHITE HOT DOG BUNS 8P 14Z,02/28/2026 12:50:48 AM,252,252,0,02/28/2026 12:45:09 AM,FRZ-0-62-0,02/28/2026 12:45:10 AM,,05/30/2026,12,0,UAA-146187,UAA102A022826,02/28/2026 12:45:09 AM,,bbucorncorneliusuaa,bbudashuaa,12 Day Expiry Rule,02/28/2026,0
IBUAA1051450,Located,="71468",BIM WHITE HOT DOG BUNS 8P 14Z,02/28/2026 12:50:48 AM,252,252,0,02/28/2026 12:45:23 AM,FRZ-0-62-0,02/28/2026 12:45:24 AM,,05/30/2026,12,0,UAA-146187,UAA102A022826,02/28/2026 12:45:23 AM,,bbucorncorneliusuaa,bbudashuaa,12 Day Expiry Rule,02/28/2026,0
IBUAA1051451,Located,="71468",BIM WHITE HOT DOG BUNS 8P 14Z,02/28/2026 12:50:48 AM,252,252,0,02/28/2026 12:45:28 AM,FRZ-0-62-0,02/28/2026 12:45:29 AM,,05/30/2026,12,0,UAA-146187,UAA102A022826,02/28/2026 12:45:28 AM,,bbucorncorneliusuaa,bbudashuaa,12 Day Expiry Rule,02/28/2026,0
IBUAA1051452,Located,="71468",BIM WHITE HOT DOG BUNS 8P 14Z,02/28/2026 12:50:48 AM,252,252,0,02/28/2026 12:46:06 AM,FRZ-0-62-0,02/28/2026 12:46:07 AM,,05/30/2026,12,0,UAA-146187,UAA102A022826,02/28/2026 12:46:06 AM,,bbucorncorneliusuaa,bbudashuaa,12 Day Expiry Rule,02/28/2026,0
IBUAA1051457,Located,="71468",BIM WHITE HOT DOG BUNS 8P 14Z,02/28/2026 01:05:02 AM,252,252,0,02/28/2026 12:55:07 AM,FRZ-0-62-0,02/28/2026 12:55:08 AM,,05/30/2026,12,0,UAA-146187,UAA102A022826,02/28/2026 12:55:07 AM,,bbucorncorneliusuaa,bbucorncorneliusuaa,12 Day Expiry Rule,02/28/2026,0
IBUAA1051458,Located,="71468",BIM WHITE HOT DOG BUNS 8P 14Z,02/28/2026 01:05:02 AM,252,252,0,02/28/2026 12:55:14 AM,FRZ-0-62-0,02/28/2026 12:55:15 AM,,05/30/2026,12,0,UAA-146187,UAA102A022826,02/28/2026 12:55:14 AM,,bbucorncorneliusuaa,bbucorncorneliusuaa,12 Day Expiry Rule,02/28/2026,0
IBUAA1051460,Located,="71468",BIM WHITE HOT DOG BUNS 8P 14Z,02/28/2026 01:05:02 AM,252,252,0,02/28/2026 12:55:22 AM,FRZ-0-62-0,02/28/2026 12:55:23 AM,,05/30/2026,12,0,UAA-146187,UAA102A022826,02/28/2026 12:55:22 AM,,bbucorncorneliusuaa,bbucorncorneliusuaa,12 Day Expiry Rule,02/28/2026,0
IBUAA1051462,Located,="71468",BIM WHITE HOT DOG BUNS 8P 14Z,02/28/2026 01:05:02 AM,252,252,0,02/28/2026 12:59:39 AM,FRZ-0-62-0,02/28/2026 12:59:40 AM,,05/30/2026,12,0,UAA-146187,UAA102A022826,02/28/2026 12:59:39 AM,,bbucorncorneliusuaa,bbucorncorneliusuaa,12 Day Expiry Rule,02/28/2026,0
IBUAA1051465,Located,="71468",BIM WHITE HOT DOG BUNS 8P 14Z,02/28/2026 01:15:24 AM,252,252,0,02/28/2026 01:09:56 AM,FRZ-0-62-0,02/28/2026 01:09:56 AM,,05/30/2026,12,0,UAA-146187,UAA102A022826,02/28/2026 01:09:56 AM,,bbucorncorneliusuaa,bbucjaheimuaa,12 Day Expiry Rule,02/28/2026,0
IBUAA1051466,Located,="71468",BIM WHITE HOT DOG BUNS 8P 14Z,02/28/2026 01:15:24 AM,252,252,0,02/28/2026 01:10:03 AM,FRZ-0-62-0,02/28/2026 01:10:04 AM,,05/30/2026,12,0,UAA-146187,UAA102A022826,02/28/2026 01:10:03 AM,,bbucorncorneliusuaa,bbucjaheimuaa,12 Day Expiry Rule,02/28/2026,0
IBUAA1051468,Located,="71468",BIM WHITE HOT DOG BUNS 8P 14Z,02/28/2026 01:15:24 AM,252,252,0,02/28/2026 01:10:14 AM,FRZ-0-62-0,02/28/2026 01:10:15 AM,,05/30/2026,12,0,UAA-146187,UAA102A022826,02/28/2026 01:10:14 AM,,bbucorncorneliusuaa,bbucjaheimuaa,12 Day Expiry Rule,02/28/2026,0
IBUAA1051469,Located,="71468",BIM WHITE HOT DOG BUNS 8P 14Z,02/28/2026 01:15:24 AM,252,252,0,02/28/2026 01:10:20 AM,FRZ-0-62-0,02/28/2026 01:10:21 AM,,05/30/2026,12,0,UAA-146187,UAA102A022826,02/28/2026 01:10:20 AM,,bbucorncorneliusuaa,bbucjaheimuaa,12 Day Expiry Rule,02/28/2026,0
IBUAA1051495,Located,="71468",BIM WHITE HOT DOG BUNS 8P 14Z,02/28/2026 01:19:19 AM,252,252,0,02/28/2026 01:15:05 AM,FRZ-0-62-0,02/28/2026 01:15:06 AM,,05/30/2026,12,0,UAA-146187,UAA102A022826,02/28/2026 01:15:05 AM,,bbucorncorneliusuaa,bbucorncorneliusuaa,12 Day Expiry Rule,02/28/2026,0
IBUAA1051497,Located,="71468",BIM WHITE HOT DOG BUNS 8P 14Z,02/28/2026 01:19:19 AM,252,252,0,02/28/2026 01:15:19 AM,FRZ-0-62-0,02/28/2026 01:15:20 AM,,05/30/2026,12,0,UAA-146187,UAA102A022826,02/28/2026 01:15:19 AM,,bbucorncorneliusuaa,bbucorncorneliusuaa,12 Day Expiry Rule,02/28/2026,0
IBUAA1051499,Located,="71468",BIM WHITE HOT DOG BUNS 8P 14Z,02/28/2026 01:19:20 AM,252,252,0,02/28/2026 01:16:05 AM,FRZ-0-62-0,02/28/2026 01:16:06 AM,,05/30/2026,12,0,UAA-146187,UAA102A022826,02/28/2026 01:16:05 AM,,bbucorncorneliusuaa,bbucorncorneliusuaa,12 Day Expiry Rule,02/28/2026,0
IBUAA1051508,Located,="71468",BIM WHITE HOT DOG BUNS 8P 14Z,02/28/2026 01:38:42 AM,252,252,0,02/28/2026 01:34:45 AM,FRZ-0-62-0,02/28/2026 02:03:49 AM,,05/30/2026,12,0,UAA-146187,UAA102A022826,02/28/2026 01:34:45 AM,,bbucorncorneliusuaa,bbucorncorneliusuaa,12 Day Expiry Rule,02/28/2026,0
IBUAA1051520,Located,="71468",BIM WHITE HOT DOG BUNS 8P 14Z,02/28/2026 01:51:23 AM,252,252,0,02/28/2026 01:46:45 AM,FRZ-0-62-0,02/28/2026 02:04:16 AM,,05/30/2026,12,0,UAA-146187,UAA102A022826,02/28/2026 01:46:45 AM,,bbucorncorneliusuaa,bbucorncorneliusuaa,12 Day Expiry Rule,02/28/2026,0
IBUAA1051523,Located,="71468",BIM WHITE HOT DOG BUNS 8P 14Z,02/28/2026 02:16:20 AM,252,252,0,02/28/2026 01:54:03 AM,FRZ-0-62-0,02/28/2026 02:13:58 AM,,05/30/2026,12,0,UAA-146187,UAA102A022826,02/28/2026 01:54:03 AM,,bbucorncorneliusuaa,bbucorncorneliusuaa,12 Day Expiry Rule,02/28/2026,0
IBUAA1051527,Located,="71468",BIM WHITE HOT DOG BUNS 8P 14Z,02/28/2026 02:10:46 AM,252,252,0,02/28/2026 02:06:39 AM,FRZ-0-62-0,02/28/2026 02:06:41 AM,,05/30/2026,12,0,UAA-146187,UAA102A022826,02/28/2026 02:06:39 AM,,bbucorncorneliusuaa,bbucorncorneliusuaa,12 Day Expiry Rule,02/28/2026,0
IBUAA1051787,Located,="76928",SL RS WHITE HAMBURGER BUNS 16P 30Z,02/28/2026 08:06:18 AM,63,63,0,02/28/2026 07:31:22 AM,FRZ-0-55-0,02/28/2026 07:31:34 AM,RCVFT-0-0-0,05/30/2026,3,0,,UAA102A022626,,,bbualewisuaa,bbuahurtuaa,12 Day Expiry Rule,02/26/2026,0
IBUAA1051786,Located,="76928",SL RS WHITE HAMBURGER BUNS 16P 30Z,02/28/2026 08:06:17 AM,63,63,0,02/28/2026 07:31:52 AM,FRZ-0-55-0,02/28/2026 07:32:00 AM,RCVFT-0-0-0,05/30/2026,3,0,,UAA102A022626,,,bbualewisuaa,bbuahurtuaa,12 Day Expiry Rule,02/26/2026,0
IBUAA1051785,Located,="76928",SL RS WHITE HAMBURGER BUNS 16P 30Z,02/28/2026 08:06:17 AM,63,63,0,02/28/2026 07:31:58 AM,FRZ-0-55-0,02/28/2026 07:32:05 AM,RCVFT-0-0-0,05/30/2026,3,0,,UAA102A022626,,,bbualewisuaa,bbuahurtuaa,12 Day Expiry Rule,02/26/2026,0
IBUAA1051784,Located,="76928",SL RS WHITE HAMBURGER BUNS 16P 30Z,02/28/2026 08:06:17 AM,63,63,0,02/28/2026 07:32:06 AM,FRZ-0-55-0,02/28/2026 07:32:15 AM,RCVFT-0-0-0,05/30/2026,3,0,,UAA102A022626,,,bbualewisuaa,bbuahurtuaa,12 Day Expiry Rule,02/26/2026,0
IBUAA1051783,Located,="76928",SL RS WHITE HAMBURGER BUNS 16P 30Z,02/28/2026 08:06:17 AM,63,63,0,02/28/2026 07:32:11 AM,FRZ-0-55-0,02/28/2026 07:32:18 AM,RCVFT-0-0-0,05/30/2026,3,0,,UAA102A022626,,,bbualewisuaa,bbuahurtuaa,12 Day Expiry Rule,02/26/2026,0
IBUAA1051782,Located,="76928",SL RS WHITE HAMBURGER BUNS 16P 30Z,02/28/2026 08:06:17 AM,63,63,0,02/28/2026 07:32:18 AM,FRZ-0-55-0,02/28/2026 07:32:26 AM,RCVFT-0-0-0,05/30/2026,3,0,,UAA102A022626,,,bbualewisuaa,bbuahurtuaa,12 Day Expiry Rule,02/26/2026,0
IBUAA1051781,Located,="76928",SL RS WHITE HAMBURGER BUNS 16P 30Z,02/28/2026 08:06:17 AM,63,63,0,02/28/2026 07:32:22 AM,FRZ-0-55-0,02/28/2026 07:32:32 AM,RCVFT-0-0-0,05/30/2026,3,0,,UAA102A022626,,,bbualewisuaa,bbuahurtuaa,12 Day Expiry Rule,02/26/2026,0
IBUAA1051780,Located,="76928",SL RS WHITE HAMBURGER BUNS 16P 30Z,02/28/2026 08:06:17 AM,63,63,0,02/28/2026 07:32:28 AM,FRZ-0-55-0,02/28/2026 07:32:35 AM,RCVFT-0-0-0,05/30/2026,3,0,,UAA102A022626,,,bbualewisuaa,bbuahurtuaa,12 Day Expiry Rule,02/26/2026,0
IBUAA1051779,Located,="76928",SL RS WHITE HAMBURGER BUNS 16P 30Z,02/28/2026 08:06:17 AM,63,63,0,02/28/2026 07:32:37 AM,FRZ-0-55-0,02/28/2026 07:32:42 AM,RCVFT-0-0-0,05/30/2026,3,0,,UAA102A022626,,,bbualewisuaa,bbuahurtuaa,12 Day Expiry Rule,02/26/2026,0
IBUAA1051778,Located,="76928",SL RS WHITE HAMBURGER BUNS 16P 30Z,02/28/2026 08:06:17 AM,63,63,0,02/28/2026 07:32:44 AM,FRZ-0-55-0,02/28/2026 07:32:51 AM,RCVFT-0-0-0,05/30/2026,3,0,,UAA102A022626,,,bbualewisuaa,bbuahurtuaa,12 Day Expiry Rule,02/26/2026,0
IBUAA1051777,Located,="76928",SL RS WHITE HAMBURGER BUNS 16P 30Z,02/28/2026 08:06:17 AM,63,63,0,02/28/2026 07:32:50 AM,FRZ-0-55-0,02/28/2026 07:32:56 AM,RCVFT-0-0-0,05/30/2026,3,0,,UAA102A022626,,,bbualewisuaa,bbuahurtuaa,12 Day Expiry Rule,02/26/2026,0
IBUAA1051824,Located,="76928",SL RS WHITE HAMBURGER BUNS 16P 30Z,02/28/2026 08:06:17 AM,63,63,0,02/28/2026 07:33:00 AM,FRZ-0-55-0,02/28/2026 07:33:10 AM,RCVFT-0-0-0,05/30/2026,3,0,,UAA102A022626,,,bbualewisuaa,bbuahurtuaa,12 Day Expiry Rule,02/26/2026,0
IBUAA1051823,Located,="76928",SL RS WHITE HAMBURGER BUNS 16P 30Z,02/28/2026 08:06:16 AM,63,63,0,02/28/2026 07:33:06 AM,FRZ-0-55-0,02/28/2026 07:33:13 AM,RCVFT-0-0-0,05/30/2026,3,0,,UAA102A022626,,,bbualewisuaa,bbuahurtuaa,12 Day Expiry Rule,02/26/2026,0
IBUAA1051822,Located,="76928",SL RS WHITE HAMBURGER BUNS 16P 30Z,02/28/2026 08:06:16 AM,63,63,0,02/28/2026 07:33:11 AM,FRZ-0-55-0,02/28/2026 07:33:18 AM,RCVFT-0-0-0,05/30/2026,3,0,,UAA102A022626,,,bbualewisuaa,bbuahurtuaa,12 Day Expiry Rule,02/26/2026,0
IBUAA1051821,Located,="76928",SL RS WHITE HAMBURGER BUNS 16P 30Z,02/28/2026 08:06:16 AM,63,63,0,02/28/2026 07:33:17 AM,FRZ-0-55-0,02/28/2026 07:33:27 AM,RCVFT-0-0-0,05/30/2026,3,0,,UAA102A022626,,,bbualewisuaa,bbuahurtuaa,12 Day Expiry Rule,02/26/2026,0
IBUAA1051820,Located,="76928",SL RS WHITE HAMBURGER BUNS 16P 30Z,02/28/2026 08:06:16 AM,63,63,0,02/28/2026 07:33:23 AM,FRZ-0-55-0,02/28/2026 07:33:30 AM,RCVFT-0-0-0,05/30/2026,3,0,,UAA102A022626,,,bbualewisuaa,bbuahurtuaa,12 Day Expiry Rule,02/26/2026,0
IBUAA1051819,Located,="76928",SL RS WHITE HAMBURGER BUNS 16P 30Z,02/28/2026 08:06:16 AM,63,63,0,02/28/2026 07:33:39 AM,FRZ-0-55-0,02/28/2026 07:33:48 AM,RCVFT-0-0-0,05/30/2026,3,0,,UAA102A022626,,,bbualewisuaa,bbuahurtuaa,12 Day Expiry Rule,02/26/2026,0
IBUAA1051818,Located,="76928",SL RS WHITE HAMBURGER BUNS 16P 30Z,02/28/2026 08:06:16 AM,63,63,0,02/28/2026 07:33:46 AM,FRZ-0-55-0,02/28/2026 07:33:56 AM,RCVFT-0-0-0,05/30/2026,3,0,,UAA102A022626,,,bbualewisuaa,bbuahurtuaa,12 Day Expiry Rule,02/26/2026,0
IBUAA1051817,Located,="76928",SL RS WHITE HAMBURGER BUNS 16P 30Z,02/28/2026 08:06:16 AM,63,63,0,02/28/2026 07:33:58 AM,FRZ-0-55-0,02/28/2026 07:34:04 AM,RCVFT-0-0-0,05/30/2026,3,0,,UAA102A022626,,,bbualewisuaa,bbuahurtuaa,12 Day Expiry Rule,02/26/2026,0
IBUAA1051816,Located,="76928",SL RS WHITE HAMBURGER BUNS 16P 30Z,02/28/2026 08:06:16 AM,63,63,0,02/28/2026 07:34:07 AM,FRZ-0-55-0,02/28/2026 07:34:15 AM,RCVFT-0-0-0,05/30/2026,3,0,,UAA102A022626,,,bbualewisuaa,bbuahurtuaa,12 Day Expiry Rule,02/26/2026,0
IBUAA1051815,Located,="76928",SL RS WHITE HAMBURGER BUNS 16P 30Z,02/28/2026 08:06:16 AM,63,63,0,02/28/2026 07:34:14 AM,FRZ-0-55-0,02/28/2026 07:34:25 AM,RCVFT-0-0-0,05/30/2026,3,0,,UAA102A022626,,,bbualewisuaa,bbuahurtuaa,12 Day Expiry Rule,02/26/2026,0
IBUAA1051814,Located,="76928",SL RS WHITE HAMBURGER BUNS 16P 30Z,02/28/2026 08:06:16 AM,63,63,0,02/28/2026 07:34:23 AM,FRZ-0-55-0,02/28/2026 07:34:38 AM,RCVFT-0-0-0,05/30/2026,3,0,,UAA102A022626,,,bbualewisuaa,bbuahurtuaa,12 Day Expiry Rule,02/26/2026,0
IBUAA1051813,Located,="76928",SL RS WHITE HAMBURGER BUNS 16P 30Z,02/28/2026 08:06:16 AM,63,63,0,02/28/2026 07:34:33 AM,FRZ-0-55-0,02/28/2026 07:34:45 AM,RCVFT-0-0-0,05/30/2026,3,0,,UAA102A022626,,,bbualewisuaa,bbuahurtuaa,12 Day Expiry Rule,02/26/2026,0
IBUAA1051812,Located,="76928",SL RS WHITE HAMBURGER BUNS 16P 30Z,02/28/2026 08:06:15 AM,63,63,0,02/28/2026 07:34:43 AM,FRZ-0-55-0,02/28/2026 07:34:49 AM,RCVFT-0-0-0,05/30/2026,3,0,,UAA102A022626,,,bbualewisuaa,bbuahurtuaa,12 Day Expiry Rule,02/26/2026,0
IBUAA1051791,Located,="76928",SL RS WHITE HAMBURGER BUNS 16P 30Z,02/28/2026 08:06:15 AM,63,63,0,02/28/2026 07:34:53 AM,FRZ-0-55-0,02/28/2026 07:35:03 AM,RCVFT-0-0-0,05/30/2026,3,0,,UAA102A022626,,,bbualewisuaa,bbuahurtuaa,12 Day Expiry Rule,02/26/2026,0
IBUAA1051790,Located,="76928",SL RS WHITE HAMBURGER BUNS 16P 30Z,02/28/2026 08:06:15 AM,63,63,0,02/28/2026 07:35:02 AM,FRZ-0-55-0,02/28/2026 07:35:14 AM,RCVFT-0-0-0,05/30/2026,3,0,,UAA102A022626,,,bbualewisuaa,bbuahurtuaa,12 Day Expiry Rule,02/26/2026,0
IBUAA1051789,Located,="76928",SL RS WHITE HAMBURGER BUNS 16P 30Z,02/28/2026 08:06:15 AM,63,63,0,02/28/2026 07:35:10 AM,FRZ-0-55-0,02/28/2026 07:35:17 AM,RCVFT-0-0-0,05/30/2026,3,0,,UAA102A022626,,,bbualewisuaa,bbuahurtuaa,12 Day Expiry Rule,02/26/2026,0
IBUAA1051788,Located,="76928",SL RS WHITE HAMBURGER BUNS 16P 30Z,02/28/2026 08:06:15 AM,63,63,0,02/28/2026 07:35:18 AM,FRZ-0-55-0,02/28/2026 07:35:25 AM,RCVFT-0-0-0,05/30/2026,3,0,,UAA102A022626,,,bbualewisuaa,bbuahurtuaa,12 Day Expiry Rule,02/26/2026,0
IBUAA1054839,Located,="72561",GV WHITE HOT DOG BUNS 8P 11Z,03/02/2026 09:16:15 PM,252,252,0,03/02/2026 09:06:49 PM,FRZ-0-63-0,03/02/2026 09:06:52 PM,,03/26/2026,12,252,UAA-146714,UAA102A030226,03/02/2026 09:06:48 PM,,bbuajohnsonuaa,bbuajohnsonuaa,9 Day Expiry Rule,03/02/2026,0
IBUAA1054869,Located,="72561",GV WHITE HOT DOG BUNS 8P 11Z,03/02/2026 09:12:11 PM,252,252,0,03/02/2026 09:09:03 PM,FRZ-0-63-0,03/02/2026 09:09:26 PM,,03/26/2026,12,252,UAA-146714,UAA102A030226,03/02/2026 09:09:03 PM,,bbulvivancouaa,bbuajohnsonuaa,9 Day Expiry Rule,03/02/2026,0
IBUAA1054870,Located,="72561",GV WHITE HOT DOG BUNS 8P 11Z,03/02/2026 09:14:17 PM,252,252,0,03/02/2026 09:13:04 PM,FRZ-0-63-0,03/02/2026 09:13:06 PM,,03/26/2026,12,252,UAA-146714,UAA102A030226,03/02/2026 09:13:04 PM,,bbunbartonuaa,bbunbartonuaa,9 Day Expiry Rule,03/02/2026,0
IBUAA1054871,Located,="72561",GV WHITE HOT DOG BUNS 8P 11Z,03/02/2026 09:17:35 PM,252,252,0,03/02/2026 09:15:58 PM,FRZ-0-63-0,03/02/2026 09:15:58 PM,,03/26/2026,12,252,UAA-146714,UAA102A030226,03/02/2026 09:15:58 PM,,bbunbartonuaa,bbunbartonuaa,9 Day Expiry Rule,03/02/2026,0
IBUAA1054932,Located,="72561",GV WHITE HOT DOG BUNS 8P 11Z,03/02/2026 09:21:07 PM,252,252,0,03/02/2026 09:18:55 PM,FRZ-0-63-0,03/02/2026 09:18:56 PM,,03/26/2026,12,252,UAA-146714,UAA102A030226,03/02/2026 09:18:55 PM,,bbunbartonuaa,bbunbartonuaa,9 Day Expiry Rule,03/02/2026,0
IBUAA1054708,Located,="72561",GV WHITE HOT DOG BUNS 8P 11Z,03/02/2026 09:23:10 PM,252,252,0,03/02/2026 09:19:56 PM,FRZ-0-63-0,03/02/2026 09:19:58 PM,,03/26/2026,12,252,UAA-146714,UAA102A030226,03/02/2026 09:19:56 PM,,bbuajohnsonuaa,bbuajohnsonuaa,9 Day Expiry Rule,03/02/2026,0
IBUAA1054709,Located,="72561",GV WHITE HOT DOG BUNS 8P 11Z,03/02/2026 09:23:10 PM,252,252,0,03/02/2026 09:19:59 PM,FRZ-0-63-0,03/02/2026 09:20:00 PM,,03/26/2026,12,252,UAA-146714,UAA102A030226,03/02/2026 09:19:59 PM,,bbuajohnsonuaa,bbuajohnsonuaa,9 Day Expiry Rule,03/02/2026,0
IBUAA1054933,Located,="72561",GV WHITE HOT DOG BUNS 8P 11Z,03/02/2026 09:26:32 PM,252,252,0,03/02/2026 09:25:04 PM,FRZ-0-63-0,03/02/2026 09:25:05 PM,,03/26/2026,12,252,UAA-146714,UAA102A030226,03/02/2026 09:25:04 PM,,bbunbartonuaa,bbunbartonuaa,9 Day Expiry Rule,03/02/2026,0
IBUAA1054710,Located,="72561",GV WHITE HOT DOG BUNS 8P 11Z,03/02/2026 09:29:40 PM,252,252,0,03/02/2026 09:25:31 PM,FRZ-0-63-0,03/02/2026 09:25:32 PM,,03/26/2026,12,252,UAA-146714,UAA102A030226,03/02/2026 09:25:31 PM,,bbuajohnsonuaa,bbuajohnsonuaa,9 Day Expiry Rule,03/02/2026,0
IBUAA1054711,Located,="72561",GV WHITE HOT DOG BUNS 8P 11Z,03/02/2026 09:29:40 PM,252,252,0,03/02/2026 09:26:00 PM,FRZ-0-63-0,03/02/2026 09:26:01 PM,,03/26/2026,12,252,UAA-146714,UAA102A030226,03/02/2026 09:26:00 PM,,bbuajohnsonuaa,bbuajohnsonuaa,9 Day Expiry Rule,03/02/2026,0
IBUAA1054934,Located,="72561",GV WHITE HOT DOG BUNS 8P 11Z,03/02/2026 09:31:32 PM,252,252,0,03/02/2026 09:30:27 PM,FRZ-0-63-0,03/02/2026 09:30:28 PM,,03/26/2026,12,252,UAA-146714,UAA102A030226,03/02/2026 09:30:27 PM,,bbunbartonuaa,bbunbartonuaa,9 Day Expiry Rule,03/02/2026,0
IBUAA1054935,Located,="72561",GV WHITE HOT DOG BUNS 8P 11Z,03/02/2026 09:34:17 PM,252,252,0,03/02/2026 09:33:02 PM,FRZ-0-63-0,03/02/2026 09:33:03 PM,,03/26/2026,12,252,UAA-146714,UAA102A030226,03/02/2026 09:33:02 PM,,bbunbartonuaa,bbunbartonuaa,9 Day Expiry Rule,03/02/2026,0
IBUAA1054953,Located,="72561",GV WHITE HOT DOG BUNS 8P 11Z,03/02/2026 09:37:07 PM,252,252,0,03/02/2026 09:34:26 PM,FRZ-0-63-0,03/02/2026 09:34:27 PM,,03/26/2026,12,252,UAA-146714,UAA102A030226,03/02/2026 09:34:26 PM,,bbuajohnsonuaa,bbuajohnsonuaa,9 Day Expiry Rule,03/02/2026,0
IBUAA1054954,Located,="72561",GV WHITE HOT DOG BUNS 8P 11Z,03/02/2026 09:37:07 PM,252,252,0,03/02/2026 09:34:31 PM,FRZ-0-63-0,03/02/2026 09:34:32 PM,,03/26/2026,12,252,UAA-146714,UAA102A030226,03/02/2026 09:34:31 PM,,bbuajohnsonuaa,bbuajohnsonuaa,9 Day Expiry Rule,03/02/2026,0
IBUAA1054955,Located,="72561",GV WHITE HOT DOG BUNS 8P 11Z,03/02/2026 09:44:29 PM,252,252,0,03/02/2026 09:39:49 PM,FRZ-0-63-0,03/02/2026 09:39:50 PM,,03/26/2026,12,252,UAA-146714,UAA102A030226,03/02/2026 09:39:49 PM,,bbuajohnsonuaa,bbuajohnsonuaa,9 Day Expiry Rule,03/02/2026,0
IBUAA1054936,Located,="72561",GV WHITE HOT DOG BUNS 8P 11Z,03/02/2026 09:40:49 PM,252,252,0,03/02/2026 09:39:50 PM,FRZ-0-63-0,03/02/2026 09:39:51 PM,,03/26/2026,12,252,UAA-146714,UAA102A030226,03/02/2026 09:39:50 PM,,bbunbartonuaa,bbunbartonuaa,9 Day Expiry Rule,03/02/2026,0
IBUAA1054956,Located,="72561",GV WHITE HOT DOG BUNS 8P 11Z,03/02/2026 09:44:29 PM,252,252,0,03/02/2026 09:39:53 PM,FRZ-0-63-0,03/02/2026 09:39:54 PM,,03/26/2026,12,252,UAA-146714,UAA102A030226,03/02/2026 09:39:53 PM,,bbuajohnsonuaa,bbuajohnsonuaa,9 Day Expiry Rule,03/02/2026,0
IBUAA1054937,Located,="72561",GV WHITE HOT DOG BUNS 8P 11Z,03/02/2026 09:46:47 PM,252,252,0,03/02/2026 09:42:41 PM,FRZ-0-63-0,03/02/2026 09:42:42 PM,,03/26/2026,12,252,UAA-146714,UAA102A030226,03/02/2026 09:42:41 PM,,bbunbartonuaa,bbunbartonuaa,9 Day Expiry Rule,03/02/2026,0
IBUAA1054958,Located,="72561",GV WHITE HOT DOG BUNS 8P 11Z,03/02/2026 09:50:24 PM,252,252,0,03/02/2026 09:48:15 PM,FRZ-0-63-0,03/02/2026 09:48:16 PM,,03/26/2026,12,252,UAA-146714,UAA102A030226,03/02/2026 09:48:15 PM,,bbuajohnsonuaa,bbuajohnsonuaa,9 Day Expiry Rule,03/02/2026,0
IBUAA1054959,Located,="72561",GV WHITE HOT DOG BUNS 8P 11Z,03/02/2026 09:50:24 PM,252,252,0,03/02/2026 09:48:19 PM,FRZ-0-63-0,03/02/2026 09:48:20 PM,,03/26/2026,12,252,UAA-146714,UAA102A030226,03/02/2026 09:48:19 PM,,bbuajohnsonuaa,bbuajohnsonuaa,9 Day Expiry Rule,03/02/2026,0
IBUAA1054961,Located,="72561",GV WHITE HOT DOG BUNS 8P 11Z,03/02/2026 10:01:50 PM,252,252,0,03/02/2026 09:59:55 PM,FRZ-0-63-0,03/02/2026 09:59:57 PM,,03/26/2026,12,252,UAA-146714,UAA102A030226,03/02/2026 09:59:55 PM,,bbunbartonuaa,bbunbartonuaa,9 Day Expiry Rule,03/02/2026,0
IBUAA1054962,Located,="72561",GV WHITE HOT DOG BUNS 8P 11Z,03/02/2026 10:01:50 PM,252,252,0,03/02/2026 10:00:05 PM,FRZ-0-63-0,03/02/2026 10:00:06 PM,,03/26/2026,12,252,UAA-146714,UAA102A030226,03/02/2026 10:00:05 PM,,bbunbartonuaa,bbunbartonuaa,9 Day Expiry Rule,03/02/2026,0
IBUAA1054963,Located,="72561",GV WHITE HOT DOG BUNS 8P 11Z,03/02/2026 10:05:39 PM,252,252,0,03/02/2026 10:00:26 PM,FRZ-0-63-0,03/02/2026 10:00:27 PM,,03/26/2026,12,252,UAA-146714,UAA102A030226,03/02/2026 10:00:26 PM,,bbuajohnsonuaa,bbuajohnsonuaa,9 Day Expiry Rule,03/02/2026,0
IBUAA1054964,Located,="72561",GV WHITE HOT DOG BUNS 8P 11Z,03/02/2026 10:05:39 PM,252,252,0,03/02/2026 10:00:29 PM,FRZ-0-63-0,03/02/2026 10:00:30 PM,,03/26/2026,12,252,UAA-146714,UAA102A030226,03/02/2026 10:00:29 PM,,bbuajohnsonuaa,bbuajohnsonuaa,9 Day Expiry Rule,03/02/2026,0
IBUAA1054965,Located,="72561",GV WHITE HOT DOG BUNS 8P 11Z,03/02/2026 10:05:39 PM,252,252,0,03/02/2026 10:00:31 PM,FRZ-0-63-0,03/02/2026 10:00:32 PM,,03/26/2026,12,252,UAA-146714,UAA102A030226,03/02/2026 10:00:31 PM,,bbuajohnsonuaa,bbuajohnsonuaa,9 Day Expiry Rule,03/02/2026,0
IBUAA1054966,Located,="72561",GV WHITE HOT DOG BUNS 8P 11Z,03/02/2026 10:05:39 PM,252,252,0,03/02/2026 10:00:34 PM,FRZ-0-63-0,03/02/2026 10:00:35 PM,,03/26/2026,12,252,UAA-146714,UAA102A030226,03/02/2026 10:00:34 PM,,bbuajohnsonuaa,bbuajohnsonuaa,9 Day Expiry Rule,03/02/2026,0
IBUAA1054967,Located,="72561",GV WHITE HOT DOG BUNS 8P 11Z,03/02/2026 10:12:05 PM,252,252,0,03/02/2026 10:03:44 PM,FRZ-0-63-0,03/02/2026 10:03:45 PM,,03/26/2026,12,252,UAA-146714,UAA102A030226,03/02/2026 10:03:44 PM,,bbunbartonuaa,bbuadoldsonuaa,9 Day Expiry Rule,03/02/2026,0
IBUAA1054968,Located,="72561",GV WHITE HOT DOG BUNS 8P 11Z,03/02/2026 10:12:05 PM,252,252,0,03/02/2026 10:03:52 PM,FRZ-0-63-0,03/02/2026 10:03:53 PM,,03/26/2026,12,252,UAA-146714,UAA102A030226,03/02/2026 10:03:52 PM,,bbunbartonuaa,bbuadoldsonuaa,9 Day Expiry Rule,03/02/2026,0
IBUAA1054938,Located,="72561",GV WHITE HOT DOG BUNS 8P 11Z,03/02/2026 10:14:54 PM,252,252,0,03/02/2026 10:11:33 PM,FRZ-0-63-0,03/02/2026 10:11:34 PM,,03/26/2026,12,252,UAA-146714,UAA102A030226,03/02/2026 10:11:33 PM,,bbuagomezuaa,bbuagomezuaa,9 Day Expiry Rule,03/02/2026,0
IBUAA1054939,Located,="72561",GV WHITE HOT DOG BUNS 8P 11Z,03/02/2026 10:14:54 PM,252,252,0,03/02/2026 10:11:43 PM,FRZ-0-63-0,03/02/2026 10:11:43 PM,,03/26/2026,12,252,UAA-146714,UAA102A030226,03/02/2026 10:11:43 PM,,bbuagomezuaa,bbuagomezuaa,9 Day Expiry Rule,03/02/2026,0
IBUAA1054940,Located,="72561",GV WHITE HOT DOG BUNS 8P 11Z,03/02/2026 10:14:54 PM,252,252,0,03/02/2026 10:12:25 PM,FRZ-0-63-0,03/02/2026 10:12:26 PM,,03/26/2026,12,252,UAA-146714,UAA102A030226,03/02/2026 10:12:25 PM,,bbuagomezuaa,bbuagomezuaa,9 Day Expiry Rule,03/02/2026,0
IBUAA1054972,Located,="72561",GV WHITE HOT DOG BUNS 8P 11Z,03/02/2026 10:17:33 PM,252,252,0,03/02/2026 10:14:03 PM,FRZ-0-63-0,03/02/2026 10:14:05 PM,,03/26/2026,12,252,UAA-146714,UAA102A030226,03/02/2026 10:14:03 PM,,bbuadoldsonuaa,bbuadoldsonuaa,9 Day Expiry Rule,03/02/2026,0
IBUAA1054973,Located,="72561",GV WHITE HOT DOG BUNS 8P 11Z,03/02/2026 10:17:33 PM,252,252,0,03/02/2026 10:14:11 PM,FRZ-0-63-0,03/02/2026 10:14:11 PM,,03/26/2026,12,252,UAA-146714,UAA102A030226,03/02/2026 10:14:11 PM,,bbuadoldsonuaa,bbuadoldsonuaa,9 Day Expiry Rule,03/02/2026,0
IBUAA1054974,Located,="72561",GV WHITE HOT DOG BUNS 8P 11Z,03/02/2026 10:17:33 PM,252,252,0,03/02/2026 10:14:58 PM,FRZ-0-63-0,03/02/2026 10:14:59 PM,,03/26/2026,12,252,UAA-146714,UAA102A030226,03/02/2026 10:14:58 PM,,bbuadoldsonuaa,bbuadoldsonuaa,9 Day Expiry Rule,03/02/2026,0
IBUAA1054941,Located,="72561",GV WHITE HOT DOG BUNS 8P 11Z,03/02/2026 10:22:00 PM,252,252,0,03/02/2026 10:19:57 PM,FRZ-0-63-0,03/02/2026 10:20:02 PM,,03/26/2026,12,252,UAA-146714,UAA102A030226,03/02/2026 10:19:56 PM,,bbuagomezuaa,bbuagomezuaa,9 Day Expiry Rule,03/02/2026,0
IBUAA1054942,Located,="72561",GV WHITE HOT DOG BUNS 8P 11Z,03/02/2026 10:22:00 PM,252,252,0,03/02/2026 10:20:09 PM,FRZ-0-63-0,03/02/2026 10:20:10 PM,,03/26/2026,12,252,UAA-146714,UAA102A030226,03/02/2026 10:20:09 PM,,bbuagomezuaa,bbuagomezuaa,9 Day Expiry Rule,03/02/2026,0
IBUAA1054976,Located,="72561",GV WHITE HOT DOG BUNS 8P 11Z,03/02/2026 10:27:40 PM,252,252,0,03/02/2026 10:26:10 PM,FRZ-0-63-0,03/02/2026 10:26:11 PM,,03/26/2026,12,252,UAA-146714,UAA102A030226,03/02/2026 10:26:10 PM,,bbuadoldsonuaa,bbuadoldsonuaa,9 Day Expiry Rule,03/02/2026,0
IBUAA1054977,Located,="72561",GV WHITE HOT DOG BUNS 8P 11Z,03/02/2026 10:27:40 PM,252,252,0,03/02/2026 10:26:16 PM,FRZ-0-63-0,03/02/2026 10:26:16 PM,,03/26/2026,12,252,UAA-146714,UAA102A030226,03/02/2026 10:26:16 PM,,bbuadoldsonuaa,bbuadoldsonuaa,9 Day Expiry Rule,03/02/2026,0
IBUAA1054978,Located,="72561",GV WHITE HOT DOG BUNS 8P 11Z,03/02/2026 10:27:40 PM,252,252,0,03/02/2026 10:26:21 PM,FRZ-0-63-0,03/02/2026 10:26:22 PM,,03/26/2026,12,252,UAA-146714,UAA102A030226,03/02/2026 10:26:21 PM,,bbuadoldsonuaa,bbuadoldsonuaa,9 Day Expiry Rule,03/02/2026,0
IBUAA1054909,Located,="72561",GV WHITE HOT DOG BUNS 8P 11Z,03/02/2026 10:36:58 PM,252,252,0,03/02/2026 10:35:12 PM,FRZ-0-63-0,03/02/2026 10:35:14 PM,,03/26/2026,12,252,UAA-146714,UAA102A030226,03/02/2026 10:35:12 PM,,bbuagomezuaa,bbuagomezuaa,9 Day Expiry Rule,03/02/2026,0
IBUAA1054910,Located,="72561",GV WHITE HOT DOG BUNS 8P 11Z,03/02/2026 10:36:58 PM,252,252,0,03/02/2026 10:35:16 PM,FRZ-0-63-0,03/02/2026 10:35:17 PM,,03/26/2026,12,252,UAA-146714,UAA102A030226,03/02/2026 10:35:16 PM,,bbuagomezuaa,bbuagomezuaa,9 Day Expiry Rule,03/02/2026,0
IBUAA1055000,Located,="72561",GV WHITE HOT DOG BUNS 8P 11Z,03/02/2026 10:40:52 PM,252,252,0,03/02/2026 10:39:07 PM,FRZ-0-63-0,03/02/2026 10:39:09 PM,,03/26/2026,12,252,UAA-146714,UAA102A030226,03/02/2026 10:39:07 PM,,bbunbartonuaa,bbunbartonuaa,9 Day Expiry Rule,03/02/2026,0
IBUAA1055001,Located,="72561",GV WHITE HOT DOG BUNS 8P 11Z,03/02/2026 10:40:52 PM,252,252,0,03/02/2026 10:39:19 PM,FRZ-0-63-0,03/02/2026 10:39:20 PM,,03/26/2026,12,252,UAA-146714,UAA102A030226,03/02/2026 10:39:19 PM,,bbunbartonuaa,bbunbartonuaa,9 Day Expiry Rule,03/02/2026,0
IBUAA1055002,Located,="72561",GV WHITE HOT DOG BUNS 8P 11Z,03/02/2026 10:45:54 PM,252,252,0,03/02/2026 10:42:57 PM,FRZ-0-63-0,03/02/2026 10:42:58 PM,,03/26/2026,12,252,UAA-146714,UAA102A030226,03/02/2026 10:42:57 PM,,bbunbartonuaa,bbunbartonuaa,9 Day Expiry Rule,03/02/2026,0
IBUAA1055003,Located,="72561",GV WHITE HOT DOG BUNS 8P 11Z,03/02/2026 10:45:54 PM,252,252,0,03/02/2026 10:43:57 PM,FRZ-0-63-0,03/02/2026 10:43:58 PM,,03/26/2026,12,252,UAA-146714,UAA102A030226,03/02/2026 10:43:57 PM,,bbunbartonuaa,bbunbartonuaa,9 Day Expiry Rule,03/02/2026,0
IBUAA1054851,Located,="72561",GV WHITE HOT DOG BUNS 8P 11Z,03/02/2026 10:50:26 PM,252,252,0,03/02/2026 10:46:01 PM,FRZ-0-63-0,03/02/2026 10:46:03 PM,,03/26/2026,12,252,UAA-146714,UAA102A030226,03/02/2026 10:46:01 PM,,bbuajohnsonuaa,bbuajohnsonuaa,9 Day Expiry Rule,03/02/2026,0
IBUAA1055012,Located,="72561",GV WHITE HOT DOG BUNS 8P 11Z,03/02/2026 10:50:26 PM,252,252,0,03/02/2026 10:46:04 PM,FRZ-0-63-0,03/02/2026 10:46:05 PM,,03/26/2026,12,252,UAA-146714,UAA102A030226,03/02/2026 10:46:04 PM,,bbuajohnsonuaa,bbuajohnsonuaa,9 Day Expiry Rule,03/02/2026,0
IBUAA1055013,Located,="72561",GV WHITE HOT DOG BUNS 8P 11Z,03/02/2026 10:50:26 PM,252,252,0,03/02/2026 10:46:07 PM,FRZ-0-63-0,03/02/2026 10:46:08 PM,,03/26/2026,12,252,UAA-146714,UAA102A030226,03/02/2026 10:46:07 PM,,bbuajohnsonuaa,bbuajohnsonuaa,9 Day Expiry Rule,03/02/2026,0
IBUAA1055014,Located,="72561",GV WHITE HOT DOG BUNS 8P 11Z,03/02/2026 10:50:26 PM,252,252,0,03/02/2026 10:46:10 PM,FRZ-0-63-0,03/02/2026 10:46:11 PM,,03/26/2026,12,252,UAA-146714,UAA102A030226,03/02/2026 10:46:10 PM,,bbuajohnsonuaa,bbuajohnsonuaa,9 Day Expiry Rule,03/02/2026,0
IBUAA1055005,Located,="72561",GV WHITE HOT DOG BUNS 8P 11Z,03/02/2026 10:53:31 PM,252,252,0,03/02/2026 10:48:08 PM,FRZ-0-63-0,03/02/2026 10:48:11 PM,,03/26/2026,12,252,UAA-146714,UAA102A030226,03/02/2026 10:48:08 PM,,bbunbartonuaa,bbunbartonuaa,9 Day Expiry Rule,03/02/2026,0
IBUAA1055006,Located,="72561",GV WHITE HOT DOG BUNS 8P 11Z,03/02/2026 10:53:31 PM,252,252,0,03/02/2026 10:51:06 PM,FRZ-0-63-0,03/02/2026 10:51:06 PM,,03/26/2026,12,252,UAA-146714,UAA102A030226,03/02/2026 10:51:06 PM,,bbunbartonuaa,bbunbartonuaa,9 Day Expiry Rule,03/02/2026,0
IBUAA1055020,Located,="72561",GV WHITE HOT DOG BUNS 8P 11Z,03/02/2026 10:55:26 PM,252,252,0,03/02/2026 10:53:35 PM,FRZ-0-63-0,03/02/2026 10:53:35 PM,,03/26/2026,12,252,UAA-146714,UAA102A030226,03/02/2026 10:53:35 PM,,bbuajohnsonuaa,bbuajohnsonuaa,9 Day Expiry Rule,03/02/2026,0
IBUAA1055021,Located,="72561",GV WHITE HOT DOG BUNS 8P 11Z,03/02/2026 10:55:26 PM,252,252,0,03/02/2026 10:53:37 PM,FRZ-0-63-0,03/02/2026 10:53:38 PM,,03/26/2026,12,252,UAA-146714,UAA102A030226,03/02/2026 10:53:37 PM,,bbuajohnsonuaa,bbuajohnsonuaa,9 Day Expiry Rule,03/02/2026,0
IBUAA1055009,Located,="72561",GV WHITE HOT DOG BUNS 8P 11Z,03/02/2026 10:59:05 PM,252,252,0,03/02/2026 10:57:44 PM,FRZ-0-63-0,03/02/2026 10:57:44 PM,,03/26/2026,12,252,UAA-146714,UAA102A030226,03/02/2026 10:57:44 PM,,bbunbartonuaa,bbunbartonuaa,9 Day Expiry Rule,03/02/2026,0
IBUAA1055022,Located,="72561",GV WHITE HOT DOG BUNS 8P 11Z,03/02/2026 11:00:27 PM,252,252,0,03/02/2026 10:58:16 PM,FRZ-0-63-0,03/02/2026 10:58:17 PM,,03/26/2026,12,252,UAA-146714,UAA102A030226,03/02/2026 10:58:16 PM,,bbuajohnsonuaa,bbuajohnsonuaa,9 Day Expiry Rule,03/02/2026,0
IBUAA1055023,Located,="72561",GV WHITE HOT DOG BUNS 8P 11Z,03/02/2026 11:00:28 PM,252,252,0,03/02/2026 10:58:19 PM,FRZ-0-63-0,03/02/2026 10:58:20 PM,,03/26/2026,12,252,UAA-146714,UAA102A030226,03/02/2026 10:58:19 PM,,bbuajohnsonuaa,bbuajohnsonuaa,9 Day Expiry Rule,03/02/2026,0
IBUAA1055010,Located,="72561",GV WHITE HOT DOG BUNS 8P 11Z,03/02/2026 11:05:13 PM,252,252,0,03/02/2026 11:02:49 PM,FRZ-0-63-0,03/02/2026 11:02:50 PM,,03/26/2026,12,252,UAA-146714,UAA102A030226,03/02/2026 11:02:49 PM,,bbunbartonuaa,bbunbartonuaa,9 Day Expiry Rule,03/02/2026,0
IBUAA1055024,Located,="72561",GV WHITE HOT DOG BUNS 8P 11Z,03/02/2026 11:08:33 PM,252,252,0,03/02/2026 11:06:48 PM,FRZ-0-63-0,03/02/2026 11:06:49 PM,,03/26/2026,12,252,UAA-146714,UAA102A030226,03/02/2026 11:06:48 PM,,bbuajohnsonuaa,bbuajohnsonuaa,9 Day Expiry Rule,03/02/2026,0
IBUAA1055011,Located,="72561",GV WHITE HOT DOG BUNS 8P 11Z,03/02/2026 11:14:24 PM,252,252,0,03/02/2026 11:10:55 PM,FRZ-0-63-0,03/02/2026 11:10:56 PM,,03/26/2026,12,252,UAA-146714,UAA102A030226,03/02/2026 11:10:55 PM,,bbunbartonuaa,bbunbartonuaa,9 Day Expiry Rule,03/02/2026,0
IBUAA1055032,Located,="72561",GV WHITE HOT DOG BUNS 8P 11Z,03/02/2026 11:14:24 PM,252,252,0,03/02/2026 11:12:55 PM,FRZ-0-63-0,03/02/2026 11:12:56 PM,,03/26/2026,12,252,UAA-146714,UAA102A030226,03/02/2026 11:12:54 PM,,bbunbartonuaa,bbunbartonuaa,9 Day Expiry Rule,03/02/2026,0
IBUAA1055052,Located,="72561",GV WHITE HOT DOG BUNS 8P 11Z,03/02/2026 11:17:44 PM,252,252,0,03/02/2026 11:14:37 PM,FRZ-0-63-0,03/02/2026 11:14:38 PM,,03/26/2026,12,252,UAA-146714,UAA102A030226,03/02/2026 11:14:37 PM,,bbuajohnsonuaa,bbuajohnsonuaa,9 Day Expiry Rule,03/02/2026,0
IBUAA1055053,Located,="72561",GV WHITE HOT DOG BUNS 8P 11Z,03/02/2026 11:17:44 PM,252,252,0,03/02/2026 11:14:40 PM,FRZ-0-63-0,03/02/2026 11:14:41 PM,,03/26/2026,12,252,UAA-146714,UAA102A030226,03/02/2026 11:14:40 PM,,bbuajohnsonuaa,bbuajohnsonuaa,9 Day Expiry Rule,03/02/2026,0
IBUAA1055054,Located,="72561",GV WHITE HOT DOG BUNS 8P 11Z,03/02/2026 11:17:44 PM,252,252,0,03/02/2026 11:14:42 PM,FRZ-0-63-0,03/02/2026 11:14:43 PM,,03/26/2026,12,252,UAA-146714,UAA102A030226,03/02/2026 11:14:42 PM,,bbuajohnsonuaa,bbuajohnsonuaa,9 Day Expiry Rule,03/02/2026,0
IBUAA1055034,Located,="72561",GV WHITE HOT DOG BUNS 8P 11Z,03/02/2026 11:18:36 PM,252,252,0,03/02/2026 11:16:51 PM,FRZ-0-63-0,03/02/2026 11:16:52 PM,,03/26/2026,12,252,UAA-146714,UAA102A030226,03/02/2026 11:16:51 PM,,bbunbartonuaa,bbunbartonuaa,9 Day Expiry Rule,03/02/2026,0
IBUAA1055055,Located,="72561",GV WHITE HOT DOG BUNS 8P 11Z,03/02/2026 11:23:57 PM,252,252,0,03/02/2026 11:21:10 PM,FRZ-0-63-0,03/02/2026 11:21:10 PM,,03/26/2026,12,252,UAA-146714,UAA102A030226,03/02/2026 11:21:10 PM,,bbuajohnsonuaa,bbuajohnsonuaa,9 Day Expiry Rule,03/02/2026,0
IBUAA1055056,Located,="72561",GV WHITE HOT DOG BUNS 8P 11Z,03/02/2026 11:23:57 PM,252,252,0,03/02/2026 11:21:25 PM,FRZ-0-63-0,03/02/2026 11:21:26 PM,,03/26/2026,12,252,UAA-146714,UAA102A030226,03/02/2026 11:21:25 PM,,bbuajohnsonuaa,bbuajohnsonuaa,9 Day Expiry Rule,03/02/2026,0
IBUAA1055035,Located,="72561",GV WHITE HOT DOG BUNS 8P 11Z,03/02/2026 11:30:02 PM,252,252,0,03/02/2026 11:23:49 PM,FRZ-0-63-0,03/02/2026 11:23:50 PM,,03/26/2026,12,252,UAA-146714,UAA102A030226,03/02/2026 11:23:49 PM,,bbunbartonuaa,bbunbartonuaa,9 Day Expiry Rule,03/02/2026,0
IBUAA1055036,Located,="72561",GV WHITE HOT DOG BUNS 8P 11Z,03/02/2026 11:30:02 PM,252,252,0,03/02/2026 11:24:08 PM,FRZ-0-63-0,03/02/2026 11:24:09 PM,,03/26/2026,12,252,UAA-146714,UAA102A030226,03/02/2026 11:24:08 PM,,bbunbartonuaa,bbunbartonuaa,9 Day Expiry Rule,03/02/2026,0
IBUAA1055057,Located,="72561",GV WHITE HOT DOG BUNS 8P 11Z,03/02/2026 11:31:07 PM,252,252,0,03/02/2026 11:28:03 PM,FRZ-0-63-0,03/02/2026 11:28:04 PM,,03/26/2026,12,252,UAA-146714,UAA102A030226,03/02/2026 11:28:03 PM,,bbuajohnsonuaa,bbuajohnsonuaa,9 Day Expiry Rule,03/02/2026,0
IBUAA1055058,Located,="72561",GV WHITE HOT DOG BUNS 8P 11Z,03/02/2026 11:31:07 PM,252,252,0,03/02/2026 11:28:06 PM,FRZ-0-63-0,03/02/2026 11:28:07 PM,,03/26/2026,12,252,UAA-146714,UAA102A030226,03/02/2026 11:28:06 PM,,bbuajohnsonuaa,bbuajohnsonuaa,9 Day Expiry Rule,03/02/2026,0
IBUAA1055044,Located,="72561",GV WHITE HOT DOG BUNS 8P 11Z,03/02/2026 11:39:37 PM,252,252,0,03/02/2026 11:37:31 PM,FRZ-0-63-0,03/02/2026 11:37:32 PM,,03/26/2026,12,252,UAA-146714,UAA102A030226,03/02/2026 11:37:31 PM,,bbunbartonuaa,bbunbartonuaa,9 Day Expiry Rule,03/02/2026,0
IBUAA1055045,Located,="72561",GV WHITE HOT DOG BUNS 8P 11Z,03/02/2026 11:39:37 PM,252,252,0,03/02/2026 11:38:16 PM,FRZ-0-63-0,03/02/2026 11:38:17 PM,,03/26/2026,12,252,UAA-146714,UAA102A030226,03/02/2026 11:38:16 PM,,bbunbartonuaa,bbunbartonuaa,9 Day Expiry Rule,03/02/2026,0
IBUAA1055060,Located,="72561",GV WHITE HOT DOG BUNS 8P 11Z,03/02/2026 11:40:59 PM,252,252,0,03/02/2026 11:38:57 PM,FRZ-0-63-0,03/02/2026 11:38:58 PM,,03/26/2026,12,252,UAA-146714,UAA102A030226,03/02/2026 11:38:57 PM,,bbuajohnsonuaa,bbuajohnsonuaa,9 Day Expiry Rule,03/02/2026,0
OBUAA0000982190,Located,="72561",GV WHITE HOT DOG BUNS 8P 11Z,03/02/2026 11:45:20 PM,0,252,0,03/02/2026 11:43:38 PM,FRZ-0-63-0,03/02/2026 11:43:54 PM,,03/26/2026,12,0,,UAA102A030226,,,bbuajohnsonuaa,bbuajohnsonuaa,9 Day Expiry Rule,,0
IBUAA1055046,Located,="72561",GV WHITE HOT DOG BUNS 8P 11Z,03/02/2026 11:46:38 PM,252,252,0,03/02/2026 11:44:34 PM,FRZ-0-63-0,03/02/2026 11:44:37 PM,,03/26/2026,12,252,UAA-146714,UAA102A030226,03/02/2026 11:44:34 PM,,bbunbartonuaa,bbunbartonuaa,9 Day Expiry Rule,03/02/2026,0
IBUAA1055049,Located,="72561",GV WHITE HOT DOG BUNS 8P 11Z,03/02/2026 11:55:52 PM,252,252,0,03/02/2026 11:49:22 PM,FRZ-0-63-0,03/02/2026 11:49:26 PM,,03/26/2026,12,252,UAA-146714,UAA102A030226,03/02/2026 11:49:22 PM,,bbunbartonuaa,bbunbartonuaa,9 Day Expiry Rule,03/02/2026,0
IBUAA1055072,Located,="72561",GV WHITE HOT DOG BUNS 8P 11Z,03/02/2026 11:55:52 PM,252,252,0,03/02/2026 11:52:56 PM,FRZ-0-63-0,03/02/2026 11:52:57 PM,,03/26/2026,12,252,UAA-146714,UAA102A030226,03/02/2026 11:52:56 PM,,bbunbartonuaa,bbunbartonuaa,9 Day Expiry Rule,03/02/2026,0
IBUAA1055075,Located,="72561",GV WHITE HOT DOG BUNS 8P 11Z,03/03/2026 12:00:48 AM,252,252,0,03/02/2026 11:58:44 PM,FRZ-0-63-0,03/02/2026 11:58:45 PM,,03/26/2026,12,252,UAA-146714,UAA102A030226,03/02/2026 11:58:44 PM,,bbunbartonuaa,bbunbartonuaa,9 Day Expiry Rule,03/02/2026,0
IBUAA1055077,Located,="72561",GV WHITE HOT DOG BUNS 8P 11Z,03/03/2026 12:05:37 AM,252,252,0,03/03/2026 12:01:51 AM,FRZ-0-63-0,03/03/2026 12:01:54 AM,,03/26/2026,12,252,UAA-146714,UAA102A030226,03/03/2026 12:01:51 AM,,bbuajohnsonuaa,bbuajohnsonuaa,9 Day Expiry Rule,03/02/2026,0
IBUAA1055078,Located,="72561",GV WHITE HOT DOG BUNS 8P 11Z,03/03/2026 12:05:37 AM,252,252,0,03/03/2026 12:01:56 AM,FRZ-0-63-0,03/03/2026 12:01:56 AM,,03/26/2026,12,252,UAA-146714,UAA102A030226,03/03/2026 12:01:56 AM,,bbuajohnsonuaa,bbuajohnsonuaa,9 Day Expiry Rule,03/02/2026,0
IBUAA1055079,Located,="72561",GV WHITE HOT DOG BUNS 8P 11Z,03/03/2026 12:05:37 AM,252,252,0,03/03/2026 12:01:58 AM,FRZ-0-63-0,03/03/2026 12:01:59 AM,,03/26/2026,12,252,UAA-146714,UAA102A030226,03/03/2026 12:01:58 AM,,bbuajohnsonuaa,bbuajohnsonuaa,9 Day Expiry Rule,03/02/2026,0
IBUAA1055080,Located,="72561",GV WHITE HOT DOG BUNS 8P 11Z,03/03/2026 12:05:37 AM,252,252,0,03/03/2026 12:02:01 AM,FRZ-0-63-0,03/03/2026 12:02:02 AM,,03/26/2026,12,252,UAA-146714,UAA102A030226,03/03/2026 12:02:01 AM,,bbuajohnsonuaa,bbuajohnsonuaa,9 Day Expiry Rule,03/02/2026,0
IBUAA1055081,Located,="72561",GV WHITE HOT DOG BUNS 8P 11Z,03/03/2026 12:04:06 AM,252,252,0,03/03/2026 12:03:27 AM,FRZ-0-63-0,03/03/2026 12:03:28 AM,,03/26/2026,12,252,UAA-146714,UAA102A030226,03/03/2026 12:03:27 AM,,bbunbartonuaa,bbunbartonuaa,9 Day Expiry Rule,03/02/2026,0
IBUAA1055082,Located,="72561",GV WHITE HOT DOG BUNS 8P 11Z,03/03/2026 12:07:02 AM,252,252,0,03/03/2026 12:05:33 AM,FRZ-0-63-0,03/03/2026 12:05:34 AM,,03/26/2026,12,252,UAA-146714,UAA102A030226,03/03/2026 12:05:33 AM,,bbunbartonuaa,bbunbartonuaa,9 Day Expiry Rule,03/02/2026,0
IBUAA1055084,Located,="72561",GV WHITE HOT DOG BUNS 8P 11Z,03/03/2026 12:11:03 AM,252,252,0,03/03/2026 12:09:08 AM,FRZ-0-63-0,03/03/2026 12:09:09 AM,,03/26/2026,12,252,UAA-146714,UAA102A030226,03/03/2026 12:09:08 AM,,bbuajohnsonuaa,bbuajohnsonuaa,9 Day Expiry Rule,03/02/2026,0
IBUAA1055085,Located,="72561",GV WHITE HOT DOG BUNS 8P 11Z,03/03/2026 12:11:03 AM,252,252,0,03/03/2026 12:09:13 AM,FRZ-0-63-0,03/03/2026 12:09:14 AM,,03/26/2026,12,252,UAA-146714,UAA102A030226,03/03/2026 12:09:13 AM,,bbuajohnsonuaa,bbuajohnsonuaa,9 Day Expiry Rule,03/02/2026,0
IBUAA1055086,Located,="72561",GV WHITE HOT DOG BUNS 8P 11Z,03/03/2026 12:17:33 AM,252,252,0,03/03/2026 12:12:37 AM,FRZ-0-63-0,03/03/2026 12:12:38 AM,,03/26/2026,12,252,UAA-146714,UAA102A030226,03/03/2026 12:12:37 AM,,bbunbartonuaa,bbunbartonuaa,9 Day Expiry Rule,03/02/2026,0
IBUAA1055087,Located,="72561",GV WHITE HOT DOG BUNS 8P 11Z,03/03/2026 12:17:33 AM,252,252,0,03/03/2026 12:12:46 AM,FRZ-0-63-0,03/03/2026 12:12:47 AM,,03/26/2026,12,252,UAA-146714,UAA102A030226,03/03/2026 12:12:46 AM,,bbunbartonuaa,bbunbartonuaa,9 Day Expiry Rule,03/02/2026,0
IBUAA1055088,Located,="72561",GV WHITE HOT DOG BUNS 8P 11Z,03/03/2026 12:14:39 AM,252,252,0,03/03/2026 12:13:21 AM,FRZ-0-63-0,03/03/2026 12:13:22 AM,,03/26/2026,12,252,UAA-146714,UAA102A030226,03/03/2026 12:13:21 AM,,bbuajohnsonuaa,bbuajohnsonuaa,9 Day Expiry Rule,03/02/2026,0
IBUAA1055089,Located,="72561",GV WHITE HOT DOG BUNS 8P 11Z,03/03/2026 12:18:23 AM,252,252,0,03/03/2026 12:16:10 AM,FRZ-0-64-0,03/03/2026 12:16:32 AM,,05/30/2026,12,252,UAA-146730,UAA102A030326,03/03/2026 12:16:10 AM,,bbuajohnsonuaa,bbuajohnsonuaa,9 Day Expiry Rule,03/03/2026,0
IBUAA1055090,Located,="72561",GV WHITE HOT DOG BUNS 8P 11Z,03/03/2026 12:23:41 AM,252,252,0,03/03/2026 12:21:34 AM,FRZ-0-64-0,03/03/2026 12:21:35 AM,,05/30/2026,12,252,UAA-146730,UAA102A030326,03/03/2026 12:21:34 AM,,bbuajohnsonuaa,bbuajohnsonuaa,9 Day Expiry Rule,03/03/2026,0
IBUAA1055091,Located,="72561",GV WHITE HOT DOG BUNS 8P 11Z,03/03/2026 12:23:41 AM,252,252,0,03/03/2026 12:21:36 AM,FRZ-0-64-0,03/03/2026 12:21:37 AM,,05/30/2026,12,252,UAA-146730,UAA102A030326,03/03/2026 12:21:36 AM,,bbuajohnsonuaa,bbuajohnsonuaa,9 Day Expiry Rule,03/03/2026,0
IBUAA1055067,Located,="72561",GV WHITE HOT DOG BUNS 8P 11Z,03/03/2026 12:24:11 AM,252,252,0,03/03/2026 12:21:58 AM,FRZ-0-64-0,03/03/2026 12:22:02 AM,,05/30/2026,12,252,UAA-146730,UAA102A030326,03/03/2026 12:21:58 AM,,bbunbartonuaa,bbunbartonuaa,9 Day Expiry Rule,03/03/2026,0
IBUAA1055070,Located,="72561",GV WHITE HOT DOG BUNS 8P 11Z,03/03/2026 12:29:37 AM,252,252,0,03/03/2026 12:25:38 AM,FRZ-0-64-0,03/03/2026 12:25:39 AM,,05/30/2026,12,252,UAA-146730,UAA102A030326,03/03/2026 12:25:38 AM,,bbunbartonuaa,bbunbartonuaa,9 Day Expiry Rule,03/03/2026,0
IBUAA1055112,Located,="72561",GV WHITE HOT DOG BUNS 8P 11Z,03/03/2026 12:31:09 AM,252,252,0,03/03/2026 12:25:46 AM,FRZ-0-64-0,03/03/2026 12:26:07 AM,,05/30/2026,12,252,UAA-146730,UAA102A030326,03/03/2026 12:25:46 AM,,bbuajohnsonuaa,bbuajohnsonuaa,9 Day Expiry Rule,03/03/2026,0
IBUAA1055132,Located,="72561",GV WHITE HOT DOG BUNS 8P 11Z,03/03/2026 12:29:37 AM,252,252,0,03/03/2026 12:25:56 AM,FRZ-0-64-0,03/03/2026 12:25:57 AM,,05/30/2026,12,252,UAA-146730,UAA102A030326,03/03/2026 12:25:56 AM,,bbunbartonuaa,bbunbartonuaa,9 Day Expiry Rule,03/03/2026,0
IBUAA1055113,Located,="72561",GV WHITE HOT DOG BUNS 8P 11Z,03/03/2026 12:31:09 AM,252,252,0,03/03/2026 12:27:52 AM,FRZ-0-64-0,03/03/2026 12:27:53 AM,,05/30/2026,12,252,UAA-146730,UAA102A030326,03/03/2026 12:27:52 AM,,bbuajohnsonuaa,bbuajohnsonuaa,9 Day Expiry Rule,03/03/2026,0
IBUAA1055133,Located,="72561",GV WHITE HOT DOG BUNS 8P 11Z,03/03/2026 12:33:07 AM,252,252,0,03/03/2026 12:31:55 AM,FRZ-0-64-0,03/03/2026 12:31:56 AM,,05/30/2026,12,252,UAA-146730,UAA102A030326,03/03/2026 12:31:55 AM,,bbunbartonuaa,bbunbartonuaa,9 Day Expiry Rule,03/03/2026,0
IBUAA1055114,Located,="72561",GV WHITE HOT DOG BUNS 8P 11Z,03/03/2026 12:35:21 AM,252,252,0,03/03/2026 12:33:13 AM,FRZ-0-64-0,03/03/2026 12:33:14 AM,,05/30/2026,12,252,UAA-146730,UAA102A030326,03/03/2026 12:33:13 AM,,bbuajohnsonuaa,bbuajohnsonuaa,9 Day Expiry Rule,03/03/2026,0
IBUAA1055135,Located,="72561",GV WHITE HOT DOG BUNS 8P 11Z,03/03/2026 12:37:18 AM,252,252,0,03/03/2026 12:34:22 AM,FRZ-0-64-0,03/03/2026 12:34:24 AM,,05/30/2026,12,252,UAA-146730,UAA102A030326,03/03/2026 12:34:22 AM,,bbunbartonuaa,bbunbartonuaa,9 Day Expiry Rule,03/03/2026,0
IBUAA1055136,Located,="72561",GV WHITE HOT DOG BUNS 8P 11Z,03/03/2026 12:37:18 AM,252,252,0,03/03/2026 12:34:38 AM,FRZ-0-64-0,03/03/2026 12:34:39 AM,,05/30/2026,12,252,UAA-146730,UAA102A030326,03/03/2026 12:34:38 AM,,bbunbartonuaa,bbunbartonuaa,9 Day Expiry Rule,03/03/2026,0
IBUAA1055138,Located,="72561",GV WHITE HOT DOG BUNS 8P 11Z,03/03/2026 12:42:13 AM,252,252,0,03/03/2026 12:39:03 AM,FRZ-0-64-0,03/03/2026 12:39:04 AM,,05/30/2026,12,252,UAA-146730,UAA102A030326,03/03/2026 12:39:03 AM,,bbunbartonuaa,bbunbartonuaa,9 Day Expiry Rule,03/03/2026,0
IBUAA1055115,Located,="72561",GV WHITE HOT DOG BUNS 8P 11Z,03/03/2026 12:40:23 AM,252,252,0,03/03/2026 12:39:23 AM,FRZ-0-64-0,03/03/2026 12:39:24 AM,,05/30/2026,12,252,UAA-146730,UAA102A030326,03/03/2026 12:39:23 AM,,bbuajohnsonuaa,bbuajohnsonuaa,9 Day Expiry Rule,03/03/2026,0
IBUAA1055139,Located,="72561",GV WHITE HOT DOG BUNS 8P 11Z,03/03/2026 12:42:13 AM,252,252,0,03/03/2026 12:40:14 AM,FRZ-0-64-0,03/03/2026 12:40:15 AM,,05/30/2026,12,252,UAA-146730,UAA102A030326,03/03/2026 12:40:14 AM,,bbunbartonuaa,bbunbartonuaa,9 Day Expiry Rule,03/03/2026,0
IBUAA1055116,Located,="72561",GV WHITE HOT DOG BUNS 8P 11Z,03/03/2026 12:45:02 AM,252,252,0,03/03/2026 12:43:06 AM,FRZ-0-64-0,03/03/2026 12:43:07 AM,,05/30/2026,12,252,UAA-146730,UAA102A030326,03/03/2026 12:43:06 AM,,bbuajohnsonuaa,bbuajohnsonuaa,9 Day Expiry Rule,03/03/2026,0
IBUAA1055117,Located,="72561",GV WHITE HOT DOG BUNS 8P 11Z,03/03/2026 12:45:03 AM,252,252,0,03/03/2026 12:43:09 AM,FRZ-0-64-0,03/03/2026 12:43:09 AM,,05/30/2026,12,252,UAA-146730,UAA102A030326,03/03/2026 12:43:09 AM,,bbuajohnsonuaa,bbuajohnsonuaa,9 Day Expiry Rule,03/03/2026,0
IBUAA1055140,Located,="72561",GV WHITE HOT DOG BUNS 8P 11Z,03/03/2026 12:49:59 AM,252,252,0,03/03/2026 12:47:04 AM,FRZ-0-64-0,03/03/2026 12:47:05 AM,,05/30/2026,12,252,UAA-146730,UAA102A030326,03/03/2026 12:47:04 AM,,bbunbartonuaa,bbunbartonuaa,9 Day Expiry Rule,03/03/2026,0
IBUAA1055141,Located,="72561",GV WHITE HOT DOG BUNS 8P 11Z,03/03/2026 12:49:59 AM,252,252,0,03/03/2026 12:47:26 AM,FRZ-0-64-0,03/03/2026 12:47:27 AM,,05/30/2026,12,252,UAA-146730,UAA102A030326,03/03/2026 12:47:26 AM,,bbunbartonuaa,bbunbartonuaa,9 Day Expiry Rule,03/03/2026,0
IBUAA1055118,Located,="72561",GV WHITE HOT DOG BUNS 8P 11Z,03/03/2026 12:49:19 AM,252,252,0,03/03/2026 12:48:04 AM,FRZ-0-64-0,03/03/2026 12:48:04 AM,,05/30/2026,12,252,UAA-146730,UAA102A030326,03/03/2026 12:48:04 AM,,bbuajohnsonuaa,bbuajohnsonuaa,9 Day Expiry Rule,03/03/2026,0
IBUAA1055142,Located,="72561",GV WHITE HOT DOG BUNS 8P 11Z,03/03/2026 12:57:21 AM,252,252,0,03/03/2026 12:54:30 AM,FRZ-0-64-0,03/03/2026 12:54:31 AM,,05/30/2026,12,252,UAA-146730,UAA102A030326,03/03/2026 12:54:30 AM,,bbunbartonuaa,bbunbartonuaa,9 Day Expiry Rule,03/03/2026,0
IBUAA1055147,Located,="72561",GV WHITE HOT DOG BUNS 8P 11Z,03/03/2026 12:57:21 AM,252,252,0,03/03/2026 12:56:01 AM,FRZ-0-64-0,03/03/2026 12:56:02 AM,,05/30/2026,12,252,UAA-146730,UAA102A030326,03/03/2026 12:56:01 AM,,bbunbartonuaa,bbunbartonuaa,9 Day Expiry Rule,03/03/2026,0
IBUAA1055148,Located,="72561",GV WHITE HOT DOG BUNS 8P 11Z,03/03/2026 01:05:10 AM,252,252,0,03/03/2026 01:02:09 AM,FRZ-0-64-0,03/03/2026 01:02:10 AM,,05/30/2026,12,252,UAA-146730,UAA102A030326,03/03/2026 01:02:09 AM,,bbunbartonuaa,bbunbartonuaa,9 Day Expiry Rule,03/03/2026,0
IBUAA1055149,Located,="72561",GV WHITE HOT DOG BUNS 8P 11Z,03/03/2026 01:05:10 AM,252,252,0,03/03/2026 01:03:14 AM,FRZ-0-64-0,03/03/2026 01:03:15 AM,,05/30/2026,12,252,UAA-146730,UAA102A030326,03/03/2026 01:03:14 AM,,bbunbartonuaa,bbunbartonuaa,9 Day Expiry Rule,03/03/2026,0
IBUAA1055151,Located,="72561",GV WHITE HOT DOG BUNS 8P 11Z,03/03/2026 01:13:09 AM,252,252,0,03/03/2026 01:09:48 AM,FRZ-0-64-0,03/03/2026 01:09:50 AM,,05/30/2026,12,252,UAA-146730,UAA102A030326,03/03/2026 01:09:48 AM,,bbuajohnsonuaa,bbuajohnsonuaa,9 Day Expiry Rule,03/03/2026,0
IBUAA1055172,Located,="72561",GV WHITE HOT DOG BUNS 8P 11Z,03/03/2026 01:13:09 AM,252,252,0,03/03/2026 01:09:52 AM,FRZ-0-64-0,03/03/2026 01:09:53 AM,,05/30/2026,12,252,UAA-146730,UAA102A030326,03/03/2026 01:09:52 AM,,bbuajohnsonuaa,bbuajohnsonuaa,9 Day Expiry Rule,03/03/2026,0
IBUAA1055173,Located,="72561",GV WHITE HOT DOG BUNS 8P 11Z,03/03/2026 01:13:09 AM,252,252,0,03/03/2026 01:09:55 AM,FRZ-0-64-0,03/03/2026 01:09:55 AM,,05/30/2026,12,252,UAA-146730,UAA102A030326,03/03/2026 01:09:55 AM,,bbuajohnsonuaa,bbuajohnsonuaa,9 Day Expiry Rule,03/03/2026,0
IBUAA1055174,Located,="72561",GV WHITE HOT DOG BUNS 8P 11Z,03/03/2026 01:13:08 AM,252,252,0,03/03/2026 01:09:57 AM,FRZ-0-64-0,03/03/2026 01:09:58 AM,,05/30/2026,12,252,UAA-146730,UAA102A030326,03/03/2026 01:09:57 AM,,bbuajohnsonuaa,bbuajohnsonuaa,9 Day Expiry Rule,03/03/2026,0
IBUAA1055175,Located,="72561",GV WHITE HOT DOG BUNS 8P 11Z,03/03/2026 01:13:08 AM,252,252,0,03/03/2026 01:10:00 AM,FRZ-0-64-0,03/03/2026 01:10:00 AM,,05/30/2026,12,252,UAA-146730,UAA102A030326,03/03/2026 01:10:00 AM,,bbuajohnsonuaa,bbuajohnsonuaa,9 Day Expiry Rule,03/03/2026,0
IBUAA1055176,Located,="72561",GV WHITE HOT DOG BUNS 8P 11Z,03/03/2026 01:13:08 AM,252,252,0,03/03/2026 01:10:09 AM,FRZ-0-64-0,03/03/2026 01:10:10 AM,,05/30/2026,12,252,UAA-146730,UAA102A030326,03/03/2026 01:10:09 AM,,bbuajohnsonuaa,bbuajohnsonuaa,9 Day Expiry Rule,03/03/2026,0
IBUAA1055177,Located,="72561",GV WHITE HOT DOG BUNS 8P 11Z,03/03/2026 01:37:52 AM,252,252,0,03/03/2026 01:11:54 AM,FRZ-0-64-0,03/03/2026 01:33:39 AM,,05/30/2026,12,252,UAA-146730,UAA102A030326,03/03/2026 01:11:54 AM,,bbunbartonuaa,bbunbartonuaa,9 Day Expiry Rule,03/03/2026,0
IBUAA1055178,Located,="72561",GV WHITE HOT DOG BUNS 8P 11Z,03/03/2026 01:37:52 AM,252,252,0,03/03/2026 01:12:04 AM,FRZ-0-64-0,03/03/2026 01:33:40 AM,,05/30/2026,12,252,UAA-146730,UAA102A030326,03/03/2026 01:12:04 AM,,bbunbartonuaa,bbunbartonuaa,9 Day Expiry Rule,03/03/2026,0
IBUAA1055129,Located,="72561",GV WHITE HOT DOG BUNS 8P 11Z,03/03/2026 01:46:46 AM,252,252,0,03/03/2026 01:43:41 AM,FRZ-0-64-0,03/03/2026 01:43:42 AM,,05/30/2026,12,252,UAA-146730,UAA102A030326,03/03/2026 01:43:41 AM,,bbuagomezuaa,bbuagomezuaa,9 Day Expiry Rule,03/03/2026,0
IBUAA1055130,Located,="72561",GV WHITE HOT DOG BUNS 8P 11Z,03/03/2026 01:46:46 AM,252,252,0,03/03/2026 01:43:45 AM,FRZ-0-64-0,03/03/2026 01:43:46 AM,,05/30/2026,12,252,UAA-146730,UAA102A030326,03/03/2026 01:43:45 AM,,bbuagomezuaa,bbuagomezuaa,9 Day Expiry Rule,03/03/2026,0
IBUAA1055131,Located,="72561",GV WHITE HOT DOG BUNS 8P 11Z,03/03/2026 01:50:05 AM,252,252,0,03/03/2026 01:47:55 AM,FRZ-0-64-0,03/03/2026 01:47:57 AM,,05/30/2026,12,252,UAA-146730,UAA102A030326,03/03/2026 01:47:55 AM,,bbuadoldsonuaa,bbuadoldsonuaa,9 Day Expiry Rule,03/03/2026,0
IBUAA1055232,Located,="72561",GV WHITE HOT DOG BUNS 8P 11Z,03/03/2026 01:50:05 AM,252,252,0,03/03/2026 01:48:04 AM,FRZ-0-64-0,03/03/2026 01:48:04 AM,,05/30/2026,12,252,UAA-146730,UAA102A030326,03/03/2026 01:48:04 AM,,bbuadoldsonuaa,bbuadoldsonuaa,9 Day Expiry Rule,03/03/2026,0
IBUAA1055233,Located,="72561",GV WHITE HOT DOG BUNS 8P 11Z,03/03/2026 02:03:54 AM,252,252,0,03/03/2026 01:57:13 AM,FRZ-0-64-0,03/03/2026 01:57:14 AM,,05/30/2026,12,252,UAA-146730,UAA102A030326,03/03/2026 01:57:13 AM,,bbuagomezuaa,bbuagomezuaa,9 Day Expiry Rule,03/03/2026,0
IBUAA1055234,Located,="72561",GV WHITE HOT DOG BUNS 8P 11Z,03/03/2026 02:03:54 AM,252,252,0,03/03/2026 01:57:19 AM,FRZ-0-64-0,03/03/2026 01:57:19 AM,,05/30/2026,12,252,UAA-146730,UAA102A030326,03/03/2026 01:57:19 AM,,bbuagomezuaa,bbuagomezuaa,9 Day Expiry Rule,03/03/2026,0
IBUAA1055216,Located,="72561",GV WHITE HOT DOG BUNS 8P 11Z,03/03/2026 02:01:15 AM,252,252,0,03/03/2026 01:59:03 AM,FRZ-0-64-0,03/03/2026 01:59:05 AM,,05/30/2026,12,252,UAA-146730,UAA102A030326,03/03/2026 01:59:03 AM,,bbunbartonuaa,bbunbartonuaa,9 Day Expiry Rule,03/03/2026,0
IBUAA1055236,Located,="72561",GV WHITE HOT DOG BUNS 8P 11Z,03/03/2026 02:05:59 AM,252,252,0,03/03/2026 02:03:54 AM,FRZ-0-64-0,03/03/2026 02:03:56 AM,,05/30/2026,12,252,UAA-146730,UAA102A030326,03/03/2026 02:03:54 AM,,bbunbartonuaa,bbunbartonuaa,9 Day Expiry Rule,03/03/2026,0
IBUAA1055217,Located,="72561",GV WHITE HOT DOG BUNS 8P 11Z,03/03/2026 02:10:29 AM,252,252,0,03/03/2026 02:06:55 AM,FRZ-0-64-0,03/03/2026 02:06:56 AM,,05/30/2026,12,252,UAA-146730,UAA102A030326,03/03/2026 02:06:55 AM,,bbuajohnsonuaa,bbuajohnsonuaa,9 Day Expiry Rule,03/03/2026,0
IBUAA1055218,Located,="72561",GV WHITE HOT DOG BUNS 8P 11Z,03/03/2026 02:10:29 AM,252,252,0,03/03/2026 02:06:58 AM,FRZ-0-64-0,03/03/2026 02:06:59 AM,,05/30/2026,12,252,UAA-146730,UAA102A030326,03/03/2026 02:06:58 AM,,bbuajohnsonuaa,bbuajohnsonuaa,9 Day Expiry Rule,03/03/2026,0
IBUAA1055237,Located,="72561",GV WHITE HOT DOG BUNS 8P 11Z,03/03/2026 02:13:18 AM,252,252,0,03/03/2026 02:10:53 AM,FRZ-0-64-0,03/03/2026 02:10:54 AM,,05/30/2026,12,252,UAA-146730,UAA102A030326,03/03/2026 02:10:53 AM,,bbunbartonuaa,bbunbartonuaa,9 Day Expiry Rule,03/03/2026,0
IBUAA1055238,Located,="72561",GV WHITE HOT DOG BUNS 8P 11Z,03/03/2026 02:13:18 AM,252,252,0,03/03/2026 02:12:24 AM,FRZ-0-64-0,03/03/2026 02:12:25 AM,,05/30/2026,12,252,UAA-146730,UAA102A030326,03/03/2026 02:12:24 AM,,bbunbartonuaa,bbunbartonuaa,9 Day Expiry Rule,03/03/2026,0
IBUAA1055222,Located,="72561",GV WHITE HOT DOG BUNS 8P 11Z,03/03/2026 02:14:18 AM,252,252,0,03/03/2026 02:13:12 AM,FRZ-0-64-0,03/03/2026 02:13:13 AM,,05/30/2026,12,252,UAA-146730,UAA102A030326,03/03/2026 02:13:12 AM,,bbuajohnsonuaa,bbuajohnsonuaa,9 Day Expiry Rule,03/03/2026,0
IBUAA1055239,Located,="72561",GV WHITE HOT DOG BUNS 8P 11Z,03/03/2026 02:22:27 AM,252,252,0,03/03/2026 02:17:21 AM,FRZ-0-64-0,03/03/2026 02:17:22 AM,,05/30/2026,12,252,UAA-146730,UAA102A030326,03/03/2026 02:17:21 AM,,bbunbartonuaa,bbunbartonuaa,9 Day Expiry Rule,03/03/2026,0
IBUAA1055226,Located,="72561",GV WHITE HOT DOG BUNS 8P 11Z,03/03/2026 02:20:00 AM,252,252,0,03/03/2026 02:18:52 AM,FRZ-0-64-0,03/03/2026 02:18:53 AM,,05/30/2026,12,252,UAA-146730,UAA102A030326,03/03/2026 02:18:52 AM,,bbuajohnsonuaa,bbuajohnsonuaa,9 Day Expiry Rule,03/03/2026,0
IBUAA1055240,Located,="72561",GV WHITE HOT DOG BUNS 8P 11Z,03/03/2026 02:22:27 AM,252,252,0,03/03/2026 02:20:13 AM,FRZ-0-64-0,03/03/2026 02:20:13 AM,,05/30/2026,12,252,UAA-146730,UAA102A030326,03/03/2026 02:20:13 AM,,bbunbartonuaa,bbunbartonuaa,9 Day Expiry Rule,03/03/2026,0
IBUAA1055227,Located,="72561",GV WHITE HOT DOG BUNS 8P 11Z,03/03/2026 02:25:38 AM,252,252,0,03/03/2026 02:22:13 AM,FRZ-0-64-0,03/03/2026 02:22:13 AM,,05/30/2026,12,252,UAA-146730,UAA102A030326,03/03/2026 02:22:13 AM,,bbuajohnsonuaa,bbuajohnsonuaa,9 Day Expiry Rule,03/03/2026,0
IBUAA1055228,Located,="72561",GV WHITE HOT DOG BUNS 8P 11Z,03/03/2026 02:25:38 AM,252,252,0,03/03/2026 02:22:17 AM,FRZ-0-64-0,03/03/2026 02:22:18 AM,,05/30/2026,12,252,UAA-146730,UAA102A030326,03/03/2026 02:22:17 AM,,bbuajohnsonuaa,bbuajohnsonuaa,9 Day Expiry Rule,03/03/2026,0
IBUAA1055241,Located,="72561",GV WHITE HOT DOG BUNS 8P 11Z,03/03/2026 02:34:57 AM,252,252,0,03/03/2026 02:24:46 AM,FRZ-0-64-0,03/03/2026 02:24:47 AM,,05/30/2026,12,252,UAA-146730,UAA102A030326,03/03/2026 02:24:46 AM,,bbunbartonuaa,bbunbartonuaa,9 Day Expiry Rule,03/03/2026,0
IBUAA1055251,Located,="72561",GV WHITE HOT DOG BUNS 8P 11Z,03/03/2026 03:18:28 AM,252,252,0,03/03/2026 03:16:38 AM,FRZ-0-64-0,03/03/2026 03:16:40 AM,,05/30/2026,12,252,UAA-146730,UAA102A030326,03/03/2026 03:16:38 AM,,bbuajohnsonuaa,bbuajohnsonuaa,9 Day Expiry Rule,03/03/2026,0
IBUAA1055259,Located,="72561",GV WHITE HOT DOG BUNS 8P 11Z,03/03/2026 03:19:02 AM,252,252,0,03/03/2026 03:18:00 AM,FRZ-0-64-0,03/03/2026 03:18:02 AM,,05/30/2026,12,252,UAA-146730,UAA102A030326,03/03/2026 03:18:00 AM,,bbunbartonuaa,bbunbartonuaa,9 Day Expiry Rule,03/03/2026,0
IBUAA1055274,Located,="72561",GV WHITE HOT DOG BUNS 8P 11Z,03/03/2026 03:24:18 AM,252,252,0,03/03/2026 03:19:54 AM,FRZ-0-64-0,03/03/2026 03:19:55 AM,,05/30/2026,12,252,UAA-146730,UAA102A030326,03/03/2026 03:19:54 AM,,bbuajohnsonuaa,bbuajohnsonuaa,9 Day Expiry Rule,03/03/2026,0
IBUAA1055260,Located,="72561",GV WHITE HOT DOG BUNS 8P 11Z,03/03/2026 03:22:35 AM,252,252,0,03/03/2026 03:21:52 AM,FRZ-0-64-0,03/03/2026 03:21:53 AM,,05/30/2026,12,252,UAA-146730,UAA102A030326,03/03/2026 03:21:52 AM,,bbunbartonuaa,bbunbartonuaa,9 Day Expiry Rule,03/03/2026,0
IBUAA1055277,Located,="72561",GV WHITE HOT DOG BUNS 8P 11Z,03/03/2026 03:24:18 AM,252,252,0,03/03/2026 03:22:04 AM,FRZ-0-64-0,03/03/2026 03:22:05 AM,,05/30/2026,12,252,UAA-146730,UAA102A030326,03/03/2026 03:22:04 AM,,bbuajohnsonuaa,bbuajohnsonuaa,9 Day Expiry Rule,03/03/2026,0
IBUAA1055261,Located,="72561",GV WHITE HOT DOG BUNS 8P 11Z,03/03/2026 03:27:38 AM,252,252,0,03/03/2026 03:26:39 AM,FRZ-0-64-0,03/03/2026 03:26:40 AM,,05/30/2026,12,252,UAA-146730,UAA102A030326,03/03/2026 03:26:39 AM,,bbunbartonuaa,bbunbartonuaa,9 Day Expiry Rule,03/03/2026,0
IBUAA1055280,Located,="72561",GV WHITE HOT DOG BUNS 8P 11Z,03/03/2026 03:32:03 AM,252,252,0,03/03/2026 03:29:03 AM,FRZ-0-64-0,03/03/2026 03:29:04 AM,,05/30/2026,12,252,UAA-146730,UAA102A030326,03/03/2026 03:29:03 AM,,bbuajohnsonuaa,bbuajohnsonuaa,9 Day Expiry Rule,03/03/2026,0
IBUAA1055262,Located,="72561",GV WHITE HOT DOG BUNS 8P 11Z,03/03/2026 03:31:19 AM,252,252,0,03/03/2026 03:29:37 AM,FRZ-0-64-0,03/03/2026 03:29:37 AM,,05/30/2026,12,252,UAA-146730,UAA102A030326,03/03/2026 03:29:37 AM,,bbunbartonuaa,bbunbartonuaa,9 Day Expiry Rule,03/03/2026,0
IBUAA1055281,Located,="72561",GV WHITE HOT DOG BUNS 8P 11Z,03/03/2026 03:32:03 AM,252,252,0,03/03/2026 03:30:00 AM,FRZ-0-64-0,03/03/2026 03:30:01 AM,,05/30/2026,12,252,UAA-146730,UAA102A030326,03/03/2026 03:30:00 AM,,bbuajohnsonuaa,bbuajohnsonuaa,9 Day Expiry Rule,03/03/2026,0
IBUAA1055263,Located,="72561",GV WHITE HOT DOG BUNS 8P 11Z,03/03/2026 03:36:25 AM,252,252,0,03/03/2026 03:34:48 AM,FRZ-0-64-0,03/03/2026 03:34:49 AM,,05/30/2026,12,252,UAA-146730,UAA102A030326,03/03/2026 03:34:48 AM,,bbunbartonuaa,bbunbartonuaa,9 Day Expiry Rule,03/03/2026,0
IBUAA1055264,Located,="72561",GV WHITE HOT DOG BUNS 8P 11Z,03/03/2026 03:38:13 AM,252,252,0,03/03/2026 03:37:22 AM,FRZ-0-64-0,03/03/2026 03:37:23 AM,,05/30/2026,12,252,UAA-146730,UAA102A030326,03/03/2026 03:37:22 AM,,bbunbartonuaa,bbunbartonuaa,9 Day Expiry Rule,03/03/2026,0
IBUAA1055287,Located,="72561",GV WHITE HOT DOG BUNS 8P 11Z,03/03/2026 03:39:35 AM,252,252,0,03/03/2026 03:38:07 AM,FRZ-0-64-0,03/03/2026 03:38:08 AM,,05/30/2026,12,252,UAA-146730,UAA102A030326,03/03/2026 03:38:07 AM,,bbuajohnsonuaa,bbuajohnsonuaa,9 Day Expiry Rule,03/03/2026,0
IBUAA1055288,Located,="72561",GV WHITE HOT DOG BUNS 8P 11Z,03/03/2026 03:39:35 AM,252,252,0,03/03/2026 03:38:10 AM,FRZ-0-64-0,03/03/2026 03:38:11 AM,,05/30/2026,12,252,UAA-146730,UAA102A030326,03/03/2026 03:38:10 AM,,bbuajohnsonuaa,bbuajohnsonuaa,9 Day Expiry Rule,03/03/2026,0
IBUAA1055265,Located,="72561",GV WHITE HOT DOG BUNS 8P 11Z,03/03/2026 03:43:47 AM,252,252,0,03/03/2026 03:41:24 AM,FRZ-0-64-0,03/03/2026 03:41:25 AM,,05/30/2026,12,252,UAA-146730,UAA102A030326,03/03/2026 03:41:24 AM,,bbunbartonuaa,bbunbartonuaa,9 Day Expiry Rule,03/03/2026,0
IBUAA1055266,Located,="72561",GV WHITE HOT DOG BUNS 8P 11Z,03/03/2026 03:46:44 AM,252,252,0,03/03/2026 03:44:50 AM,FRZ-0-64-0,03/03/2026 03:44:51 AM,,05/30/2026,12,252,UAA-146730,UAA102A030326,03/03/2026 03:44:50 AM,,bbunbartonuaa,bbunbartonuaa,9 Day Expiry Rule,03/03/2026,0
IBUAA1055312,Located,="72561",GV WHITE HOT DOG BUNS 8P 11Z,03/03/2026 03:47:57 AM,252,252,0,03/03/2026 03:45:46 AM,FRZ-0-64-0,03/03/2026 03:45:47 AM,,05/30/2026,12,252,UAA-146730,UAA102A030326,03/03/2026 03:45:46 AM,,bbuajohnsonuaa,bbuajohnsonuaa,9 Day Expiry Rule,03/03/2026,0
IBUAA1055313,Located,="72561",GV WHITE HOT DOG BUNS 8P 11Z,03/03/2026 03:47:57 AM,252,252,0,03/03/2026 03:45:49 AM,FRZ-0-64-0,03/03/2026 03:45:49 AM,,05/30/2026,12,252,UAA-146730,UAA102A030326,03/03/2026 03:45:49 AM,,bbuajohnsonuaa,bbuajohnsonuaa,9 Day Expiry Rule,03/03/2026,0
IBUAA1055267,Located,="72561",GV WHITE HOT DOG BUNS 8P 11Z,03/03/2026 03:51:36 AM,252,252,0,03/03/2026 03:50:17 AM,FRZ-0-64-0,03/03/2026 03:50:18 AM,,05/30/2026,12,252,UAA-146730,UAA102A030326,03/03/2026 03:50:17 AM,,bbunbartonuaa,bbunbartonuaa,9 Day Expiry Rule,03/03/2026,0
IBUAA1055315,Located,="72561",GV WHITE HOT DOG BUNS 8P 11Z,03/03/2026 03:54:06 AM,252,252,0,03/03/2026 03:51:33 AM,FRZ-0-64-0,03/03/2026 03:51:34 AM,,05/30/2026,12,252,UAA-146730,UAA102A030326,03/03/2026 03:51:33 AM,,bbuajohnsonuaa,bbuajohnsonuaa,9 Day Expiry Rule,03/03/2026,0
IBUAA1055316,Located,="72561",GV WHITE HOT DOG BUNS 8P 11Z,03/03/2026 03:54:05 AM,252,252,0,03/03/2026 03:51:39 AM,FRZ-0-64-0,03/03/2026 03:51:39 AM,,05/30/2026,12,252,UAA-146730,UAA102A030326,03/03/2026 03:51:39 AM,,bbuajohnsonuaa,bbuajohnsonuaa,9 Day Expiry Rule,03/03/2026,0
IBUAA1055268,Located,="72561",GV WHITE HOT DOG BUNS 8P 11Z,03/03/2026 03:54:52 AM,252,252,0,03/03/2026 03:53:43 AM,FRZ-0-64-0,03/03/2026 03:53:44 AM,,05/30/2026,12,252,UAA-146730,UAA102A030326,03/03/2026 03:53:43 AM,,bbunbartonuaa,bbunbartonuaa,9 Day Expiry Rule,03/03/2026,0
IBUAA1055269,Located,="72561",GV WHITE HOT DOG BUNS 8P 11Z,03/03/2026 03:59:51 AM,252,252,0,03/03/2026 03:58:13 AM,FRZ-0-64-0,03/03/2026 03:58:13 AM,,05/30/2026,12,252,UAA-146730,UAA102A030326,03/03/2026 03:58:13 AM,,bbunbartonuaa,bbunbartonuaa,9 Day Expiry Rule,03/03/2026,0
IBUAA1055271,Located,="72561",GV WHITE HOT DOG BUNS 8P 11Z,03/03/2026 04:06:09 AM,252,252,0,03/03/2026 04:05:12 AM,FRZ-0-64-0,03/03/2026 04:05:13 AM,,05/30/2026,12,252,UAA-146730,UAA102A030326,03/03/2026 04:05:12 AM,,bbunbartonuaa,bbunbartonuaa,9 Day Expiry Rule,03/03/2026,0
IBUAA1055352,Located,="72561",GV WHITE HOT DOG BUNS 8P 11Z,03/03/2026 04:14:57 AM,252,252,0,03/03/2026 04:13:22 AM,FRZ-0-64-0,03/03/2026 04:13:24 AM,,05/30/2026,12,252,UAA-146730,UAA102A030326,03/03/2026 04:13:22 AM,,bbuajohnsonuaa,bbuajohnsonuaa,9 Day Expiry Rule,03/03/2026,0
IBUAA1055353,Located,="72561",GV WHITE HOT DOG BUNS 8P 11Z,03/03/2026 04:14:57 AM,252,252,0,03/03/2026 04:13:26 AM,FRZ-0-64-0,03/03/2026 04:13:27 AM,,05/30/2026,12,252,UAA-146730,UAA102A030326,03/03/2026 04:13:26 AM,,bbuajohnsonuaa,bbuajohnsonuaa,9 Day Expiry Rule,03/03/2026,0
IBUAA1055372,Located,="72561",GV WHITE HOT DOG BUNS 8P 11Z,03/03/2026 04:18:32 AM,252,252,0,03/03/2026 04:14:32 AM,FRZ-0-64-0,03/03/2026 04:14:33 AM,,05/30/2026,12,252,UAA-146730,UAA102A030326,03/03/2026 04:14:32 AM,,bbunbartonuaa,bbunbartonuaa,9 Day Expiry Rule,03/03/2026,0
IBUAA1055373,Located,="72561",GV WHITE HOT DOG BUNS 8P 11Z,03/03/2026 04:18:32 AM,252,252,0,03/03/2026 04:15:15 AM,FRZ-0-64-0,03/03/2026 04:15:16 AM,,05/30/2026,12,252,UAA-146730,UAA102A030326,03/03/2026 04:15:15 AM,,bbunbartonuaa,bbunbartonuaa,9 Day Expiry Rule,03/03/2026,0
IBUAA1055298,Located,="72561",GV WHITE HOT DOG BUNS 8P 11Z,03/03/2026 04:23:02 AM,252,252,0,03/03/2026 04:19:16 AM,FRZ-0-64-0,03/03/2026 04:19:18 AM,,05/30/2026,12,252,UAA-146730,UAA102A030326,03/03/2026 04:19:16 AM,,bbuagomezuaa,bbuagomezuaa,9 Day Expiry Rule,03/03/2026,0
IBUAA1055299,Located,="72561",GV WHITE HOT DOG BUNS 8P 11Z,03/03/2026 04:23:02 AM,252,252,0,03/03/2026 04:19:20 AM,FRZ-0-64-0,03/03/2026 04:19:21 AM,,05/30/2026,12,252,UAA-146730,UAA102A030326,03/03/2026 04:19:20 AM,,bbuagomezuaa,bbuagomezuaa,9 Day Expiry Rule,03/03/2026,0
IBUAA1055300,Located,="72561",GV WHITE HOT DOG BUNS 8P 11Z,03/03/2026 04:27:50 AM,252,252,0,03/03/2026 04:25:24 AM,FRZ-0-64-0,03/03/2026 04:25:25 AM,,05/30/2026,12,252,UAA-146730,UAA102A030326,03/03/2026 04:25:24 AM,,bbuagomezuaa,bbuagomezuaa,9 Day Expiry Rule,03/03/2026,0
IBUAA1055301,Located,="72561",GV WHITE HOT DOG BUNS 8P 11Z,03/03/2026 04:27:50 AM,252,252,0,03/03/2026 04:25:36 AM,FRZ-0-64-0,03/03/2026 04:25:37 AM,,05/30/2026,12,252,UAA-146730,UAA102A030326,03/03/2026 04:25:36 AM,,bbuagomezuaa,bbuagomezuaa,9 Day Expiry Rule,03/03/2026,0
IBUAA1055375,Located,="72561",GV WHITE HOT DOG BUNS 8P 11Z,03/03/2026 04:28:49 AM,252,252,0,03/03/2026 04:25:43 AM,FRZ-0-64-0,03/03/2026 04:25:45 AM,,05/30/2026,12,252,UAA-146730,UAA102A030326,03/03/2026 04:25:43 AM,,bbuadoldsonuaa,bbuadoldsonuaa,9 Day Expiry Rule,03/03/2026,0
IBUAA1055376,Located,="72561",GV WHITE HOT DOG BUNS 8P 11Z,03/03/2026 04:28:49 AM,252,252,0,03/03/2026 04:25:49 AM,FRZ-0-64-0,03/03/2026 04:25:50 AM,,05/30/2026,12,252,UAA-146730,UAA102A030326,03/03/2026 04:25:49 AM,,bbuadoldsonuaa,bbuadoldsonuaa,9 Day Expiry Rule,03/03/2026,0
IBUAA1055379,Located,="72561",GV WHITE HOT DOG BUNS 8P 11Z,03/03/2026 04:39:51 AM,252,252,0,03/03/2026 04:37:37 AM,FRZ-0-64-0,03/03/2026 04:37:38 AM,,05/30/2026,12,252,UAA-146730,UAA102A030326,03/03/2026 04:37:37 AM,,bbuadoldsonuaa,bbuadoldsonuaa,9 Day Expiry Rule,03/03/2026,0
IBUAA1055380,Located,="72561",GV WHITE HOT DOG BUNS 8P 11Z,03/03/2026 04:39:51 AM,252,252,0,03/03/2026 04:37:58 AM,FRZ-0-64-0,03/03/2026 04:37:59 AM,,05/30/2026,12,252,UAA-146730,UAA102A030326,03/03/2026 04:37:58 AM,,bbuadoldsonuaa,bbuadoldsonuaa,9 Day Expiry Rule,03/03/2026,0
IBUAA1055323,Located,="72561",GV WHITE HOT DOG BUNS 8P 11Z,03/03/2026 04:42:20 AM,252,252,0,03/03/2026 04:40:44 AM,FRZ-0-64-0,03/03/2026 04:40:46 AM,,05/30/2026,12,252,UAA-146730,UAA102A030326,03/03/2026 04:40:44 AM,,bbuajohnsonuaa,bbuajohnsonuaa,9 Day Expiry Rule,03/03/2026,0
IBUAA1055324,Located,="72561",GV WHITE HOT DOG BUNS 8P 11Z,03/03/2026 04:42:20 AM,252,252,0,03/03/2026 04:40:49 AM,FRZ-0-64-0,03/03/2026 04:40:50 AM,,05/30/2026,12,252,UAA-146730,UAA102A030326,03/03/2026 04:40:49 AM,,bbuajohnsonuaa,bbuajohnsonuaa,9 Day Expiry Rule,03/03/2026,0
IBUAA1055329,Located,="72561",GV WHITE HOT DOG BUNS 8P 11Z,03/03/2026 04:50:17 AM,252,252,0,03/03/2026 04:49:12 AM,FRZ-0-64-0,03/03/2026 04:49:13 AM,,05/30/2026,12,252,UAA-146730,UAA102A030326,03/03/2026 04:49:12 AM,,bbuajohnsonuaa,bbuajohnsonuaa,9 Day Expiry Rule,03/03/2026,0
IBUAA1055330,Located,="72561",GV WHITE HOT DOG BUNS 8P 11Z,03/03/2026 04:54:39 AM,252,252,0,03/03/2026 04:52:11 AM,FRZ-0-65-0,03/03/2026 04:52:33 AM,,05/30/2026,12,252,UAA-146721,UAA102A030326,03/03/2026 04:52:11 AM,,bbuajohnsonuaa,bbuajohnsonuaa,9 Day Expiry Rule,03/03/2026,0
IBUAA1055331,Located,="72561",GV WHITE HOT DOG BUNS 8P 11Z,03/03/2026 04:58:40 AM,252,252,0,03/03/2026 04:56:43 AM,FRZ-0-65-0,03/03/2026 04:56:44 AM,,05/30/2026,12,252,UAA-146721,UAA102A030326,03/03/2026 04:56:43 AM,,bbuajohnsonuaa,bbuajohnsonuaa,9 Day Expiry Rule,03/03/2026,0
IBUAA1055412,Located,="72561",GV WHITE HOT DOG BUNS 8P 11Z,03/03/2026 04:58:40 AM,252,252,0,03/03/2026 04:56:45 AM,FRZ-0-65-0,03/03/2026 04:56:46 AM,,05/30/2026,12,252,UAA-146721,UAA102A030326,03/03/2026 04:56:45 AM,,bbuajohnsonuaa,bbuajohnsonuaa,9 Day Expiry Rule,03/03/2026,0
IBUAA1055302,Located,="72561",GV WHITE HOT DOG BUNS 8P 11Z,03/03/2026 05:10:20 AM,252,252,0,03/03/2026 05:04:52 AM,FRZ-0-65-0,03/03/2026 05:04:54 AM,,05/30/2026,12,252,UAA-146721,UAA102A030326,03/03/2026 05:04:52 AM,,bbunbartonuaa,bbunbartonuaa,9 Day Expiry Rule,03/03/2026,0
IBUAA1055413,Located,="72561",GV WHITE HOT DOG BUNS 8P 11Z,03/03/2026 05:07:42 AM,252,252,0,03/03/2026 05:05:49 AM,FRZ-0-65-0,03/03/2026 05:05:50 AM,,05/30/2026,12,252,UAA-146721,UAA102A030326,03/03/2026 05:05:49 AM,,bbuajohnsonuaa,bbuajohnsonuaa,9 Day Expiry Rule,03/03/2026,0
IBUAA1055303,Located,="72561",GV WHITE HOT DOG BUNS 8P 11Z,03/03/2026 05:10:20 AM,252,252,0,03/03/2026 05:08:28 AM,FRZ-0-65-0,03/03/2026 05:08:29 AM,,05/30/2026,12,252,UAA-146721,UAA102A030326,03/03/2026 05:08:28 AM,,bbunbartonuaa,bbunbartonuaa,9 Day Expiry Rule,03/03/2026,0
IBUAA1055414,Located,="72561",GV WHITE HOT DOG BUNS 8P 11Z,03/03/2026 05:12:03 AM,252,252,0,03/03/2026 05:10:41 AM,FRZ-0-65-0,03/03/2026 05:10:42 AM,,05/30/2026,12,252,UAA-146721,UAA102A030326,03/03/2026 05:10:41 AM,,bbuajohnsonuaa,bbuajohnsonuaa,9 Day Expiry Rule,03/03/2026,0
IBUAA1055389,Located,="72561",GV WHITE HOT DOG BUNS 8P 11Z,03/03/2026 05:23:44 AM,252,252,0,03/03/2026 05:21:51 AM,FRZ-0-65-0,03/03/2026 05:21:53 AM,,05/30/2026,12,252,UAA-146721,UAA102A030326,03/03/2026 05:21:51 AM,,bbunbartonuaa,bbunbartonuaa,9 Day Expiry Rule,03/03/2026,0
IBUAA1055390,Located,="72561",GV WHITE HOT DOG BUNS 8P 11Z,03/03/2026 05:23:44 AM,252,252,0,03/03/2026 05:21:59 AM,FRZ-0-65-0,03/03/2026 05:22:00 AM,,05/30/2026,12,252,UAA-146721,UAA102A030326,03/03/2026 05:21:59 AM,,bbunbartonuaa,bbunbartonuaa,9 Day Expiry Rule,03/03/2026,0
IBUAA1055415,Located,="72561",GV WHITE HOT DOG BUNS 8P 11Z,03/03/2026 05:25:03 AM,252,252,0,03/03/2026 05:22:57 AM,FRZ-0-65-0,03/03/2026 05:22:58 AM,,05/30/2026,12,252,UAA-146721,UAA102A030326,03/03/2026 05:22:57 AM,,bbuajohnsonuaa,bbuajohnsonuaa,9 Day Expiry Rule,03/03/2026,0
IBUAA1055416,Located,="72561",GV WHITE HOT DOG BUNS 8P 11Z,03/03/2026 05:25:03 AM,252,252,0,03/03/2026 05:23:01 AM,FRZ-0-65-0,03/03/2026 05:23:01 AM,,05/30/2026,12,252,UAA-146721,UAA102A030326,03/03/2026 05:23:01 AM,,bbuajohnsonuaa,bbuajohnsonuaa,9 Day Expiry Rule,03/03/2026,0
IBUAA1055391,Located,="72561",GV WHITE HOT DOG BUNS 8P 11Z,03/03/2026 05:31:41 AM,252,252,0,03/03/2026 05:27:44 AM,FRZ-0-65-0,03/03/2026 05:27:44 AM,,05/30/2026,12,252,UAA-146721,UAA102A030326,03/03/2026 05:27:44 AM,,bbunbartonuaa,bbunbartonuaa,9 Day Expiry Rule,03/03/2026,0
IBUAA1055432,Located,="72561",GV WHITE HOT DOG BUNS 8P 11Z,03/03/2026 05:31:41 AM,252,252,0,03/03/2026 05:29:30 AM,FRZ-0-65-0,03/03/2026 05:29:30 AM,,05/30/2026,12,252,UAA-146721,UAA102A030326,03/03/2026 05:29:30 AM,,bbunbartonuaa,bbunbartonuaa,9 Day Expiry Rule,03/03/2026,0
IBUAA1055417,Located,="72561",GV WHITE HOT DOG BUNS 8P 11Z,03/03/2026 05:33:49 AM,252,252,0,03/03/2026 05:31:55 AM,FRZ-0-65-0,03/03/2026 05:31:56 AM,,05/30/2026,12,252,UAA-146721,UAA102A030326,03/03/2026 05:31:55 AM,,bbuajohnsonuaa,bbuajohnsonuaa,9 Day Expiry Rule,03/03/2026,0
IBUAA1055418,Located,="72561",GV WHITE HOT DOG BUNS 8P 11Z,03/03/2026 05:33:49 AM,252,252,0,03/03/2026 05:32:00 AM,FRZ-0-65-0,03/03/2026 05:32:01 AM,,05/30/2026,12,252,UAA-146721,UAA102A030326,03/03/2026 05:32:00 AM,,bbuajohnsonuaa,bbuajohnsonuaa,9 Day Expiry Rule,03/03/2026,0
IBUAA1055433,Located,="72561",GV WHITE HOT DOG BUNS 8P 11Z,03/03/2026 05:40:00 AM,252,252,0,03/03/2026 05:37:26 AM,FRZ-0-65-0,03/03/2026 05:37:27 AM,,05/30/2026,12,252,UAA-146721,UAA102A030326,03/03/2026 05:37:26 AM,,bbunbartonuaa,bbunbartonuaa,9 Day Expiry Rule,03/03/2026,0
IBUAA1055434,Located,="72561",GV WHITE HOT DOG BUNS 8P 11Z,03/03/2026 05:40:00 AM,252,252,0,03/03/2026 05:37:35 AM,FRZ-0-65-0,03/03/2026 05:37:36 AM,,05/30/2026,12,252,UAA-146721,UAA102A030326,03/03/2026 05:37:35 AM,,bbunbartonuaa,bbunbartonuaa,9 Day Expiry Rule,03/03/2026,0
IBUAA1055438,Located,="72561",GV WHITE HOT DOG BUNS 8P 11Z,03/03/2026 05:49:04 AM,252,252,0,03/03/2026 05:44:33 AM,FRZ-0-65-0,03/03/2026 05:44:34 AM,,05/30/2026,12,252,UAA-146721,UAA102A030326,03/03/2026 05:44:33 AM,,bbunbartonuaa,bbunbartonuaa,9 Day Expiry Rule,03/03/2026,0
IBUAA1055439,Located,="72561",GV WHITE HOT DOG BUNS 8P 11Z,03/03/2026 05:49:04 AM,252,252,0,03/03/2026 05:46:45 AM,FRZ-0-65-0,03/03/2026 05:46:45 AM,,05/30/2026,12,252,UAA-146721,UAA102A030326,03/03/2026 05:46:45 AM,,bbunbartonuaa,bbunbartonuaa,9 Day Expiry Rule,03/03/2026,0
IBUAA1055370,Located,="72561",GV WHITE HOT DOG BUNS 8P 11Z,03/03/2026 05:53:56 AM,252,252,0,03/03/2026 05:51:10 AM,FRZ-0-65-0,03/03/2026 05:51:12 AM,,05/30/2026,12,252,UAA-146721,UAA102A030326,03/03/2026 05:51:10 AM,,bbunbartonuaa,bbunbartonuaa,9 Day Expiry Rule,03/03/2026,0
IBUAA1055371,Located,="72561",GV WHITE HOT DOG BUNS 8P 11Z,03/03/2026 05:53:56 AM,252,252,0,03/03/2026 05:51:45 AM,FRZ-0-65-0,03/03/2026 05:51:46 AM,,05/30/2026,12,252,UAA-146721,UAA102A030326,03/03/2026 05:51:45 AM,,bbunbartonuaa,bbunbartonuaa,9 Day Expiry Rule,03/03/2026,0
IBUAA1055492,Located,="72561",GV WHITE HOT DOG BUNS 8P 11Z,03/03/2026 05:55:10 AM,252,252,0,03/03/2026 05:52:26 AM,FRZ-0-65-0,03/03/2026 05:52:28 AM,,05/30/2026,12,252,UAA-146721,UAA102A030326,03/03/2026 05:52:26 AM,,bbuajohnsonuaa,bbuajohnsonuaa,9 Day Expiry Rule,03/03/2026,0
IBUAA1055493,Located,="72561",GV WHITE HOT DOG BUNS 8P 11Z,03/03/2026 05:55:10 AM,252,252,0,03/03/2026 05:52:30 AM,FRZ-0-65-0,03/03/2026 05:52:31 AM,,05/30/2026,12,252,UAA-146721,UAA102A030326,03/03/2026 05:52:30 AM,,bbuajohnsonuaa,bbuajohnsonuaa,9 Day Expiry Rule,03/03/2026,0
IBUAA1055494,Located,="72561",GV WHITE HOT DOG BUNS 8P 11Z,03/03/2026 05:55:10 AM,252,252,0,03/03/2026 05:52:33 AM,FRZ-0-65-0,03/03/2026 05:52:34 AM,,05/30/2026,12,252,UAA-146721,UAA102A030326,03/03/2026 05:52:33 AM,,bbuajohnsonuaa,bbuajohnsonuaa,9 Day Expiry Rule,03/03/2026,0
IBUAA1055495,Located,="72561",GV WHITE HOT DOG BUNS 8P 11Z,03/03/2026 05:55:10 AM,252,252,0,03/03/2026 05:52:35 AM,FRZ-0-65-0,03/03/2026 05:52:36 AM,,05/30/2026,12,252,UAA-146721,UAA102A030326,03/03/2026 05:52:35 AM,,bbuajohnsonuaa,bbuajohnsonuaa,9 Day Expiry Rule,03/03/2026,0
IBUAA1055496,Located,="72561",GV WHITE HOT DOG BUNS 8P 11Z,03/03/2026 05:55:10 AM,252,252,0,03/03/2026 05:52:38 AM,FRZ-0-65-0,03/03/2026 05:52:39 AM,,05/30/2026,12,252,UAA-146721,UAA102A030326,03/03/2026 05:52:38 AM,,bbuajohnsonuaa,bbuajohnsonuaa,9 Day Expiry Rule,03/03/2026,0
IBUAA1055482,Located,="72561",GV WHITE HOT DOG BUNS 8P 11Z,03/03/2026 07:32:48 AM,252,252,0,03/03/2026 06:09:12 AM,FRZ-0-65-0,03/03/2026 06:11:17 AM,FRZ-0-65-0,05/30/2026,12,252,UAA-146721,UAA102A030326,03/03/2026 06:09:12 AM,,bbuksaldivaruaa,bbumhopkinsuaa,9 Day Expiry Rule,03/03/2026,0
IBUAA1055441,Located,="72561",GV WHITE HOT DOG BUNS 8P 11Z,03/03/2026 06:20:13 AM,252,252,0,03/03/2026 06:11:36 AM,FRZ-0-65-0,03/03/2026 06:11:38 AM,,05/30/2026,12,252,UAA-146721,UAA102A030326,03/03/2026 06:11:36 AM,,bbuscobbuaa,bbuscobbuaa,9 Day Expiry Rule,03/03/2026,0
IBUAA1055442,Located,="72561",GV WHITE HOT DOG BUNS 8P 11Z,03/03/2026 06:20:13 AM,252,252,0,03/03/2026 06:11:39 AM,FRZ-0-65-0,03/03/2026 06:11:40 AM,,05/30/2026,12,252,UAA-146721,UAA102A030326,03/03/2026 06:11:39 AM,,bbuscobbuaa,bbuscobbuaa,9 Day Expiry Rule,03/03/2026,0
IBUAA1055443,Located,="72561",GV WHITE HOT DOG BUNS 8P 11Z,03/03/2026 06:15:31 AM,252,252,0,03/03/2026 06:11:42 AM,FRZ-0-65-0,03/03/2026 06:11:43 AM,,05/30/2026,12,252,UAA-146721,UAA102A030326,03/03/2026 06:11:42 AM,,bbuscobbuaa,bbuscobbuaa,9 Day Expiry Rule,03/03/2026,0
IBUAA1055444,Located,="72561",GV WHITE HOT DOG BUNS 8P 11Z,03/03/2026 06:15:31 AM,252,252,0,03/03/2026 06:11:47 AM,FRZ-0-65-0,03/03/2026 06:11:48 AM,,05/30/2026,12,252,UAA-146721,UAA102A030326,03/03/2026 06:11:47 AM,,bbuscobbuaa,bbuscobbuaa,9 Day Expiry Rule,03/03/2026,0
IBUAA1055483,Located,="72561",GV WHITE HOT DOG BUNS 8P 11Z,03/03/2026 06:16:26 AM,252,252,0,03/03/2026 06:11:52 AM,FRZ-0-65-0,03/03/2026 06:11:52 AM,,05/30/2026,12,252,UAA-146721,UAA102A030326,03/03/2026 06:11:52 AM,,bbuksaldivaruaa,bbuksaldivaruaa,9 Day Expiry Rule,03/03/2026,0
IBUAA1055484,Located,="72561",GV WHITE HOT DOG BUNS 8P 11Z,03/03/2026 06:28:44 AM,252,252,0,03/03/2026 06:12:01 AM,FRZ-0-65-0,03/03/2026 06:12:02 AM,,05/30/2026,12,252,UAA-146721,UAA102A030326,03/03/2026 06:12:01 AM,,bbuksaldivaruaa,bbuscobbuaa,9 Day Expiry Rule,03/03/2026,0
IBUAA1055453,Located,="72561",GV WHITE HOT DOG BUNS 8P 11Z,03/03/2026 06:23:29 AM,252,252,0,03/03/2026 06:19:16 AM,FRZ-0-65-0,03/03/2026 06:19:18 AM,,05/30/2026,12,252,UAA-146721,UAA102A030326,03/03/2026 06:19:16 AM,,bbuksaldivaruaa,bbuksaldivaruaa,9 Day Expiry Rule,03/03/2026,0
IBUAA1055454,Located,="72561",GV WHITE HOT DOG BUNS 8P 11Z,03/03/2026 06:23:29 AM,252,252,0,03/03/2026 06:20:23 AM,FRZ-0-65-0,03/03/2026 06:20:24 AM,,05/30/2026,12,252,UAA-146721,UAA102A030326,03/03/2026 06:20:23 AM,,bbuksaldivaruaa,bbuksaldivaruaa,9 Day Expiry Rule,03/03/2026,0
IBUAA1055446,Located,="72561",GV WHITE HOT DOG BUNS 8P 11Z,03/03/2026 06:27:39 AM,252,252,0,03/03/2026 06:21:49 AM,FRZ-0-65-0,03/03/2026 06:21:50 AM,,05/30/2026,12,252,UAA-146721,UAA102A030326,03/03/2026 06:21:49 AM,,bbuscobbuaa,bbuscobbuaa,9 Day Expiry Rule,03/03/2026,0
IBUAA1055447,Located,="72561",GV WHITE HOT DOG BUNS 8P 11Z,03/03/2026 06:27:39 AM,252,252,0,03/03/2026 06:21:54 AM,FRZ-0-65-0,03/03/2026 06:21:54 AM,,05/30/2026,12,252,UAA-146721,UAA102A030326,03/03/2026 06:21:54 AM,,bbuscobbuaa,bbuscobbuaa,9 Day Expiry Rule,03/03/2026,0
IBUAA1055448,Located,="72561",GV WHITE HOT DOG BUNS 8P 11Z,03/03/2026 06:27:38 AM,252,252,0,03/03/2026 06:21:56 AM,FRZ-0-65-0,03/03/2026 06:21:57 AM,,05/30/2026,12,252,UAA-146721,UAA102A030326,03/03/2026 06:21:56 AM,,bbuscobbuaa,bbuscobbuaa,9 Day Expiry Rule,03/03/2026,0
IBUAA1055456,Located,="72561",GV WHITE HOT DOG BUNS 8P 11Z,03/03/2026 06:39:14 AM,252,252,0,03/03/2026 06:32:19 AM,FRZ-0-65-0,03/03/2026 06:32:21 AM,,05/30/2026,12,252,UAA-146721,UAA102A030326,03/03/2026 06:32:19 AM,,bbuksaldivaruaa,bbuksaldivaruaa,9 Day Expiry Rule,03/03/2026,0
IBUAA1055457,Located,="72561",GV WHITE HOT DOG BUNS 8P 11Z,03/03/2026 06:42:19 AM,252,252,0,03/03/2026 06:33:37 AM,FRZ-0-65-0,03/03/2026 06:33:38 AM,,05/30/2026,12,252,UAA-146721,UAA102A030326,03/03/2026 06:33:37 AM,,bbuksaldivaruaa,bbuksaldivaruaa,9 Day Expiry Rule,03/03/2026,0
IBUAA1055459,Located,="72561",GV WHITE HOT DOG BUNS 8P 11Z,03/03/2026 06:42:19 AM,252,252,0,03/03/2026 06:35:08 AM,FRZ-0-65-0,03/03/2026 06:35:08 AM,,05/30/2026,12,252,UAA-146721,UAA102A030326,03/03/2026 06:35:08 AM,,bbuksaldivaruaa,bbuksaldivaruaa,9 Day Expiry Rule,03/03/2026,0
IBUAA1055460,Located,="72561",GV WHITE HOT DOG BUNS 8P 11Z,03/03/2026 06:39:14 AM,252,252,0,03/03/2026 06:35:16 AM,FRZ-0-65-0,03/03/2026 06:35:17 AM,,05/30/2026,12,252,UAA-146721,UAA102A030326,03/03/2026 06:35:16 AM,,bbuksaldivaruaa,bbuksaldivaruaa,9 Day Expiry Rule,03/03/2026,0
IBUAA1055497,Located,="72561",GV WHITE HOT DOG BUNS 8P 11Z,03/03/2026 06:42:01 AM,252,252,0,03/03/2026 06:39:39 AM,FRZ-0-65-0,03/03/2026 06:39:41 AM,,05/30/2026,12,252,UAA-146721,UAA102A030326,03/03/2026 06:39:39 AM,,bbuscobbuaa,bbuscobbuaa,9 Day Expiry Rule,03/03/2026,0
IBUAA1055498,Located,="72561",GV WHITE HOT DOG BUNS 8P 11Z,03/03/2026 06:42:01 AM,252,252,0,03/03/2026 06:39:42 AM,FRZ-0-65-0,03/03/2026 06:39:43 AM,,05/30/2026,12,252,UAA-146721,UAA102A030326,03/03/2026 06:39:42 AM,,bbuscobbuaa,bbuscobbuaa,9 Day Expiry Rule,03/03/2026,0
IBUAA1055499,Located,="72561",GV WHITE HOT DOG BUNS 8P 11Z,03/03/2026 06:42:01 AM,252,252,0,03/03/2026 06:39:45 AM,FRZ-0-65-0,03/03/2026 06:39:46 AM,,05/30/2026,12,252,UAA-146721,UAA102A030326,03/03/2026 06:39:45 AM,,bbuscobbuaa,bbuscobbuaa,9 Day Expiry Rule,03/03/2026,0
IBUAA1055500,Located,="72561",GV WHITE HOT DOG BUNS 8P 11Z,03/03/2026 06:42:01 AM,252,252,0,03/03/2026 06:39:53 AM,FRZ-0-65-0,03/03/2026 06:39:54 AM,,05/30/2026,12,252,UAA-146721,UAA102A030326,03/03/2026 06:39:53 AM,,bbuscobbuaa,bbuscobbuaa,9 Day Expiry Rule,03/03/2026,0
IBUAA1055501,Located,="72561",GV WHITE HOT DOG BUNS 8P 11Z,03/03/2026 06:55:25 AM,252,252,0,03/03/2026 06:44:58 AM,FRZ-0-65-0,03/03/2026 06:45:00 AM,,05/30/2026,12,252,UAA-146721,UAA102A030326,03/03/2026 06:44:58 AM,,bbuksaldivaruaa,bbuscobbuaa,9 Day Expiry Rule,03/03/2026,0
IBUAA1055502,Located,="72561",GV WHITE HOT DOG BUNS 8P 11Z,03/03/2026 06:55:26 AM,252,252,0,03/03/2026 06:45:08 AM,FRZ-0-65-0,03/03/2026 06:45:09 AM,,05/30/2026,12,252,UAA-146721,UAA102A030326,03/03/2026 06:45:08 AM,,bbuksaldivaruaa,bbuscobbuaa,9 Day Expiry Rule,03/03/2026,0
IBUAA1055503,Located,="72561",GV WHITE HOT DOG BUNS 8P 11Z,03/03/2026 06:56:57 AM,252,252,0,03/03/2026 06:51:02 AM,FRZ-0-65-0,03/03/2026 06:51:03 AM,,05/30/2026,12,252,UAA-146721,UAA102A030326,03/03/2026 06:51:02 AM,,bbuksaldivaruaa,bbuksaldivaruaa,9 Day Expiry Rule,03/03/2026,0
IBUAA1055504,Located,="72561",GV WHITE HOT DOG BUNS 8P 11Z,03/03/2026 06:56:57 AM,252,252,0,03/03/2026 06:51:09 AM,FRZ-0-65-0,03/03/2026 06:51:10 AM,,05/30/2026,12,252,UAA-146721,UAA102A030326,03/03/2026 06:51:09 AM,,bbuksaldivaruaa,bbuksaldivaruaa,9 Day Expiry Rule,03/03/2026,0
IBUAA1055505,Located,="72561",GV WHITE HOT DOG BUNS 8P 11Z,03/03/2026 07:18:52 AM,252,252,0,03/03/2026 07:01:25 AM,FRZ-0-65-0,03/03/2026 07:01:26 AM,,05/30/2026,12,252,UAA-146721,UAA102A030326,03/03/2026 07:01:25 AM,,bbuscobbuaa,bbuscobbuaa,9 Day Expiry Rule,03/03/2026,0
IBUAA1055506,Located,="72561",GV WHITE HOT DOG BUNS 8P 11Z,03/03/2026 07:05:09 AM,252,252,0,03/03/2026 07:01:29 AM,FRZ-0-65-0,03/03/2026 07:01:29 AM,,05/30/2026,12,252,UAA-146721,UAA102A030326,03/03/2026 07:01:29 AM,,bbuscobbuaa,bbuscobbuaa,9 Day Expiry Rule,03/03/2026,0
IBUAA1055507,Located,="72561",GV WHITE HOT DOG BUNS 8P 11Z,03/03/2026 07:05:09 AM,252,252,0,03/03/2026 07:01:31 AM,FRZ-0-65-0,03/03/2026 07:01:32 AM,,05/30/2026,12,252,UAA-146721,UAA102A030326,03/03/2026 07:01:31 AM,,bbuscobbuaa,bbuscobbuaa,9 Day Expiry Rule,03/03/2026,0
IBUAA1055508,Located,="72561",GV WHITE HOT DOG BUNS 8P 11Z,03/03/2026 07:05:09 AM,252,252,0,03/03/2026 07:01:34 AM,FRZ-0-65-0,03/03/2026 07:01:35 AM,,05/30/2026,12,252,UAA-146721,UAA102A030326,03/03/2026 07:01:34 AM,,bbuscobbuaa,bbuscobbuaa,9 Day Expiry Rule,03/03/2026,0
IBUAA1055509,Located,="72561",GV WHITE HOT DOG BUNS 8P 11Z,03/03/2026 07:05:09 AM,252,252,0,03/03/2026 07:01:37 AM,FRZ-0-65-0,03/03/2026 07:01:38 AM,,05/30/2026,12,252,UAA-146721,UAA102A030326,03/03/2026 07:01:37 AM,,bbuscobbuaa,bbuscobbuaa,9 Day Expiry Rule,03/03/2026,0
IBUAA1055510,Located,="72561",GV WHITE HOT DOG BUNS 8P 11Z,03/03/2026 07:18:52 AM,252,252,0,03/03/2026 07:07:30 AM,FRZ-0-65-0,03/03/2026 07:07:31 AM,,05/30/2026,12,252,UAA-146721,UAA102A030326,03/03/2026 07:07:30 AM,,bbuscobbuaa,bbuscobbuaa,9 Day Expiry Rule,03/03/2026,0
IBUAA1055511,Located,="72561",GV WHITE HOT DOG BUNS 8P 11Z,03/03/2026 07:15:05 AM,252,252,0,03/03/2026 07:07:36 AM,FRZ-0-65-0,03/03/2026 07:07:36 AM,,05/30/2026,12,252,UAA-146721,UAA102A030326,03/03/2026 07:07:36 AM,,bbuscobbuaa,bbuksaldivaruaa,9 Day Expiry Rule,03/03/2026,0
IBUAA1055572,Located,="72561",GV WHITE HOT DOG BUNS 8P 11Z,03/03/2026 07:11:22 AM,252,252,0,03/03/2026 07:07:39 AM,FRZ-0-65-0,03/03/2026 07:07:40 AM,,05/30/2026,12,252,UAA-146721,UAA102A030326,03/03/2026 07:07:39 AM,,bbuscobbuaa,bbuksaldivaruaa,9 Day Expiry Rule,03/03/2026,0
IBUAA1055573,Located,="72561",GV WHITE HOT DOG BUNS 8P 11Z,03/03/2026 07:11:22 AM,252,252,0,03/03/2026 07:07:42 AM,FRZ-0-65-0,03/03/2026 07:07:43 AM,,05/30/2026,12,252,UAA-146721,UAA102A030326,03/03/2026 07:07:42 AM,,bbuscobbuaa,bbuksaldivaruaa,9 Day Expiry Rule,03/03/2026,0
IBUAA1055574,Located,="72561",GV WHITE HOT DOG BUNS 8P 11Z,03/03/2026 07:11:22 AM,252,252,0,03/03/2026 07:07:45 AM,FRZ-0-65-0,03/03/2026 07:07:46 AM,,05/30/2026,12,252,UAA-146721,UAA102A030326,03/03/2026 07:07:45 AM,,bbuscobbuaa,bbuksaldivaruaa,9 Day Expiry Rule,03/03/2026,0
IBUAA1055575,Located,="72561",GV WHITE HOT DOG BUNS 8P 11Z,03/03/2026 07:11:22 AM,252,252,0,03/03/2026 07:07:48 AM,FRZ-0-65-0,03/03/2026 07:07:49 AM,,05/30/2026,12,252,UAA-146721,UAA102A030326,03/03/2026 07:07:48 AM,,bbuscobbuaa,bbuksaldivaruaa,9 Day Expiry Rule,03/03/2026,0
IBUAA1055576,Located,="72561",GV WHITE HOT DOG BUNS 8P 11Z,03/03/2026 07:25:47 AM,252,252,0,03/03/2026 07:07:51 AM,FRZ-0-65-0,03/03/2026 07:07:52 AM,,05/30/2026,12,252,UAA-146721,UAA102A030326,03/03/2026 07:07:51 AM,,bbuscobbuaa,bbuksaldivaruaa,9 Day Expiry Rule,03/03/2026,0
IBUAA1055529,Located,="72561",GV WHITE HOT DOG BUNS 8P 11Z,03/03/2026 07:15:05 AM,252,252,0,03/03/2026 07:12:42 AM,FRZ-0-65-0,03/03/2026 07:12:44 AM,,05/30/2026,12,252,UAA-146721,UAA102A030326,03/03/2026 07:12:42 AM,,bbuksaldivaruaa,bbuksaldivaruaa,9 Day Expiry Rule,03/03/2026,0
IBUAA1055556,Located,="72561",GV WHITE HOT DOG BUNS 8P 11Z,03/03/2026 08:06:32 AM,252,252,0,03/03/2026 07:16:59 AM,FRZ-0-65-0,03/03/2026 07:17:01 AM,FRZ-0-65-0,05/30/2026,12,252,UAA-146721,UAA102A030326,03/03/2026 07:16:59 AM,,bbuksaldivaruaa,bbuksaldivaruaa,9 Day Expiry Rule,03/03/2026,0
IBUAA1055578,Located,="72561",GV WHITE HOT DOG BUNS 8P 11Z,03/03/2026 07:25:47 AM,252,252,0,03/03/2026 07:17:33 AM,FRZ-0-65-0,03/03/2026 07:17:34 AM,,05/30/2026,12,252,UAA-146721,UAA102A030326,03/03/2026 07:17:33 AM,,bbuscobbuaa,bbuksaldivaruaa,9 Day Expiry Rule,03/03/2026,0
IBUAA1055579,Located,="72561",GV WHITE HOT DOG BUNS 8P 11Z,03/03/2026 07:33:06 AM,252,252,0,03/03/2026 07:17:36 AM,FRZ-0-65-0,03/03/2026 07:17:37 AM,,05/30/2026,12,252,UAA-146721,UAA102A030326,03/03/2026 07:17:36 AM,,bbuscobbuaa,bbumhopkinsuaa,9 Day Expiry Rule,03/03/2026,0
IBUAA1055557,Located,="72561",GV WHITE HOT DOG BUNS 8P 11Z,03/03/2026 07:23:01 AM,252,252,0,03/03/2026 07:19:45 AM,FRZ-0-65-0,03/03/2026 07:19:46 AM,,05/30/2026,12,252,UAA-146721,UAA102A030326,03/03/2026 07:19:45 AM,,bbuksaldivaruaa,bbuksaldivaruaa,9 Day Expiry Rule,03/03/2026,0
IBUAA1055583,Located,="72561",GV WHITE HOT DOG BUNS 8P 11Z,03/03/2026 07:47:55 AM,252,252,0,03/03/2026 07:24:14 AM,FRZ-0-65-0,03/03/2026 07:46:22 AM,,05/30/2026,12,252,UAA-146721,UAA102A030326,03/03/2026 07:24:14 AM,,bbuscobbuaa,bbumhopkinsuaa,9 Day Expiry Rule,03/03/2026,0
IBUAA1055584,Located,="72561",GV WHITE HOT DOG BUNS 8P 11Z,03/03/2026 07:32:48 AM,252,252,0,03/03/2026 07:24:24 AM,FRZ-0-65-0,03/03/2026 07:24:25 AM,,05/30/2026,12,252,UAA-146721,UAA102A030326,03/03/2026 07:24:24 AM,,bbuscobbuaa,bbumhopkinsuaa,9 Day Expiry Rule,03/03/2026,0
IBUAA1055585,Located,="72561",GV WHITE HOT DOG BUNS 8P 11Z,03/03/2026 07:33:06 AM,252,252,0,03/03/2026 07:25:04 AM,FRZ-0-65-0,03/03/2026 07:25:05 AM,,05/30/2026,12,252,UAA-146721,UAA102A030326,03/03/2026 07:25:04 AM,,bbuscobbuaa,bbumhopkinsuaa,9 Day Expiry Rule,03/03/2026,0
IBUAA1055586,Located,="72561",GV WHITE HOT DOG BUNS 8P 11Z,03/03/2026 07:32:48 AM,252,252,0,03/03/2026 07:30:09 AM,FRZ-0-65-0,03/03/2026 07:30:11 AM,,05/30/2026,12,252,UAA-146721,UAA102A030326,03/03/2026 07:30:09 AM,,bbumhopkinsuaa,bbumhopkinsuaa,9 Day Expiry Rule,03/03/2026,0
IBUAA1055587,Located,="72561",GV WHITE HOT DOG BUNS 8P 11Z,03/03/2026 07:42:02 AM,252,252,0,03/03/2026 07:34:21 AM,FRZ-0-65-0,03/03/2026 07:34:22 AM,,05/30/2026,12,252,UAA-146721,UAA102A030326,03/03/2026 07:34:21 AM,,bbumhopkinsuaa,bbumhopkinsuaa,9 Day Expiry Rule,03/03/2026,0
IBUAA1055588,Located,="72561",GV WHITE HOT DOG BUNS 8P 11Z,03/03/2026 07:42:02 AM,252,252,0,03/03/2026 07:34:26 AM,FRZ-0-65-0,03/03/2026 07:34:27 AM,,05/30/2026,12,252,UAA-146721,UAA102A030326,03/03/2026 07:34:26 AM,,bbumhopkinsuaa,bbumhopkinsuaa,9 Day Expiry Rule,03/03/2026,0
IBUAA1055589,Located,="72561",GV WHITE HOT DOG BUNS 8P 11Z,03/03/2026 07:37:20 AM,252,252,0,03/03/2026 07:34:31 AM,FRZ-0-65-0,03/03/2026 07:34:32 AM,,05/30/2026,12,252,UAA-146721,UAA102A030326,03/03/2026 07:34:31 AM,,bbumhopkinsuaa,bbumhopkinsuaa,9 Day Expiry Rule,03/03/2026,0
IBUAA1055590,Located,="72561",GV WHITE HOT DOG BUNS 8P 11Z,03/03/2026 07:37:20 AM,252,252,0,03/03/2026 07:34:36 AM,FRZ-0-65-0,03/03/2026 07:34:37 AM,,05/30/2026,12,252,UAA-146721,UAA102A030326,03/03/2026 07:34:36 AM,,bbumhopkinsuaa,bbumhopkinsuaa,9 Day Expiry Rule,03/03/2026,0
IBUAA1055591,Located,="72561",GV WHITE HOT DOG BUNS 8P 11Z,03/03/2026 07:37:20 AM,252,252,0,03/03/2026 07:34:40 AM,FRZ-0-65-0,03/03/2026 07:34:41 AM,,05/30/2026,12,252,UAA-146721,UAA102A030326,03/03/2026 07:34:40 AM,,bbumhopkinsuaa,bbumhopkinsuaa,9 Day Expiry Rule,03/03/2026,0
IBUAA1055612,Located,="72561",GV WHITE HOT DOG BUNS 8P 11Z,03/03/2026 07:37:20 AM,252,252,0,03/03/2026 07:34:45 AM,FRZ-0-65-0,03/03/2026 07:34:45 AM,,05/30/2026,12,252,UAA-146721,UAA102A030326,03/03/2026 07:34:45 AM,,bbumhopkinsuaa,bbumhopkinsuaa,9 Day Expiry Rule,03/03/2026,0
IBUAA1055613,Located,="72561",GV WHITE HOT DOG BUNS 8P 11Z,03/03/2026 07:42:01 AM,252,252,0,03/03/2026 07:34:49 AM,FRZ-0-65-0,03/03/2026 07:34:50 AM,,05/30/2026,12,252,UAA-146721,UAA102A030326,03/03/2026 07:34:49 AM,,bbumhopkinsuaa,bbumhopkinsuaa,9 Day Expiry Rule,03/03/2026,0
IBUAA1055615,Located,="72561",GV WHITE HOT DOG BUNS 8P 11Z,03/03/2026 07:50:14 AM,252,252,0,03/03/2026 07:42:58 AM,FRZ-0-65-0,03/03/2026 07:42:59 AM,,05/30/2026,12,252,UAA-146721,UAA102A030326,03/03/2026 07:42:58 AM,,bbumhopkinsuaa,bbumhopkinsuaa,9 Day Expiry Rule,03/03/2026,0
IBUAA1055616,Located,="72561",GV WHITE HOT DOG BUNS 8P 11Z,03/03/2026 07:50:14 AM,252,252,0,03/03/2026 07:43:02 AM,FRZ-0-65-0,03/03/2026 07:43:02 AM,,05/30/2026,12,252,UAA-146721,UAA102A030326,03/03/2026 07:43:02 AM,,bbumhopkinsuaa,bbumhopkinsuaa,9 Day Expiry Rule,03/03/2026,0
IBUAA1055617,Located,="72561",GV WHITE HOT DOG BUNS 8P 11Z,03/03/2026 07:44:59 AM,252,252,0,03/03/2026 07:43:06 AM,FRZ-0-65-0,03/03/2026 07:43:07 AM,,05/30/2026,12,252,UAA-146721,UAA102A030326,03/03/2026 07:43:06 AM,,bbumhopkinsuaa,bbumhopkinsuaa,9 Day Expiry Rule,03/03/2026,0
IBUAA1055618,Located,="72561",GV WHITE HOT DOG BUNS 8P 11Z,03/03/2026 07:44:59 AM,252,252,0,03/03/2026 07:43:11 AM,FRZ-0-65-0,03/03/2026 07:43:11 AM,,05/30/2026,12,252,UAA-146721,UAA102A030326,03/03/2026 07:43:11 AM,,bbumhopkinsuaa,bbumhopkinsuaa,9 Day Expiry Rule,03/03/2026,0
IBUAA1055564,Located,="72561",GV WHITE HOT DOG BUNS 8P 11Z,03/03/2026 08:17:07 AM,252,252,0,03/03/2026 07:58:49 AM,FRZ-0-65-0,03/03/2026 07:58:51 AM,,05/30/2026,12,252,UAA-146721,UAA102A030326,03/03/2026 07:58:49 AM,,bbuksaldivaruaa,bbuscobbuaa,9 Day Expiry Rule,03/03/2026,0
IBUAA1055565,Located,="72561",GV WHITE HOT DOG BUNS 8P 11Z,03/03/2026 08:17:07 AM,252,252,0,03/03/2026 08:00:30 AM,FRZ-0-65-0,03/03/2026 08:00:31 AM,,05/30/2026,12,252,UAA-146721,UAA102A030326,03/03/2026 08:00:30 AM,,bbuksaldivaruaa,bbuscobbuaa,9 Day Expiry Rule,03/03/2026,0
IBUAA1055566,Located,="72561",GV WHITE HOT DOG BUNS 8P 11Z,03/03/2026 08:06:33 AM,252,252,0,03/03/2026 08:02:23 AM,FRZ-0-65-0,03/03/2026 08:02:23 AM,,05/30/2026,12,252,UAA-146721,UAA102A030326,03/03/2026 08:02:23 AM,,bbuksaldivaruaa,bbuksaldivaruaa,9 Day Expiry Rule,03/03/2026,0
IBUAA1055567,Located,="72561",GV WHITE HOT DOG BUNS 8P 11Z,03/03/2026 08:06:33 AM,252,252,0,03/03/2026 08:02:35 AM,FRZ-0-65-0,03/03/2026 08:02:36 AM,,05/30/2026,12,252,UAA-146721,UAA102A030326,03/03/2026 08:02:35 AM,,bbuksaldivaruaa,bbuksaldivaruaa,9 Day Expiry Rule,03/03/2026,0
IBUAA1055570,Located,="72561",GV WHITE HOT DOG BUNS 8P 11Z,03/03/2026 08:23:54 AM,252,252,0,03/03/2026 08:08:11 AM,FRZ-0-66-0,03/03/2026 08:08:12 AM,,05/30/2026,12,252,UAA-146721,UAA102A030326,03/03/2026 08:08:11 AM,,bbuksaldivaruaa,bbuksaldivaruaa,9 Day Expiry Rule,03/03/2026,0
IBUAA1055571,Located,="72561",GV WHITE HOT DOG BUNS 8P 11Z,03/03/2026 08:17:07 AM,252,252,0,03/03/2026 08:09:12 AM,FRZ-0-65-0,03/03/2026 08:09:13 AM,,05/30/2026,12,252,UAA-146721,UAA102A030326,03/03/2026 08:09:12 AM,,bbuksaldivaruaa,bbuscobbuaa,9 Day Expiry Rule,03/03/2026,0
IBUAA1055672,Located,="72561",GV WHITE HOT DOG BUNS 8P 11Z,03/03/2026 08:17:07 AM,252,252,0,03/03/2026 08:09:20 AM,FRZ-0-65-0,03/03/2026 08:09:21 AM,,05/30/2026,12,252,UAA-146721,UAA102A030326,03/03/2026 08:09:20 AM,,bbuksaldivaruaa,bbuscobbuaa,9 Day Expiry Rule,03/03/2026,0
IBUAA1055673,Located,="72561",GV WHITE HOT DOG BUNS 8P 11Z,03/03/2026 08:26:31 AM,252,252,0,03/03/2026 08:09:31 AM,FRZ-0-66-0,03/03/2026 08:09:32 AM,,05/30/2026,12,252,UAA-146721,UAA102A030326,03/03/2026 08:09:31 AM,,bbuksaldivaruaa,bbuscobbuaa,9 Day Expiry Rule,03/03/2026,0
IBUAA1055674,Located,="72561",GV WHITE HOT DOG BUNS 8P 11Z,03/03/2026 08:24:39 AM,252,252,0,03/03/2026 08:17:39 AM,FRZ-0-66-0,03/03/2026 08:18:25 AM,,05/30/2026,12,252,UAA-146724,UAA102A030326,03/03/2026 08:17:39 AM,,bbuksaldivaruaa,bbuksaldivaruaa,9 Day Expiry Rule,03/03/2026,0
IBUAA1055675,Located,="72561",GV WHITE HOT DOG BUNS 8P 11Z,03/03/2026 08:30:27 AM,252,252,0,03/03/2026 08:18:47 AM,FRZ-0-66-0,03/03/2026 08:18:48 AM,,05/30/2026,12,252,UAA-146724,UAA102A030326,03/03/2026 08:18:47 AM,,bbuksaldivaruaa,bbuksaldivaruaa,9 Day Expiry Rule,03/03/2026,0
IBUAA1055676,Located,="72561",GV WHITE HOT DOG BUNS 8P 11Z,03/03/2026 08:23:54 AM,252,252,0,03/03/2026 08:20:53 AM,FRZ-0-66-0,03/03/2026 08:20:54 AM,,05/30/2026,12,252,UAA-146724,UAA102A030326,03/03/2026 08:20:53 AM,,bbuksaldivaruaa,bbuksaldivaruaa,9 Day Expiry Rule,03/03/2026,0
IBUAA1055678,Located,="72561",GV WHITE HOT DOG BUNS 8P 11Z,03/03/2026 08:49:55 AM,252,252,0,03/03/2026 08:25:44 AM,FRZ-0-66-0,03/03/2026 08:25:45 AM,,05/30/2026,12,252,UAA-146724,UAA102A030326,03/03/2026 08:25:44 AM,,bbuksaldivaruaa,bbuscobbuaa,9 Day Expiry Rule,03/03/2026,0
IBUAA1055679,Located,="72561",GV WHITE HOT DOG BUNS 8P 11Z,03/03/2026 08:34:31 AM,252,252,0,03/03/2026 08:25:52 AM,FRZ-0-66-0,03/03/2026 08:25:53 AM,,05/30/2026,12,252,UAA-146724,UAA102A030326,03/03/2026 08:25:52 AM,,bbuksaldivaruaa,bbuscobbuaa,9 Day Expiry Rule,03/03/2026,0
IBUAA1055680,Located,="72561",GV WHITE HOT DOG BUNS 8P 11Z,03/03/2026 08:47:15 AM,252,252,0,03/03/2026 08:26:02 AM,FRZ-0-66-0,03/03/2026 08:26:03 AM,,05/30/2026,12,252,UAA-146724,UAA102A030326,03/03/2026 08:26:02 AM,,bbuksaldivaruaa,bbuscobbuaa,9 Day Expiry Rule,03/03/2026,0
IBUAA1055681,Located,="72561",GV WHITE HOT DOG BUNS 8P 11Z,03/03/2026 08:34:49 AM,252,252,0,03/03/2026 08:26:09 AM,FRZ-0-66-0,03/03/2026 08:26:10 AM,,05/30/2026,12,252,UAA-146724,UAA102A030326,03/03/2026 08:26:09 AM,,bbuksaldivaruaa,bbuscobbuaa,9 Day Expiry Rule,03/03/2026,0
IBUAA1055682,Located,="72561",GV WHITE HOT DOG BUNS 8P 11Z,03/03/2026 08:36:57 AM,252,252,0,03/03/2026 08:26:17 AM,FRZ-0-66-0,03/03/2026 08:26:18 AM,,05/30/2026,12,252,UAA-146724,UAA102A030326,03/03/2026 08:26:17 AM,,bbuksaldivaruaa,bbuscobbuaa,9 Day Expiry Rule,03/03/2026,0
IBUAA1055683,Located,="72561",GV WHITE HOT DOG BUNS 8P 11Z,03/03/2026 08:36:47 AM,252,252,0,03/03/2026 08:26:30 AM,FRZ-0-66-0,03/03/2026 08:26:31 AM,,05/30/2026,12,252,UAA-146724,UAA102A030326,03/03/2026 08:26:30 AM,,bbuksaldivaruaa,bbuscobbuaa,9 Day Expiry Rule,03/03/2026,0
IBUAA1055684,Located,="72561",GV WHITE HOT DOG BUNS 8P 11Z,03/03/2026 08:30:27 AM,252,252,0,03/03/2026 08:26:38 AM,FRZ-0-66-0,03/03/2026 08:26:39 AM,,05/30/2026,12,252,UAA-146724,UAA102A030326,03/03/2026 08:26:38 AM,,bbuksaldivaruaa,bbuksaldivaruaa,9 Day Expiry Rule,03/03/2026,0
IBUAA1055685,Located,="72561",GV WHITE HOT DOG BUNS 8P 11Z,03/03/2026 08:49:55 AM,252,252,0,03/03/2026 08:38:22 AM,FRZ-0-66-0,03/03/2026 08:38:23 AM,,05/30/2026,12,252,UAA-146724,UAA102A030326,03/03/2026 08:38:22 AM,,bbuksaldivaruaa,bbuscobbuaa,9 Day Expiry Rule,03/03/2026,0
IBUAA1055686,Located,="72561",GV WHITE HOT DOG BUNS 8P 11Z,03/03/2026 08:54:48 AM,252,252,0,03/03/2026 08:39:23 AM,FRZ-0-66-0,03/03/2026 08:39:24 AM,,05/30/2026,12,252,UAA-146724,UAA102A030326,03/03/2026 08:39:23 AM,,bbuksaldivaruaa,bbuksaldivaruaa,9 Day Expiry Rule,03/03/2026,0
IBUAA1055687,Located,="72561",GV WHITE HOT DOG BUNS 8P 11Z,03/03/2026 08:45:10 AM,252,252,0,03/03/2026 08:39:34 AM,FRZ-0-66-0,03/03/2026 08:39:36 AM,,05/30/2026,12,252,UAA-146724,UAA102A030326,03/03/2026 08:39:34 AM,,bbuksaldivaruaa,bbuscobbuaa,9 Day Expiry Rule,03/03/2026,0
IBUAA1055701,Located,="72561",GV WHITE HOT DOG BUNS 8P 11Z,03/03/2026 08:45:10 AM,252,252,0,03/03/2026 08:42:26 AM,FRZ-0-66-0,03/03/2026 08:42:28 AM,,05/30/2026,12,252,UAA-146724,UAA102A030326,03/03/2026 08:42:26 AM,,bbuscobbuaa,bbuscobbuaa,9 Day Expiry Rule,03/03/2026,0
IBUAA1055688,Located,="72561",GV WHITE HOT DOG BUNS 8P 11Z,03/03/2026 08:45:10 AM,252,252,0,03/03/2026 08:43:22 AM,FRZ-0-66-0,03/03/2026 08:43:23 AM,,05/30/2026,12,252,UAA-146724,UAA102A030326,03/03/2026 08:43:22 AM,,bbuksaldivaruaa,bbuscobbuaa,9 Day Expiry Rule,03/03/2026,0
IBUAA1055689,Located,="72561",GV WHITE HOT DOG BUNS 8P 11Z,03/03/2026 08:47:15 AM,252,252,0,03/03/2026 08:43:28 AM,FRZ-0-66-0,03/03/2026 08:43:29 AM,,05/30/2026,12,252,UAA-146724,UAA102A030326,03/03/2026 08:43:28 AM,,bbuksaldivaruaa,bbuscobbuaa,9 Day Expiry Rule,03/03/2026,0
IBUAA1055690,Located,="72561",GV WHITE HOT DOG BUNS 8P 11Z,03/03/2026 09:00:01 AM,252,252,0,03/03/2026 08:50:57 AM,FRZ-0-66-0,03/03/2026 08:50:58 AM,,05/30/2026,12,252,UAA-146724,UAA102A030326,03/03/2026 08:50:57 AM,,bbuksaldivaruaa,bbuscobbuaa,9 Day Expiry Rule,03/03/2026,0
IBUAA1055691,Located,="72561",GV WHITE HOT DOG BUNS 8P 11Z,03/03/2026 09:01:25 AM,252,252,0,03/03/2026 08:51:05 AM,FRZ-0-66-0,03/03/2026 08:51:06 AM,,05/30/2026,12,252,UAA-146724,UAA102A030326,03/03/2026 08:51:05 AM,,bbuksaldivaruaa,bbuscobbuaa,9 Day Expiry Rule,03/03/2026,0
IBUAA1055732,Located,="72561",GV WHITE HOT DOG BUNS 8P 11Z,03/03/2026 09:00:01 AM,252,252,0,03/03/2026 08:51:12 AM,FRZ-0-66-0,03/03/2026 08:51:13 AM,,05/30/2026,12,252,UAA-146724,UAA102A030326,03/03/2026 08:51:12 AM,,bbuksaldivaruaa,bbuscobbuaa,9 Day Expiry Rule,03/03/2026,0
IBUAA1055733,Located,="72561",GV WHITE HOT DOG BUNS 8P 11Z,03/03/2026 09:11:42 AM,252,252,0,03/03/2026 08:58:56 AM,FRZ-0-66-0,03/03/2026 08:58:57 AM,,05/30/2026,12,252,UAA-146724,UAA102A030326,03/03/2026 08:58:56 AM,,bbuksaldivaruaa,bbuscobbuaa,9 Day Expiry Rule,03/03/2026,0
IBUAA1055734,Located,="72561",GV WHITE HOT DOG BUNS 8P 11Z,03/03/2026 09:04:57 AM,252,252,0,03/03/2026 08:59:03 AM,FRZ-0-66-0,03/03/2026 08:59:04 AM,,05/30/2026,12,252,UAA-146724,UAA102A030326,03/03/2026 08:59:03 AM,,bbuksaldivaruaa,bbuksaldivaruaa,9 Day Expiry Rule,03/03/2026,0
IBUAA1055735,Located,="72561",GV WHITE HOT DOG BUNS 8P 11Z,03/03/2026 11:16:33 AM,252,252,0,03/03/2026 08:59:17 AM,FRZ-0-66-0,03/03/2026 08:59:17 AM,,05/30/2026,12,252,UAA-146724,UAA102A030326,03/03/2026 08:59:17 AM,,bbuksaldivaruaa,bbumkentgenuaa,9 Day Expiry Rule,03/03/2026,0
IBUAA1055736,Located,="72561",GV WHITE HOT DOG BUNS 8P 11Z,03/03/2026 09:11:15 AM,252,252,0,03/03/2026 09:06:53 AM,FRZ-0-66-0,03/03/2026 09:06:54 AM,,05/30/2026,12,252,UAA-146724,UAA102A030326,03/03/2026 09:06:53 AM,,bbuksaldivaruaa,bbuscobbuaa,9 Day Expiry Rule,03/03/2026,0
IBUAA1055737,Located,="72561",GV WHITE HOT DOG BUNS 8P 11Z,03/03/2026 09:13:39 AM,252,252,0,03/03/2026 09:07:06 AM,FRZ-0-66-0,03/03/2026 09:07:07 AM,,05/30/2026,12,252,UAA-146724,UAA102A030326,03/03/2026 09:07:06 AM,,bbuksaldivaruaa,bbuscobbuaa,9 Day Expiry Rule,03/03/2026,0
IBUAA1055738,Located,="72561",GV WHITE HOT DOG BUNS 8P 11Z,03/03/2026 09:13:30 AM,252,252,0,03/03/2026 09:07:13 AM,FRZ-0-66-0,03/03/2026 09:07:14 AM,,05/30/2026,12,252,UAA-146724,UAA102A030326,03/03/2026 09:07:13 AM,,bbuksaldivaruaa,bbuscobbuaa,9 Day Expiry Rule,03/03/2026,0
IBUAA1055711,Located,="72561",GV WHITE HOT DOG BUNS 8P 11Z,03/03/2026 09:27:46 AM,252,252,0,03/03/2026 09:23:24 AM,FRZ-0-66-0,03/03/2026 09:23:25 AM,,05/30/2026,12,252,UAA-146724,UAA102A030326,03/03/2026 09:23:24 AM,,bbuscobbuaa,bbuscobbuaa,9 Day Expiry Rule,03/03/2026,0
IBUAA1055812,Located,="72561",GV WHITE HOT DOG BUNS 8P 11Z,03/03/2026 09:27:46 AM,252,252,0,03/03/2026 09:23:29 AM,FRZ-0-66-0,03/03/2026 09:23:30 AM,,05/30/2026,12,252,UAA-146724,UAA102A030326,03/03/2026 09:23:29 AM,,bbuscobbuaa,bbuscobbuaa,9 Day Expiry Rule,03/03/2026,0
IBUAA1055813,Located,="72561",GV WHITE HOT DOG BUNS 8P 11Z,03/03/2026 09:35:49 AM,252,252,0,03/03/2026 09:23:32 AM,FRZ-0-66-0,03/03/2026 09:23:33 AM,FRZ-0-66-0,05/30/2026,12,252,UAA-146724,UAA102A030326,03/03/2026 09:23:32 AM,,bbuscobbuaa,bbuscobbuaa,9 Day Expiry Rule,03/03/2026,0
IBUAA1055814,Located,="72561",GV WHITE HOT DOG BUNS 8P 11Z,03/03/2026 09:27:46 AM,252,252,0,03/03/2026 09:23:35 AM,FRZ-0-66-0,03/03/2026 09:23:35 AM,,05/30/2026,12,252,UAA-146724,UAA102A030326,03/03/2026 09:23:35 AM,,bbuscobbuaa,bbuscobbuaa,9 Day Expiry Rule,03/03/2026,0
IBUAA1055815,Located,="72561",GV WHITE HOT DOG BUNS 8P 11Z,03/03/2026 09:27:46 AM,252,252,0,03/03/2026 09:23:44 AM,FRZ-0-66-0,03/03/2026 09:23:45 AM,,05/30/2026,12,252,UAA-146724,UAA102A030326,03/03/2026 09:23:44 AM,,bbuscobbuaa,bbuscobbuaa,9 Day Expiry Rule,03/03/2026,0
IBUAA1055816,Located,="72561",GV WHITE HOT DOG BUNS 8P 11Z,03/03/2026 09:27:46 AM,252,252,0,03/03/2026 09:23:47 AM,FRZ-0-66-0,03/03/2026 09:23:48 AM,,05/30/2026,12,252,UAA-146724,UAA102A030326,03/03/2026 09:23:47 AM,,bbuscobbuaa,bbuscobbuaa,9 Day Expiry Rule,03/03/2026,0
IBUAA1055740,Located,="72561",GV WHITE HOT DOG BUNS 8P 11Z,03/03/2026 09:35:49 AM,252,252,0,03/03/2026 09:30:34 AM,FRZ-0-66-0,03/03/2026 09:30:35 AM,,05/30/2026,12,252,UAA-146724,UAA102A030326,03/03/2026 09:30:34 AM,,bbuksaldivaruaa,bbuscobbuaa,9 Day Expiry Rule,03/03/2026,0
IBUAA1055741,Located,="72561",GV WHITE HOT DOG BUNS 8P 11Z,03/03/2026 09:35:49 AM,252,252,0,03/03/2026 09:30:49 AM,FRZ-0-66-0,03/03/2026 09:30:50 AM,,05/30/2026,12,252,UAA-146724,UAA102A030326,03/03/2026 09:30:49 AM,,bbuksaldivaruaa,bbuscobbuaa,9 Day Expiry Rule,03/03/2026,0
IBUAA1055742,Located,="72561",GV WHITE HOT DOG BUNS 8P 11Z,03/03/2026 09:35:49 AM,252,252,0,03/03/2026 09:30:59 AM,FRZ-0-66-0,03/03/2026 09:31:00 AM,,05/30/2026,12,252,UAA-146724,UAA102A030326,03/03/2026 09:30:59 AM,,bbuksaldivaruaa,bbuscobbuaa,9 Day Expiry Rule,03/03/2026,0
IBUAA1055743,Located,="72561",GV WHITE HOT DOG BUNS 8P 11Z,03/03/2026 09:35:49 AM,252,252,0,03/03/2026 09:31:17 AM,FRZ-0-66-0,03/03/2026 09:31:18 AM,,05/30/2026,12,252,UAA-146724,UAA102A030326,03/03/2026 09:31:17 AM,,bbuksaldivaruaa,bbuscobbuaa,9 Day Expiry Rule,03/03/2026,0
IBUAA1055747,Located,="72561",GV WHITE HOT DOG BUNS 8P 11Z,03/03/2026 09:43:23 AM,252,252,0,03/03/2026 09:37:41 AM,FRZ-0-66-0,03/03/2026 09:37:42 AM,,05/30/2026,12,252,UAA-146724,UAA102A030326,03/03/2026 09:37:41 AM,,bbuksaldivaruaa,bbuscobbuaa,9 Day Expiry Rule,03/03/2026,0
IBUAA1055748,Located,="72561",GV WHITE HOT DOG BUNS 8P 11Z,03/03/2026 09:41:55 AM,252,252,0,03/03/2026 09:37:47 AM,FRZ-0-66-0,03/03/2026 09:37:48 AM,,05/30/2026,12,252,UAA-146724,UAA102A030326,03/03/2026 09:37:47 AM,,bbuksaldivaruaa,bbuscobbuaa,9 Day Expiry Rule,03/03/2026,0
IBUAA1055749,Located,="72561",GV WHITE HOT DOG BUNS 8P 11Z,03/03/2026 09:40:32 AM,252,252,0,03/03/2026 09:37:54 AM,FRZ-0-66-0,03/03/2026 09:37:55 AM,,05/30/2026,12,252,UAA-146724,UAA102A030326,03/03/2026 09:37:54 AM,,bbuksaldivaruaa,bbuscobbuaa,9 Day Expiry Rule,03/03/2026,0
IBUAA1055750,Located,="72561",GV WHITE HOT DOG BUNS 8P 11Z,03/03/2026 09:40:32 AM,252,252,0,03/03/2026 09:38:00 AM,FRZ-0-66-0,03/03/2026 09:38:01 AM,,05/30/2026,12,252,UAA-146724,UAA102A030326,03/03/2026 09:38:00 AM,,bbuksaldivaruaa,bbuscobbuaa,9 Day Expiry Rule,03/03/2026,0
IBUAA1055833,Located,="72561",GV WHITE HOT DOG BUNS 8P 11Z,03/03/2026 09:47:17 AM,252,252,0,03/03/2026 09:43:03 AM,FRZ-0-66-0,03/03/2026 09:43:04 AM,,05/30/2026,12,252,UAA-146724,UAA102A030326,03/03/2026 09:43:03 AM,,bbuksaldivaruaa,bbuscobbuaa,9 Day Expiry Rule,03/03/2026,0
IBUAA1055834,Located,="72561",GV WHITE HOT DOG BUNS 8P 11Z,03/03/2026 09:49:15 AM,252,252,0,03/03/2026 09:43:12 AM,FRZ-0-66-0,03/03/2026 09:43:13 AM,,05/30/2026,12,252,UAA-146724,UAA102A030326,03/03/2026 09:43:12 AM,,bbuksaldivaruaa,bbuscobbuaa,9 Day Expiry Rule,03/03/2026,0
IBUAA1055835,Located,="72561",GV WHITE HOT DOG BUNS 8P 11Z,03/03/2026 09:46:14 AM,252,252,0,03/03/2026 09:43:17 AM,FRZ-0-66-0,03/03/2026 09:43:18 AM,,05/30/2026,12,252,UAA-146724,UAA102A030326,03/03/2026 09:43:17 AM,,bbuksaldivaruaa,bbuscobbuaa,9 Day Expiry Rule,03/03/2026,0
IBUAA1055836,Located,="72561",GV WHITE HOT DOG BUNS 8P 11Z,03/03/2026 09:46:14 AM,252,252,0,03/03/2026 09:43:23 AM,FRZ-0-66-0,03/03/2026 09:43:24 AM,,05/30/2026,12,252,UAA-146724,UAA102A030326,03/03/2026 09:43:23 AM,,bbuksaldivaruaa,bbuscobbuaa,9 Day Expiry Rule,03/03/2026,0
IBUAA1055837,Located,="72561",GV WHITE HOT DOG BUNS 8P 11Z,03/03/2026 09:56:02 AM,252,252,0,03/03/2026 09:49:50 AM,FRZ-0-66-0,03/03/2026 09:49:51 AM,,05/30/2026,12,252,UAA-146724,UAA102A030326,03/03/2026 09:49:50 AM,,bbuksaldivaruaa,bbuscobbuaa,9 Day Expiry Rule,03/03/2026,0
IBUAA1055838,Located,="72561",GV WHITE HOT DOG BUNS 8P 11Z,03/03/2026 09:57:44 AM,252,252,0,03/03/2026 09:49:58 AM,FRZ-0-66-0,03/03/2026 09:49:59 AM,,05/30/2026,12,252,UAA-146724,UAA102A030326,03/03/2026 09:49:58 AM,,bbuksaldivaruaa,bbuscobbuaa,9 Day Expiry Rule,03/03/2026,0
IBUAA1055839,Located,="72561",GV WHITE HOT DOG BUNS 8P 11Z,03/03/2026 09:54:35 AM,252,252,0,03/03/2026 09:50:05 AM,FRZ-0-66-0,03/03/2026 09:50:06 AM,,05/30/2026,12,252,UAA-146724,UAA102A030326,03/03/2026 09:50:05 AM,,bbuksaldivaruaa,bbuscobbuaa,9 Day Expiry Rule,03/03/2026,0
IBUAA1055840,Located,="72561",GV WHITE HOT DOG BUNS 8P 11Z,03/03/2026 09:54:35 AM,252,252,0,03/03/2026 09:50:15 AM,FRZ-0-66-0,03/03/2026 09:50:16 AM,,05/30/2026,12,252,UAA-146724,UAA102A030326,03/03/2026 09:50:15 AM,,bbuksaldivaruaa,bbuscobbuaa,9 Day Expiry Rule,03/03/2026,0
IBUAA1055842,Located,="72561",GV WHITE HOT DOG BUNS 8P 11Z,03/03/2026 10:04:49 AM,252,252,0,03/03/2026 09:59:36 AM,FRZ-0-66-0,03/03/2026 09:59:37 AM,,05/30/2026,12,252,UAA-146724,UAA102A030326,03/03/2026 09:59:36 AM,,bbuksaldivaruaa,bbuksaldivaruaa,9 Day Expiry Rule,03/03/2026,0
IBUAA1055844,Located,="72561",GV WHITE HOT DOG BUNS 8P 11Z,03/03/2026 10:15:58 AM,252,252,0,03/03/2026 09:59:44 AM,FRZ-0-66-0,03/03/2026 09:59:44 AM,,05/30/2026,12,252,UAA-146724,UAA102A030326,03/03/2026 09:59:44 AM,,bbuksaldivaruaa,bbuscobbuaa,9 Day Expiry Rule,03/03/2026,0
IBUAA1055845,Located,="72561",GV WHITE HOT DOG BUNS 8P 11Z,03/03/2026 10:04:49 AM,252,252,0,03/03/2026 09:59:49 AM,FRZ-0-66-0,03/03/2026 09:59:50 AM,,05/30/2026,12,252,UAA-146724,UAA102A030326,03/03/2026 09:59:49 AM,,bbuksaldivaruaa,bbuksaldivaruaa,9 Day Expiry Rule,03/03/2026,0
IBUAA1055846,Located,="72561",GV WHITE HOT DOG BUNS 8P 11Z,03/03/2026 01:27:34 PM,252,252,0,03/03/2026 09:59:57 AM,FRZ-0-66-0,03/03/2026 11:39:43 AM,FRZ-0-67-0,05/30/2026,12,252,UAA-146724,UAA102A030326,03/03/2026 09:59:57 AM,,bbuksaldivaruaa,bbuscobbuaa,9 Day Expiry Rule,03/03/2026,0
IBUAA1055872,Located,="72561",GV WHITE HOT DOG BUNS 8P 11Z,03/03/2026 10:47:56 AM,252,252,0,03/03/2026 10:06:27 AM,FRZ-0-66-0,03/03/2026 10:06:28 AM,,05/30/2026,12,252,UAA-146724,UAA102A030326,03/03/2026 10:06:27 AM,,bbuksaldivaruaa,bbumhopkinsuaa,9 Day Expiry Rule,03/03/2026,0
IBUAA1055873,Located,="72561",GV WHITE HOT DOG BUNS 8P 11Z,03/03/2026 10:29:02 AM,252,252,0,03/03/2026 10:06:42 AM,FRZ-0-66-0,03/03/2026 10:06:43 AM,,05/30/2026,12,252,UAA-146724,UAA102A030326,03/03/2026 10:06:42 AM,,bbuksaldivaruaa,bbuscobbuaa,9 Day Expiry Rule,03/03/2026,0
IBUAA1055874,Located,="72561",GV WHITE HOT DOG BUNS 8P 11Z,03/03/2026 10:15:58 AM,252,252,0,03/03/2026 10:06:50 AM,FRZ-0-66-0,03/03/2026 10:06:51 AM,,05/30/2026,12,252,UAA-146724,UAA102A030326,03/03/2026 10:06:50 AM,,bbuksaldivaruaa,bbuscobbuaa,9 Day Expiry Rule,03/03/2026,0
IBUAA1055875,Located,="72561",GV WHITE HOT DOG BUNS 8P 11Z,03/03/2026 10:15:58 AM,252,252,0,03/03/2026 10:06:58 AM,FRZ-0-66-0,03/03/2026 10:06:59 AM,,05/30/2026,12,252,UAA-146724,UAA102A030326,03/03/2026 10:06:58 AM,,bbuksaldivaruaa,bbuscobbuaa,9 Day Expiry Rule,03/03/2026,0
IBUAA1055879,Located,="72561",GV WHITE HOT DOG BUNS 8P 11Z,03/03/2026 10:29:02 AM,252,252,0,03/03/2026 10:18:55 AM,FRZ-0-66-0,03/03/2026 10:18:57 AM,,05/30/2026,12,252,UAA-146724,UAA102A030326,03/03/2026 10:18:55 AM,,bbuksaldivaruaa,bbuscobbuaa,9 Day Expiry Rule,03/03/2026,0
IBUAA1055881,Located,="72561",GV WHITE HOT DOG BUNS 8P 11Z,03/03/2026 10:29:02 AM,252,252,0,03/03/2026 10:19:03 AM,FRZ-0-66-0,03/03/2026 10:19:04 AM,,05/30/2026,12,252,UAA-146724,UAA102A030326,03/03/2026 10:19:03 AM,,bbuksaldivaruaa,bbuscobbuaa,9 Day Expiry Rule,03/03/2026,0
IBUAA1055883,Located,="72561",GV WHITE HOT DOG BUNS 8P 11Z,03/03/2026 10:29:02 AM,252,252,0,03/03/2026 10:19:12 AM,FRZ-0-66-0,03/03/2026 10:19:13 AM,,05/30/2026,12,252,UAA-146724,UAA102A030326,03/03/2026 10:19:12 AM,,bbuksaldivaruaa,bbuscobbuaa,9 Day Expiry Rule,03/03/2026,0
IBUAA1055884,Located,="72561",GV WHITE HOT DOG BUNS 8P 11Z,03/03/2026 10:23:00 AM,252,252,0,03/03/2026 10:19:19 AM,FRZ-0-66-0,03/03/2026 10:19:20 AM,,05/30/2026,12,252,UAA-146724,UAA102A030326,03/03/2026 10:19:19 AM,,bbuksaldivaruaa,bbuksaldivaruaa,9 Day Expiry Rule,03/03/2026,0
IBUAA1055866,Located,="72561",GV WHITE HOT DOG BUNS 8P 11Z,03/03/2026 10:44:47 AM,252,252,0,03/03/2026 10:31:06 AM,FRZ-0-66-0,03/03/2026 10:31:08 AM,,05/30/2026,12,252,UAA-146724,UAA102A030326,03/03/2026 10:31:06 AM,,bbuksaldivaruaa,bbumhopkinsuaa,9 Day Expiry Rule,03/03/2026,0
IBUAA1055867,Located,="72561",GV WHITE HOT DOG BUNS 8P 11Z,03/03/2026 10:44:47 AM,252,252,0,03/03/2026 10:31:15 AM,FRZ-0-66-0,03/03/2026 10:31:16 AM,,05/30/2026,12,252,UAA-146724,UAA102A030326,03/03/2026 10:31:15 AM,,bbuksaldivaruaa,bbumhopkinsuaa,9 Day Expiry Rule,03/03/2026,0
IBUAA1055868,Located,="72561",GV WHITE HOT DOG BUNS 8P 11Z,03/03/2026 10:37:17 AM,252,252,0,03/03/2026 10:31:26 AM,FRZ-0-66-0,03/03/2026 10:31:27 AM,,05/30/2026,12,252,UAA-146724,UAA102A030326,03/03/2026 10:31:26 AM,,bbuksaldivaruaa,bbuksaldivaruaa,9 Day Expiry Rule,03/03/2026,0
IBUAA1055869,Located,="72561",GV WHITE HOT DOG BUNS 8P 11Z,03/03/2026 10:44:47 AM,252,252,0,03/03/2026 10:31:33 AM,FRZ-0-66-0,03/03/2026 10:31:34 AM,,05/30/2026,12,252,UAA-146724,UAA102A030326,03/03/2026 10:31:33 AM,,bbuksaldivaruaa,bbumhopkinsuaa,9 Day Expiry Rule,03/03/2026,0
IBUAA1055870,Located,="72561",GV WHITE HOT DOG BUNS 8P 11Z,03/03/2026 10:57:29 AM,252,252,0,03/03/2026 10:40:10 AM,FRZ-0-66-0,03/03/2026 10:40:11 AM,,05/30/2026,12,252,UAA-146724,UAA102A030326,03/03/2026 10:40:10 AM,,bbuksaldivaruaa,bbumhopkinsuaa,9 Day Expiry Rule,03/03/2026,0
IBUAA1055871,Located,="72561",GV WHITE HOT DOG BUNS 8P 11Z,03/03/2026 10:57:29 AM,252,252,0,03/03/2026 10:42:19 AM,FRZ-0-66-0,03/03/2026 10:42:21 AM,,05/30/2026,12,252,UAA-146724,UAA102A030326,03/03/2026 10:42:19 AM,,bbumhopkinsuaa,bbumhopkinsuaa,9 Day Expiry Rule,03/03/2026,0
IBUAA1055912,Located,="72561",GV WHITE HOT DOG BUNS 8P 11Z,03/03/2026 10:57:29 AM,252,252,0,03/03/2026 10:42:24 AM,FRZ-0-66-0,03/03/2026 10:42:25 AM,,05/30/2026,12,252,UAA-146724,UAA102A030326,03/03/2026 10:42:24 AM,,bbumhopkinsuaa,bbumhopkinsuaa,9 Day Expiry Rule,03/03/2026,0
IBUAA1055913,Located,="72561",GV WHITE HOT DOG BUNS 8P 11Z,03/03/2026 10:53:23 AM,252,252,0,03/03/2026 10:42:28 AM,FRZ-0-66-0,03/03/2026 10:42:29 AM,,05/30/2026,12,252,UAA-146724,UAA102A030326,03/03/2026 10:42:28 AM,,bbumhopkinsuaa,bbumhopkinsuaa,9 Day Expiry Rule,03/03/2026,0
IBUAA1055914,Located,="72561",GV WHITE HOT DOG BUNS 8P 11Z,03/03/2026 10:53:23 AM,252,252,0,03/03/2026 10:42:33 AM,FRZ-0-66-0,03/03/2026 10:42:34 AM,,05/30/2026,12,252,UAA-146724,UAA102A030326,03/03/2026 10:42:33 AM,,bbumhopkinsuaa,bbumhopkinsuaa,9 Day Expiry Rule,03/03/2026,0
IBUAA1055915,Located,="72561",GV WHITE HOT DOG BUNS 8P 11Z,03/03/2026 10:53:23 AM,252,252,0,03/03/2026 10:42:38 AM,FRZ-0-66-0,03/03/2026 10:42:39 AM,,05/30/2026,12,252,UAA-146724,UAA102A030326,03/03/2026 10:42:38 AM,,bbumhopkinsuaa,bbumhopkinsuaa,9 Day Expiry Rule,03/03/2026,0
IBUAA1055916,Located,="72561",GV WHITE HOT DOG BUNS 8P 11Z,03/03/2026 10:53:23 AM,252,252,0,03/03/2026 10:42:43 AM,FRZ-0-66-0,03/03/2026 10:42:44 AM,,05/30/2026,12,252,UAA-146724,UAA102A030326,03/03/2026 10:42:43 AM,,bbumhopkinsuaa,bbumhopkinsuaa,9 Day Expiry Rule,03/03/2026,0
IBUAA1055917,Located,="72561",GV WHITE HOT DOG BUNS 8P 11Z,03/03/2026 10:47:56 AM,252,252,0,03/03/2026 10:42:48 AM,FRZ-0-66-0,03/03/2026 10:42:49 AM,,05/30/2026,12,252,UAA-146724,UAA102A030326,03/03/2026 10:42:48 AM,,bbumhopkinsuaa,bbumhopkinsuaa,9 Day Expiry Rule,03/03/2026,0
IBUAA1055918,Located,="72561",GV WHITE HOT DOG BUNS 8P 11Z,03/03/2026 10:47:56 AM,252,252,0,03/03/2026 10:42:53 AM,FRZ-0-66-0,03/03/2026 10:42:54 AM,,05/30/2026,12,252,UAA-146724,UAA102A030326,03/03/2026 10:42:53 AM,,bbumhopkinsuaa,bbumhopkinsuaa,9 Day Expiry Rule,03/03/2026,0
IBUAA1055919,Located,="72561",GV WHITE HOT DOG BUNS 8P 11Z,03/03/2026 10:47:56 AM,252,252,0,03/03/2026 10:42:57 AM,FRZ-0-66-0,03/03/2026 10:42:58 AM,,05/30/2026,12,252,UAA-146724,UAA102A030326,03/03/2026 10:42:57 AM,,bbumhopkinsuaa,bbumhopkinsuaa,9 Day Expiry Rule,03/03/2026,0
IBUAA1055926,Located,="72561",GV WHITE HOT DOG BUNS 8P 11Z,03/03/2026 11:12:40 AM,252,252,0,03/03/2026 11:00:46 AM,FRZ-0-66-0,03/03/2026 11:00:47 AM,FRZ-0-66-0,05/30/2026,12,252,UAA-146724,UAA102A030326,03/03/2026 11:00:46 AM,,bbumhopkinsuaa,bbumhopkinsuaa,9 Day Expiry Rule,03/03/2026,0
IBUAA1055927,Located,="72561",GV WHITE HOT DOG BUNS 8P 11Z,03/03/2026 11:03:29 AM,252,252,0,03/03/2026 11:00:50 AM,FRZ-0-66-0,03/03/2026 11:00:51 AM,,05/30/2026,12,252,UAA-146724,UAA102A030326,03/03/2026 11:00:50 AM,,bbumhopkinsuaa,bbumhopkinsuaa,9 Day Expiry Rule,03/03/2026,0
IBUAA1055928,Located,="72561",GV WHITE HOT DOG BUNS 8P 11Z,03/03/2026 11:03:29 AM,252,252,0,03/03/2026 11:00:54 AM,FRZ-0-66-0,03/03/2026 11:00:55 AM,,05/30/2026,12,252,UAA-146724,UAA102A030326,03/03/2026 11:00:54 AM,,bbumhopkinsuaa,bbumhopkinsuaa,9 Day Expiry Rule,03/03/2026,0
IBUAA1055929,Located,="72561",GV WHITE HOT DOG BUNS 8P 11Z,03/03/2026 11:03:29 AM,252,252,0,03/03/2026 11:00:58 AM,FRZ-0-66-0,03/03/2026 11:00:59 AM,,05/30/2026,12,252,UAA-146724,UAA102A030326,03/03/2026 11:00:58 AM,,bbumhopkinsuaa,bbumhopkinsuaa,9 Day Expiry Rule,03/03/2026,0
IBUAA1055930,Located,="72561",GV WHITE HOT DOG BUNS 8P 11Z,03/03/2026 11:03:29 AM,252,252,0,03/03/2026 11:01:07 AM,FRZ-0-66-0,03/03/2026 11:01:07 AM,,05/30/2026,12,252,UAA-146724,UAA102A030326,03/03/2026 11:01:07 AM,,bbumhopkinsuaa,bbumhopkinsuaa,9 Day Expiry Rule,03/03/2026,0
IBUAA1055937,Located,="72561",GV WHITE HOT DOG BUNS 8P 11Z,03/03/2026 11:12:40 AM,252,252,0,03/03/2026 11:09:35 AM,FRZ-0-66-0,03/03/2026 11:09:36 AM,,05/30/2026,12,252,UAA-146724,UAA102A030326,03/03/2026 11:09:35 AM,,bbumhopkinsuaa,bbumhopkinsuaa,9 Day Expiry Rule,03/03/2026,0
IBUAA1055938,Located,="72561",GV WHITE HOT DOG BUNS 8P 11Z,03/03/2026 11:12:40 AM,252,252,0,03/03/2026 11:09:39 AM,FRZ-0-66-0,03/03/2026 11:09:40 AM,,05/30/2026,12,252,UAA-146724,UAA102A030326,03/03/2026 11:09:39 AM,,bbumhopkinsuaa,bbumhopkinsuaa,9 Day Expiry Rule,03/03/2026,0
IBUAA1055939,Located,="72561",GV WHITE HOT DOG BUNS 8P 11Z,03/03/2026 11:12:40 AM,252,252,0,03/03/2026 11:09:43 AM,FRZ-0-66-0,03/03/2026 11:09:44 AM,,05/30/2026,12,252,UAA-146724,UAA102A030326,03/03/2026 11:09:43 AM,,bbumhopkinsuaa,bbumhopkinsuaa,9 Day Expiry Rule,03/03/2026,0
IBUAA1055940,Located,="72561",GV WHITE HOT DOG BUNS 8P 11Z,03/03/2026 11:12:40 AM,252,252,0,03/03/2026 11:09:47 AM,FRZ-0-66-0,03/03/2026 11:09:48 AM,,05/30/2026,12,252,UAA-146724,UAA102A030326,03/03/2026 11:09:47 AM,,bbumhopkinsuaa,bbumhopkinsuaa,9 Day Expiry Rule,03/03/2026,0
IBUAA1055945,Located,="72561",GV WHITE HOT DOG BUNS 8P 11Z,03/03/2026 11:18:38 AM,252,252,0,03/03/2026 11:15:33 AM,FRZ-0-66-0,03/03/2026 11:15:34 AM,,05/30/2026,12,252,UAA-146724,UAA102A030326,03/03/2026 11:15:33 AM,,bbumhopkinsuaa,bbumkentgenuaa,9 Day Expiry Rule,03/03/2026,0
IBUAA1055947,Located,="72561",GV WHITE HOT DOG BUNS 8P 11Z,03/03/2026 11:31:57 AM,252,252,0,03/03/2026 11:17:45 AM,FRZ-0-66-0,03/03/2026 11:17:46 AM,,05/30/2026,12,252,UAA-146724,UAA102A030326,03/03/2026 11:17:45 AM,,bbumhopkinsuaa,bbuksaldivaruaa,9 Day Expiry Rule,03/03/2026,0
IBUAA1055949,Located,="72561",GV WHITE HOT DOG BUNS 8P 11Z,03/03/2026 11:24:54 AM,252,252,0,03/03/2026 11:19:20 AM,FRZ-0-66-0,03/03/2026 11:19:22 AM,,05/30/2026,12,252,UAA-146724,UAA102A030326,03/03/2026 11:19:20 AM,,bbuksaldivaruaa,bbuksaldivaruaa,9 Day Expiry Rule,03/03/2026,0
OBUAA0000982446,Located,="72561",GV WHITE HOT DOG BUNS 8P 11Z,03/03/2026 12:05:05 PM,0,252,0,03/03/2026 11:24:46 AM,FRZ-0-67-0,03/03/2026 11:25:27 AM,FRZ-0-66-0,05/30/2026,12,0,,UAA102A030326,,,bbutmullinsuaa,bbujrecinosuaa,9 Day Expiry Rule,,0
IBUAA1055972,Located,="72561",GV WHITE HOT DOG BUNS 8P 11Z,03/03/2026 11:34:22 AM,252,252,0,03/03/2026 11:26:59 AM,FRZ-0-66-0,03/03/2026 11:27:00 AM,,05/30/2026,12,252,UAA-146724,UAA102A030326,03/03/2026 11:26:59 AM,,bbuksaldivaruaa,bbuksaldivaruaa,9 Day Expiry Rule,03/03/2026,0
IBUAA1055974,Located,="72561",GV WHITE HOT DOG BUNS 8P 11Z,03/03/2026 11:36:18 AM,252,252,0,03/03/2026 11:27:22 AM,FRZ-0-66-0,03/03/2026 11:27:22 AM,,05/30/2026,12,252,UAA-146724,UAA102A030326,03/03/2026 11:27:22 AM,,bbuksaldivaruaa,bbuksaldivaruaa,9 Day Expiry Rule,03/03/2026,0
IBUAA1055976,Located,="72561",GV WHITE HOT DOG BUNS 8P 11Z,03/03/2026 12:38:34 PM,252,252,0,03/03/2026 11:27:40 AM,FRZ-0-67-0,03/03/2026 12:31:41 PM,,05/30/2026,12,252,UAA-146724,UAA102A030326,03/03/2026 11:27:40 AM,,bbuksaldivaruaa,bbuscobbuaa,9 Day Expiry Rule,03/03/2026,0
IBUAA1055977,Located,="72561",GV WHITE HOT DOG BUNS 8P 11Z,03/03/2026 11:36:18 AM,252,252,0,03/03/2026 11:28:04 AM,FRZ-0-66-0,03/03/2026 11:28:05 AM,,05/30/2026,12,252,UAA-146724,UAA102A030326,03/03/2026 11:28:04 AM,,bbuksaldivaruaa,bbuksaldivaruaa,9 Day Expiry Rule,03/03/2026,0
IBUAA1055961,Located,="72561",GV WHITE HOT DOG BUNS 8P 11Z,03/03/2026 12:01:55 PM,252,252,0,03/03/2026 11:44:25 AM,FRZ-0-67-0,03/03/2026 11:44:27 AM,,05/30/2026,12,252,UAA-146727,UAA102A030326,03/03/2026 11:44:25 AM,,bbuscobbuaa,bbuksaldivaruaa,9 Day Expiry Rule,03/03/2026,0
IBUAA1055962,Located,="72561",GV WHITE HOT DOG BUNS 8P 11Z,03/03/2026 11:53:30 AM,252,252,0,03/03/2026 11:44:29 AM,FRZ-0-67-0,03/03/2026 11:44:30 AM,,05/30/2026,12,252,UAA-146727,UAA102A030326,03/03/2026 11:44:29 AM,,bbuscobbuaa,bbuscobbuaa,9 Day Expiry Rule,03/03/2026,0
IBUAA1055964,Located,="72561",GV WHITE HOT DOG BUNS 8P 11Z,03/03/2026 11:53:29 AM,252,252,0,03/03/2026 11:44:32 AM,FRZ-0-67-0,03/03/2026 11:44:32 AM,,05/30/2026,12,252,UAA-146727,UAA102A030326,03/03/2026 11:44:32 AM,,bbuscobbuaa,bbuscobbuaa,9 Day Expiry Rule,03/03/2026,0
IBUAA1055965,Located,="72561",GV WHITE HOT DOG BUNS 8P 11Z,03/03/2026 11:50:25 AM,252,252,0,03/03/2026 11:44:43 AM,FRZ-0-67-0,03/03/2026 11:44:44 AM,,05/30/2026,12,252,UAA-146727,UAA102A030326,03/03/2026 11:44:43 AM,,bbuscobbuaa,bbuscobbuaa,9 Day Expiry Rule,03/03/2026,0
IBUAA1055966,Located,="72561",GV WHITE HOT DOG BUNS 8P 11Z,03/03/2026 11:50:18 AM,252,252,0,03/03/2026 11:44:49 AM,FRZ-0-67-0,03/03/2026 11:44:49 AM,DOCK-0-0-5,05/30/2026,12,252,UAA-146727,UAA102A030326,03/03/2026 11:44:49 AM,,bbuscobbuaa,bbuscobbuaa,9 Day Expiry Rule,03/03/2026,0
IBUAA1055967,Located,="72561",GV WHITE HOT DOG BUNS 8P 11Z,03/03/2026 11:50:18 AM,252,252,0,03/03/2026 11:44:52 AM,FRZ-0-67-0,03/03/2026 11:44:53 AM,DOCK-0-0-5,05/30/2026,12,252,UAA-146727,UAA102A030326,03/03/2026 11:44:52 AM,,bbuscobbuaa,bbuscobbuaa,9 Day Expiry Rule,03/03/2026,0
IBUAA1056014,Located,="72561",GV WHITE HOT DOG BUNS 8P 11Z,03/03/2026 12:01:56 PM,252,252,0,03/03/2026 11:52:32 AM,FRZ-0-67-0,03/03/2026 11:52:34 AM,,05/30/2026,12,252,UAA-146727,UAA102A030326,03/03/2026 11:52:32 AM,,bbuksaldivaruaa,bbuksaldivaruaa,9 Day Expiry Rule,03/03/2026,0
IBUAA1056015,Located,="72561",GV WHITE HOT DOG BUNS 8P 11Z,03/03/2026 12:01:56 PM,252,252,0,03/03/2026 11:52:41 AM,FRZ-0-67-0,03/03/2026 11:52:42 AM,,05/30/2026,12,252,UAA-146727,UAA102A030326,03/03/2026 11:52:41 AM,,bbuksaldivaruaa,bbuksaldivaruaa,9 Day Expiry Rule,03/03/2026,0
IBUAA1056016,Located,="72561",GV WHITE HOT DOG BUNS 8P 11Z,03/03/2026 12:10:55 PM,252,252,0,03/03/2026 11:52:51 AM,FRZ-0-67-0,03/03/2026 11:52:51 AM,,05/30/2026,12,252,UAA-146727,UAA102A030326,03/03/2026 11:52:51 AM,,bbuksaldivaruaa,bbujrecinosuaa,9 Day Expiry Rule,03/03/2026,0
IBUAA1056017,Located,="72561",GV WHITE HOT DOG BUNS 8P 11Z,03/03/2026 12:01:56 PM,252,252,0,03/03/2026 11:53:00 AM,FRZ-0-67-0,03/03/2026 11:53:01 AM,,05/30/2026,12,252,UAA-146727,UAA102A030326,03/03/2026 11:53:00 AM,,bbuksaldivaruaa,bbuksaldivaruaa,9 Day Expiry Rule,03/03/2026,0
IBUAA1056018,Located,="72561",GV WHITE HOT DOG BUNS 8P 11Z,03/03/2026 12:14:06 PM,252,252,0,03/03/2026 11:53:10 AM,FRZ-0-67-0,03/03/2026 11:53:11 AM,,05/30/2026,12,252,UAA-146727,UAA102A030326,03/03/2026 11:53:10 AM,,bbuksaldivaruaa,bbuscobbuaa,9 Day Expiry Rule,03/03/2026,0
IBUAA1056019,Located,="72561",GV WHITE HOT DOG BUNS 8P 11Z,03/03/2026 12:10:55 PM,252,252,0,03/03/2026 11:53:22 AM,FRZ-0-67-0,03/03/2026 11:53:23 AM,,05/30/2026,12,252,UAA-146727,UAA102A030326,03/03/2026 11:53:22 AM,,bbuksaldivaruaa,bbujrecinosuaa,9 Day Expiry Rule,03/03/2026,0
IBUAA1056020,Located,="72561",GV WHITE HOT DOG BUNS 8P 11Z,03/03/2026 12:13:24 PM,252,252,0,03/03/2026 11:53:29 AM,FRZ-0-67-0,03/03/2026 11:53:30 AM,,05/30/2026,12,252,UAA-146727,UAA102A030326,03/03/2026 11:53:29 AM,,bbuksaldivaruaa,bbuscobbuaa,9 Day Expiry Rule,03/03/2026,0
IBUAA1056021,Located,="72561",GV WHITE HOT DOG BUNS 8P 11Z,03/03/2026 12:14:14 PM,252,252,0,03/03/2026 11:58:02 AM,FRZ-0-67-0,03/03/2026 11:58:04 AM,,05/30/2026,12,252,UAA-146727,UAA102A030326,03/03/2026 11:58:02 AM,,bbuscobbuaa,bbuscobbuaa,9 Day Expiry Rule,03/03/2026,0
IBUAA1056022,Located,="72561",GV WHITE HOT DOG BUNS 8P 11Z,03/03/2026 12:15:22 PM,252,252,0,03/03/2026 11:58:05 AM,FRZ-0-67-0,03/03/2026 11:58:06 AM,,05/30/2026,12,252,UAA-146727,UAA102A030326,03/03/2026 11:58:05 AM,,bbuscobbuaa,bbuscobbuaa,9 Day Expiry Rule,03/03/2026,0
IBUAA1056023,Located,="72561",GV WHITE HOT DOG BUNS 8P 11Z,03/03/2026 12:33:21 PM,252,252,0,03/03/2026 11:58:08 AM,FRZ-0-67-0,03/03/2026 12:31:42 PM,,05/30/2026,12,252,UAA-146727,UAA102A030326,03/03/2026 11:58:08 AM,,bbuscobbuaa,bburastorgauaa,9 Day Expiry Rule,03/03/2026,0
IBUAA1056024,Located,="72561",GV WHITE HOT DOG BUNS 8P 11Z,03/03/2026 12:02:51 PM,252,252,0,03/03/2026 11:58:11 AM,FRZ-0-67-0,03/03/2026 11:58:12 AM,,05/30/2026,12,252,UAA-146727,UAA102A030326,03/03/2026 11:58:11 AM,,bbuscobbuaa,bbuscobbuaa,9 Day Expiry Rule,03/03/2026,0
IBUAA1056025,Located,="72561",GV WHITE HOT DOG BUNS 8P 11Z,03/03/2026 12:02:51 PM,252,252,0,03/03/2026 11:58:13 AM,FRZ-0-67-0,03/03/2026 11:58:14 AM,,05/30/2026,12,252,UAA-146727,UAA102A030326,03/03/2026 11:58:13 AM,,bbuscobbuaa,bbuscobbuaa,9 Day Expiry Rule,03/03/2026,0
IBUAA1056026,Located,="72561",GV WHITE HOT DOG BUNS 8P 11Z,03/03/2026 12:02:51 PM,252,252,0,03/03/2026 11:58:16 AM,FRZ-0-67-0,03/03/2026 11:58:17 AM,,05/30/2026,12,252,UAA-146727,UAA102A030326,03/03/2026 11:58:16 AM,,bbuscobbuaa,bbuscobbuaa,9 Day Expiry Rule,03/03/2026,0
IBUAA1056027,Located,="72561",GV WHITE HOT DOG BUNS 8P 11Z,03/03/2026 12:02:51 PM,252,252,0,03/03/2026 11:58:18 AM,FRZ-0-67-0,03/03/2026 11:58:19 AM,,05/30/2026,12,252,UAA-146727,UAA102A030326,03/03/2026 11:58:18 AM,,bbuscobbuaa,bbuscobbuaa,9 Day Expiry Rule,03/03/2026,0
IBUAA1055889,Located,="72561",GV WHITE HOT DOG BUNS 8P 11Z,03/03/2026 12:01:56 PM,252,252,0,03/03/2026 11:59:51 AM,FRZ-0-67-0,03/03/2026 11:59:52 AM,,05/30/2026,12,252,UAA-146727,UAA102A030326,03/03/2026 11:59:51 AM,,bbuksaldivaruaa,bbuksaldivaruaa,9 Day Expiry Rule,03/03/2026,0
IBUAA1056028,Located,="72561",GV WHITE HOT DOG BUNS 8P 11Z,03/03/2026 12:14:20 PM,252,252,0,03/03/2026 12:10:49 PM,FRZ-0-67-0,03/03/2026 12:10:50 PM,,05/30/2026,12,252,UAA-146727,UAA102A030326,03/03/2026 12:10:49 PM,,bbuscobbuaa,bbuscobbuaa,9 Day Expiry Rule,03/03/2026,0
IBUAA1056029,Located,="72561",GV WHITE HOT DOG BUNS 8P 11Z,03/03/2026 12:14:00 PM,252,252,0,03/03/2026 12:10:53 PM,FRZ-0-67-0,03/03/2026 12:10:54 PM,,05/30/2026,12,252,UAA-146727,UAA102A030326,03/03/2026 12:10:53 PM,,bbuscobbuaa,bbuscobbuaa,9 Day Expiry Rule,03/03/2026,0
IBUAA1056031,Located,="72561",GV WHITE HOT DOG BUNS 8P 11Z,03/03/2026 12:16:47 PM,252,252,0,03/03/2026 12:13:24 PM,FRZ-0-67-0,03/03/2026 12:13:26 PM,,05/30/2026,12,252,UAA-146727,UAA102A030326,03/03/2026 12:13:24 PM,,bburastorgauaa,bbujrecinosuaa,9 Day Expiry Rule,03/03/2026,0
IBUAA1056072,Located,="72561",GV WHITE HOT DOG BUNS 8P 11Z,03/03/2026 12:16:47 PM,252,252,0,03/03/2026 12:13:54 PM,FRZ-0-67-0,03/03/2026 12:13:55 PM,,05/30/2026,12,252,UAA-146727,UAA102A030326,03/03/2026 12:13:54 PM,,bburastorgauaa,bbujrecinosuaa,9 Day Expiry Rule,03/03/2026,0
IBUAA1056073,Located,="72561",GV WHITE HOT DOG BUNS 8P 11Z,03/03/2026 12:16:47 PM,252,252,0,03/03/2026 12:14:15 PM,FRZ-0-67-0,03/03/2026 12:14:16 PM,,05/30/2026,12,252,UAA-146727,UAA102A030326,03/03/2026 12:14:15 PM,,bburastorgauaa,bbujrecinosuaa,9 Day Expiry Rule,03/03/2026,0
IBUAA1056074,Located,="72561",GV WHITE HOT DOG BUNS 8P 11Z,03/03/2026 12:17:51 PM,252,252,0,03/03/2026 12:15:31 PM,FRZ-0-67-0,03/03/2026 12:15:31 PM,,05/30/2026,12,252,UAA-146727,UAA102A030326,03/03/2026 12:15:31 PM,,bburastorgauaa,bburastorgauaa,9 Day Expiry Rule,03/03/2026,0
IBUAA1056076,Located,="72561",GV WHITE HOT DOG BUNS 8P 11Z,03/03/2026 12:19:41 PM,252,252,0,03/03/2026 12:17:31 PM,FRZ-0-67-0,03/03/2026 12:17:32 PM,,05/30/2026,12,252,UAA-146727,UAA102A030326,03/03/2026 12:17:31 PM,,bbuscobbuaa,bbujrecinosuaa,9 Day Expiry Rule,03/03/2026,0
IBUAA1056077,Located,="72561",GV WHITE HOT DOG BUNS 8P 11Z,03/03/2026 12:19:41 PM,252,252,0,03/03/2026 12:17:34 PM,FRZ-0-67-0,03/03/2026 12:17:35 PM,,05/30/2026,12,252,UAA-146727,UAA102A030326,03/03/2026 12:17:34 PM,,bbuscobbuaa,bbujrecinosuaa,9 Day Expiry Rule,03/03/2026,0
IBUAA1056078,Located,="72561",GV WHITE HOT DOG BUNS 8P 11Z,03/03/2026 12:22:09 PM,252,252,0,03/03/2026 12:18:23 PM,FRZ-0-67-0,03/03/2026 12:18:23 PM,,05/30/2026,12,252,UAA-146727,UAA102A030326,03/03/2026 12:18:23 PM,,bbuscobbuaa,bbuscobbuaa,9 Day Expiry Rule,03/03/2026,0
IBUAA1056079,Located,="72561",GV WHITE HOT DOG BUNS 8P 11Z,03/03/2026 12:22:09 PM,252,252,0,03/03/2026 12:19:17 PM,FRZ-0-67-0,03/03/2026 12:19:18 PM,,05/30/2026,12,252,UAA-146727,UAA102A030326,03/03/2026 12:19:17 PM,,bbuscobbuaa,bbuscobbuaa,9 Day Expiry Rule,03/03/2026,0
IBUAA1056080,Located,="72561",GV WHITE HOT DOG BUNS 8P 11Z,03/03/2026 12:22:15 PM,252,252,0,03/03/2026 12:19:35 PM,FRZ-0-67-0,03/03/2026 12:19:36 PM,,05/30/2026,12,252,UAA-146727,UAA102A030326,03/03/2026 12:19:35 PM,,bburastorgauaa,bbuscobbuaa,9 Day Expiry Rule,03/03/2026,0
IBUAA1056081,Located,="72561",GV WHITE HOT DOG BUNS 8P 11Z,03/03/2026 12:26:44 PM,252,252,0,03/03/2026 12:20:15 PM,FRZ-0-67-0,03/03/2026 12:20:16 PM,,05/30/2026,12,252,UAA-146727,UAA102A030326,03/03/2026 12:20:15 PM,,bburastorgauaa,bbuscobbuaa,9 Day Expiry Rule,03/03/2026,0
IBUAA1056083,Located,="72561",GV WHITE HOT DOG BUNS 8P 11Z,03/03/2026 12:26:22 PM,252,252,0,03/03/2026 12:24:14 PM,FRZ-0-67-0,03/03/2026 12:24:15 PM,,05/30/2026,12,252,UAA-146727,UAA102A030326,03/03/2026 12:24:14 PM,,bbuscobbuaa,bbuscobbuaa,9 Day Expiry Rule,03/03/2026,0
IBUAA1056082,Located,="72561",GV WHITE HOT DOG BUNS 8P 11Z,03/03/2026 12:30:13 PM,252,252,0,03/03/2026 12:24:46 PM,FRZ-0-67-0,03/03/2026 12:24:47 PM,,05/30/2026,12,252,UAA-146727,UAA102A030326,03/03/2026 12:24:46 PM,,bburastorgauaa,bburastorgauaa,9 Day Expiry Rule,03/03/2026,0
IBUAA1056085,Located,="72561",GV WHITE HOT DOG BUNS 8P 11Z,03/03/2026 12:40:37 PM,252,252,0,03/03/2026 12:39:19 PM,FRZ-0-67-0,03/03/2026 12:39:20 PM,,05/30/2026,12,252,UAA-146727,UAA102A030326,03/03/2026 12:39:19 PM,,bburastorgauaa,bburastorgauaa,9 Day Expiry Rule,03/03/2026,0
IBUAA1056087,Located,="72561",GV WHITE HOT DOG BUNS 8P 11Z,03/03/2026 12:44:32 PM,252,252,0,03/03/2026 12:42:26 PM,FRZ-0-67-0,03/03/2026 12:42:26 PM,,05/30/2026,12,252,UAA-146727,UAA102A030326,03/03/2026 12:42:26 PM,,bburastorgauaa,bburastorgauaa,9 Day Expiry Rule,03/03/2026,0
IBUAA1056115,Located,="72561",GV WHITE HOT DOG BUNS 8P 11Z,03/03/2026 12:46:59 PM,252,252,0,03/03/2026 12:45:35 PM,FRZ-0-67-0,03/03/2026 12:45:37 PM,,05/30/2026,12,252,UAA-146727,UAA102A030326,03/03/2026 12:45:35 PM,,bbuscobbuaa,bburastorgauaa,9 Day Expiry Rule,03/03/2026,0
IBUAA1056089,Located,="72561",GV WHITE HOT DOG BUNS 8P 11Z,03/03/2026 12:54:55 PM,252,252,0,03/03/2026 12:50:18 PM,FRZ-0-67-0,03/03/2026 12:50:19 PM,,05/30/2026,12,252,UAA-146727,UAA102A030326,03/03/2026 12:50:18 PM,,bburastorgauaa,bburastorgauaa,9 Day Expiry Rule,03/03/2026,0
IBUAA1056090,Located,="72561",GV WHITE HOT DOG BUNS 8P 11Z,03/03/2026 12:54:54 PM,252,252,0,03/03/2026 12:50:28 PM,FRZ-0-67-0,03/03/2026 12:50:28 PM,,05/30/2026,12,252,UAA-146727,UAA102A030326,03/03/2026 12:50:28 PM,,bburastorgauaa,bburastorgauaa,9 Day Expiry Rule,03/03/2026,0
IBUAA1056091,Located,="72561",GV WHITE HOT DOG BUNS 8P 11Z,03/03/2026 01:02:47 PM,252,252,0,03/03/2026 01:00:15 PM,FRZ-0-67-0,03/03/2026 01:00:15 PM,,05/30/2026,12,252,UAA-146727,UAA102A030326,03/03/2026 01:00:15 PM,,bburastorgauaa,bburastorgauaa,9 Day Expiry Rule,03/03/2026,0
IBUAA1056132,Located,="72561",GV WHITE HOT DOG BUNS 8P 11Z,03/03/2026 01:02:47 PM,252,252,0,03/03/2026 01:00:24 PM,FRZ-0-67-0,03/03/2026 01:00:25 PM,,05/30/2026,12,252,UAA-146727,UAA102A030326,03/03/2026 01:00:24 PM,,bburastorgauaa,bburastorgauaa,9 Day Expiry Rule,03/03/2026,0
IBUAA1056051,Located,="72561",GV WHITE HOT DOG BUNS 8P 11Z,03/03/2026 01:04:10 PM,252,252,0,03/03/2026 01:00:55 PM,FRZ-0-67-0,03/03/2026 01:00:57 PM,,05/30/2026,12,252,UAA-146727,UAA102A030326,03/03/2026 01:00:55 PM,,bbuscobbuaa,bbuscobbuaa,9 Day Expiry Rule,03/03/2026,0
IBUAA1056152,Located,="72561",GV WHITE HOT DOG BUNS 8P 11Z,03/03/2026 01:04:10 PM,252,252,0,03/03/2026 01:01:02 PM,FRZ-0-67-0,03/03/2026 01:01:03 PM,,05/30/2026,12,252,UAA-146727,UAA102A030326,03/03/2026 01:01:02 PM,,bbuscobbuaa,bbuscobbuaa,9 Day Expiry Rule,03/03/2026,0
IBUAA1056133,Located,="72561",GV WHITE HOT DOG BUNS 8P 11Z,03/03/2026 01:09:39 PM,252,252,0,03/03/2026 01:04:16 PM,FRZ-0-67-0,03/03/2026 01:04:18 PM,,05/30/2026,12,252,UAA-146727,UAA102A030326,03/03/2026 01:04:16 PM,,bburastorgauaa,bburastorgauaa,9 Day Expiry Rule,03/03/2026,0
IBUAA1056134,Located,="72561",GV WHITE HOT DOG BUNS 8P 11Z,03/03/2026 01:09:39 PM,252,252,0,03/03/2026 01:04:28 PM,FRZ-0-67-0,03/03/2026 01:04:29 PM,,05/30/2026,12,252,UAA-146727,UAA102A030326,03/03/2026 01:04:28 PM,,bburastorgauaa,bburastorgauaa,9 Day Expiry Rule,03/03/2026,0
IBUAA1056096,Located,="72561",GV WHITE HOT DOG BUNS 8P 11Z,03/03/2026 01:45:30 PM,252,252,0,03/03/2026 01:11:12 PM,FRZ-0-67-0,03/03/2026 01:11:14 PM,,05/30/2026,12,252,UAA-146727,UAA102A030326,03/03/2026 01:11:12 PM,,bburastorgauaa,bbumkentgenuaa,9 Day Expiry Rule,03/03/2026,0
IBUAA1056097,Located,="72561",GV WHITE HOT DOG BUNS 8P 11Z,03/03/2026 01:45:30 PM,252,252,0,03/03/2026 01:11:28 PM,FRZ-0-67-0,03/03/2026 01:11:29 PM,,05/30/2026,12,252,UAA-146727,UAA102A030326,03/03/2026 01:11:28 PM,,bburastorgauaa,bbumkentgenuaa,9 Day Expiry Rule,03/03/2026,0
IBUAA1056155,Located,="72561",GV WHITE HOT DOG BUNS 8P 11Z,03/03/2026 01:16:43 PM,252,252,0,03/03/2026 01:12:31 PM,FRZ-0-67-0,03/03/2026 01:12:32 PM,,05/30/2026,12,252,UAA-146727,UAA102A030326,03/03/2026 01:12:31 PM,,bbuscobbuaa,bbuscobbuaa,9 Day Expiry Rule,03/03/2026,0
IBUAA1056156,Located,="72561",GV WHITE HOT DOG BUNS 8P 11Z,03/03/2026 01:16:43 PM,252,252,0,03/03/2026 01:12:33 PM,FRZ-0-67-0,03/03/2026 01:12:34 PM,,05/30/2026,12,252,UAA-146727,UAA102A030326,03/03/2026 01:12:33 PM,,bbuscobbuaa,bbuscobbuaa,9 Day Expiry Rule,03/03/2026,0
IBUAA1056157,Located,="72561",GV WHITE HOT DOG BUNS 8P 11Z,03/03/2026 01:16:43 PM,252,252,0,03/03/2026 01:12:36 PM,FRZ-0-67-0,03/03/2026 01:12:37 PM,,05/30/2026,12,252,UAA-146727,UAA102A030326,03/03/2026 01:12:36 PM,,bbuscobbuaa,bbuscobbuaa,9 Day Expiry Rule,03/03/2026,0
IBUAA1056101,Located,="72561",GV WHITE HOT DOG BUNS 8P 11Z,03/03/2026 01:21:07 PM,252,252,0,03/03/2026 01:16:35 PM,FRZ-0-67-0,03/03/2026 01:16:36 PM,,05/30/2026,12,252,UAA-146727,UAA102A030326,03/03/2026 01:16:35 PM,,bburastorgauaa,bburastorgauaa,9 Day Expiry Rule,03/03/2026,0
IBUAA1056103,Located,="72561",GV WHITE HOT DOG BUNS 8P 11Z,03/03/2026 01:21:08 PM,252,252,0,03/03/2026 01:17:03 PM,FRZ-0-67-0,03/03/2026 01:17:03 PM,,05/30/2026,12,252,UAA-146727,UAA102A030326,03/03/2026 01:17:03 PM,,bburastorgauaa,bburastorgauaa,9 Day Expiry Rule,03/03/2026,0
IBUAA1056194,Located,="72561",GV WHITE HOT DOG BUNS 8P 11Z,03/03/2026 01:27:22 PM,252,252,0,03/03/2026 01:25:53 PM,FRZ-0-67-0,03/03/2026 01:25:55 PM,,05/30/2026,12,252,UAA-146727,UAA102A030326,03/03/2026 01:25:53 PM,,bbumhopkinsuaa,bbumhopkinsuaa,9 Day Expiry Rule,03/03/2026,0
IBUAA1056195,Located,="72561",GV WHITE HOT DOG BUNS 8P 11Z,03/03/2026 01:27:23 PM,252,252,0,03/03/2026 01:25:57 PM,FRZ-0-67-0,03/03/2026 01:25:58 PM,,05/30/2026,12,252,UAA-146727,UAA102A030326,03/03/2026 01:25:57 PM,,bbumhopkinsuaa,bbumhopkinsuaa,9 Day Expiry Rule,03/03/2026,0
IBUAA1056140,Located,="72561",GV WHITE HOT DOG BUNS 8P 11Z,03/03/2026 01:33:50 PM,252,252,0,03/03/2026 01:30:29 PM,FRZ-0-67-0,03/03/2026 01:30:31 PM,,05/30/2026,12,252,UAA-146727,UAA102A030326,03/03/2026 01:30:29 PM,,bbuscobbuaa,bbuscobbuaa,9 Day Expiry Rule,03/03/2026,0
IBUAA1056141,Located,="72561",GV WHITE HOT DOG BUNS 8P 11Z,03/03/2026 01:33:50 PM,252,252,0,03/03/2026 01:30:33 PM,FRZ-0-67-0,03/03/2026 01:30:34 PM,,05/30/2026,12,252,UAA-146727,UAA102A030326,03/03/2026 01:30:33 PM,,bbuscobbuaa,bbuscobbuaa,9 Day Expiry Rule,03/03/2026,0
IBUAA1056142,Located,="72561",GV WHITE HOT DOG BUNS 8P 11Z,03/03/2026 01:33:50 PM,252,252,0,03/03/2026 01:30:35 PM,FRZ-0-67-0,03/03/2026 01:30:36 PM,,05/30/2026,12,252,UAA-146727,UAA102A030326,03/03/2026 01:30:35 PM,,bbuscobbuaa,bbuscobbuaa,9 Day Expiry Rule,03/03/2026,0
IBUAA1056143,Located,="72561",GV WHITE HOT DOG BUNS 8P 11Z,03/03/2026 01:33:50 PM,252,252,0,03/03/2026 01:30:48 PM,FRZ-0-67-0,03/03/2026 01:30:49 PM,,05/30/2026,12,252,UAA-146727,UAA102A030326,03/03/2026 01:30:48 PM,,bbuscobbuaa,bbuscobbuaa,9 Day Expiry Rule,03/03/2026,0
IBUAA1056197,Located,="72561",GV WHITE HOT DOG BUNS 8P 11Z,03/03/2026 01:34:21 PM,252,252,0,03/03/2026 01:32:25 PM,FRZ-0-67-0,03/03/2026 01:32:26 PM,,05/30/2026,12,252,UAA-146727,UAA102A030326,03/03/2026 01:32:25 PM,,bbumhopkinsuaa,bbumhopkinsuaa,9 Day Expiry Rule,03/03/2026,0
IBUAA1056198,Located,="72561",GV WHITE HOT DOG BUNS 8P 11Z,03/03/2026 01:34:21 PM,252,252,0,03/03/2026 01:33:04 PM,FRZ-0-67-0,03/03/2026 01:33:04 PM,,05/30/2026,12,252,UAA-146727,UAA102A030326,03/03/2026 01:33:04 PM,,bbumhopkinsuaa,bbumhopkinsuaa,9 Day Expiry Rule,03/03/2026,0
IBUAA1056200,Located,="72561",GV WHITE HOT DOG BUNS 8P 11Z,03/03/2026 01:38:25 PM,252,252,0,03/03/2026 01:35:53 PM,FRZ-0-67-0,03/03/2026 01:35:54 PM,,05/30/2026,12,252,UAA-146727,UAA102A030326,03/03/2026 01:35:53 PM,,bbumhopkinsuaa,bbuscobbuaa,9 Day Expiry Rule,03/03/2026,0
IBUAA1056201,Located,="72561",GV WHITE HOT DOG BUNS 8P 11Z,03/03/2026 01:38:25 PM,252,252,0,03/03/2026 01:35:57 PM,FRZ-0-67-0,03/03/2026 01:35:58 PM,,05/30/2026,12,252,UAA-146727,UAA102A030326,03/03/2026 01:35:57 PM,,bbumhopkinsuaa,bbuscobbuaa,9 Day Expiry Rule,03/03/2026,0
IBUAA1056109,Located,="72561",GV WHITE HOT DOG BUNS 8P 11Z,03/03/2026 01:50:01 PM,252,252,0,03/03/2026 01:39:49 PM,FRZ-0-67-0,03/03/2026 01:47:44 PM,,05/30/2026,12,252,UAA-146727,UAA102A030326,03/03/2026 01:39:49 PM,,bbumhopkinsuaa,bbumhopkinsuaa,9 Day Expiry Rule,03/03/2026,0
IBUAA1056110,Located,="72561",GV WHITE HOT DOG BUNS 8P 11Z,03/03/2026 01:49:54 PM,252,252,0,03/03/2026 01:39:52 PM,FRZ-0-67-0,03/03/2026 01:47:45 PM,,05/30/2026,12,252,UAA-146727,UAA102A030326,03/03/2026 01:39:52 PM,,bbumhopkinsuaa,bbumhopkinsuaa,9 Day Expiry Rule,03/03/2026,0
IBUAA1056111,Located,="72561",GV WHITE HOT DOG BUNS 8P 11Z,03/03/2026 01:49:45 PM,252,252,0,03/03/2026 01:39:57 PM,FRZ-0-67-0,03/03/2026 01:47:45 PM,,05/30/2026,12,252,UAA-146727,UAA102A030326,03/03/2026 01:39:57 PM,,bbumhopkinsuaa,bbumhopkinsuaa,9 Day Expiry Rule,03/03/2026,0
IBUAA1056212,Located,="72561",GV WHITE HOT DOG BUNS 8P 11Z,03/03/2026 01:51:45 PM,252,252,0,03/03/2026 01:40:01 PM,FRZ-0-67-0,03/03/2026 01:51:31 PM,,05/30/2026,12,252,UAA-146727,UAA102A030326,03/03/2026 01:40:01 PM,,bbumhopkinsuaa,bbumhopkinsuaa,9 Day Expiry Rule,03/03/2026,0
IBUAA1056147,Located,="72561",GV WHITE HOT DOG BUNS 8P 11Z,03/03/2026 01:48:05 PM,252,252,0,03/03/2026 01:43:48 PM,FRZ-0-67-0,03/03/2026 01:47:44 PM,,05/30/2026,12,252,UAA-146727,UAA102A030326,03/03/2026 01:43:48 PM,,bbumhopkinsuaa,bburastorgauaa,9 Day Expiry Rule,03/03/2026,0
IBUAA1056148,Located,="72561",GV WHITE HOT DOG BUNS 8P 11Z,03/03/2026 01:48:05 PM,252,252,0,03/03/2026 01:43:52 PM,FRZ-0-67-0,03/03/2026 01:47:44 PM,,05/30/2026,12,252,UAA-146727,UAA102A030326,03/03/2026 01:43:52 PM,,bbumhopkinsuaa,bburastorgauaa,9 Day Expiry Rule,03/03/2026,0
IBUAA1056149,Located,="72561",GV WHITE HOT DOG BUNS 8P 11Z,03/03/2026 02:05:04 PM,252,252,0,03/03/2026 01:43:55 PM,FRZ-0-67-0,03/03/2026 01:47:46 PM,,05/30/2026,12,252,UAA-146727,UAA102A030326,03/03/2026 01:43:55 PM,,bbumhopkinsuaa,bbumhopkinsuaa,9 Day Expiry Rule,03/03/2026,0
IBUAA1056150,Located,="72561",GV WHITE HOT DOG BUNS 8P 11Z,03/03/2026 01:44:54 PM,252,252,0,03/03/2026 01:43:58 PM,FRZ-0-67-0,03/03/2026 01:43:59 PM,,05/30/2026,12,252,UAA-146727,UAA102A030326,03/03/2026 01:43:58 PM,,bbumhopkinsuaa,bbumhopkinsuaa,9 Day Expiry Rule,03/03/2026,0
IBUAA1056203,Located,="72561",GV WHITE HOT DOG BUNS 8P 11Z,03/03/2026 01:54:40 PM,252,252,0,03/03/2026 01:44:53 PM,FRZ-0-67-0,03/03/2026 01:44:55 PM,,05/30/2026,12,252,UAA-146727,UAA102A030326,03/03/2026 01:44:53 PM,,bburastorgauaa,bbumhopkinsuaa,9 Day Expiry Rule,03/03/2026,0
IBUAA1056210,Located,="72561",GV WHITE HOT DOG BUNS 8P 11Z,03/03/2026 02:07:20 PM,252,252,0,03/03/2026 02:01:48 PM,FRZ-0-67-0,03/03/2026 02:01:49 PM,,05/30/2026,12,252,UAA-146727,UAA102A030326,03/03/2026 02:01:48 PM,,bburastorgauaa,bburastorgauaa,9 Day Expiry Rule,03/03/2026,0
IBUAA1056151,Located,="72561",GV WHITE HOT DOG BUNS 8P 11Z,03/03/2026 02:05:04 PM,252,252,0,03/03/2026 02:03:31 PM,FRZ-0-67-0,03/03/2026 02:03:34 PM,,05/30/2026,12,252,UAA-146727,UAA102A030326,03/03/2026 02:03:31 PM,,bbumhopkinsuaa,bbumhopkinsuaa,9 Day Expiry Rule,03/03/2026,0
IBUAA1056211,Located,="72561",GV WHITE HOT DOG BUNS 8P 11Z,03/03/2026 02:07:20 PM,252,252,0,03/03/2026 02:04:07 PM,FRZ-0-67-0,03/03/2026 02:04:08 PM,,05/30/2026,12,252,UAA-146727,UAA102A030326,03/03/2026 02:04:07 PM,,bburastorgauaa,bburastorgauaa,9 Day Expiry Rule,03/03/2026,0
IBUAA1056253,Located,="72561",GV WHITE HOT DOG BUNS 8P 11Z,03/03/2026 02:10:33 PM,252,252,0,03/03/2026 02:07:44 PM,FRZ-0-67-0,03/03/2026 02:07:45 PM,,05/30/2026,12,252,UAA-146727,UAA102A030326,03/03/2026 02:07:44 PM,,bbumhopkinsuaa,bbumhopkinsuaa,9 Day Expiry Rule,03/03/2026,0
IBUAA1056276,Located,="72561",GV WHITE HOT DOG BUNS 8P 11Z,03/03/2026 02:12:31 PM,252,252,0,03/03/2026 02:10:57 PM,FRZ-0-67-0,03/03/2026 02:10:58 PM,,05/30/2026,12,252,UAA-146727,UAA102A030326,03/03/2026 02:10:57 PM,,bburastorgauaa,bburastorgauaa,9 Day Expiry Rule,03/03/2026,0
IBUAA1056254,Located,="72561",GV WHITE HOT DOG BUNS 8P 11Z,03/03/2026 02:14:31 PM,252,252,0,03/03/2026 02:12:59 PM,FRZ-0-67-0,03/03/2026 02:13:00 PM,,05/30/2026,12,252,UAA-146727,UAA102A030326,03/03/2026 02:12:59 PM,,bbumhopkinsuaa,bbumhopkinsuaa,9 Day Expiry Rule,03/03/2026,0
IBUAA1056280,Located,="72561",GV WHITE HOT DOG BUNS 8P 11Z,03/03/2026 02:21:35 PM,252,252,0,03/03/2026 02:14:20 PM,FRZ-0-67-0,03/03/2026 02:14:21 PM,,05/30/2026,12,252,UAA-146727,UAA102A030326,03/03/2026 02:14:20 PM,,bburastorgauaa,bburastorgauaa,9 Day Expiry Rule,03/03/2026,0
IBUAA1056282,Located,="72561",GV WHITE HOT DOG BUNS 8P 11Z,03/03/2026 02:21:34 PM,252,252,0,03/03/2026 02:16:22 PM,FRZ-0-67-0,03/03/2026 02:16:23 PM,,05/30/2026,12,252,UAA-146727,UAA102A030326,03/03/2026 02:16:22 PM,,bburastorgauaa,bburastorgauaa,9 Day Expiry Rule,03/03/2026,0
IBUAA1056285,Located,="72561",GV WHITE HOT DOG BUNS 8P 11Z,03/03/2026 03:03:07 PM,252,252,0,03/03/2026 02:23:16 PM,FRZ-0-67-0,03/03/2026 02:23:17 PM,,05/30/2026,12,252,UAA-146727,UAA102A030326,03/03/2026 02:23:16 PM,,bburastorgauaa,bbumkentgenuaa,9 Day Expiry Rule,03/03/2026,0
IBUAA1056286,Located,="72561",GV WHITE HOT DOG BUNS 8P 11Z,03/03/2026 03:03:07 PM,252,252,0,03/03/2026 02:23:26 PM,FRZ-0-67-0,03/03/2026 02:23:27 PM,,05/30/2026,12,252,UAA-146727,UAA102A030326,03/03/2026 02:23:26 PM,,bburastorgauaa,bbumkentgenuaa,9 Day Expiry Rule,03/03/2026,0
IBUAA1056288,Located,="72561",GV WHITE HOT DOG BUNS 8P 11Z,03/03/2026 02:30:16 PM,252,252,0,03/03/2026 02:27:08 PM,FRZ-0-67-0,03/03/2026 02:27:09 PM,,05/30/2026,12,252,UAA-146727,UAA102A030326,03/03/2026 02:27:08 PM,,bburastorgauaa,bburastorgauaa,9 Day Expiry Rule,03/03/2026,0
IBUAA1056289,Located,="72561",GV WHITE HOT DOG BUNS 8P 11Z,03/03/2026 02:34:37 PM,252,252,0,03/03/2026 02:27:23 PM,FRZ-0-67-0,03/03/2026 02:27:24 PM,,05/30/2026,12,252,UAA-146727,UAA102A030326,03/03/2026 02:27:23 PM,,bburastorgauaa,bburastorgauaa,9 Day Expiry Rule,03/03/2026,0
IBUAA1056290,Located,="72561",GV WHITE HOT DOG BUNS 8P 11Z,03/03/2026 02:30:16 PM,252,252,0,03/03/2026 02:27:50 PM,FRZ-0-67-0,03/03/2026 02:27:51 PM,,05/30/2026,12,252,UAA-146727,UAA102A030326,03/03/2026 02:27:50 PM,,bburastorgauaa,bburastorgauaa,9 Day Expiry Rule,03/03/2026,0
IBUAA1056295,Located,="72561",GV WHITE HOT DOG BUNS 8P 11Z,03/03/2026 02:34:37 PM,252,252,0,03/03/2026 02:31:32 PM,FRZ-0-67-0,03/03/2026 02:31:33 PM,,05/30/2026,12,252,UAA-146727,UAA102A030326,03/03/2026 02:31:32 PM,,bburastorgauaa,bburastorgauaa,9 Day Expiry Rule,03/03/2026,0
IBUAA1056296,Located,="72561",GV WHITE HOT DOG BUNS 8P 11Z,03/03/2026 02:34:37 PM,252,252,0,03/03/2026 02:32:03 PM,FRZ-0-67-0,03/03/2026 02:32:04 PM,,05/30/2026,12,252,UAA-146727,UAA102A030326,03/03/2026 02:32:03 PM,,bburastorgauaa,bburastorgauaa,9 Day Expiry Rule,03/03/2026,0
IBUAA1057718,Located,="76925",SL RS WHITE HOT DOG BUNS 16P 28Z,03/04/2026 09:35:34 AM,105,105,0,03/04/2026 08:55:20 AM,FRZ-0-68-0,03/04/2026 08:55:39 AM,,06/08/2026,5,105,UAA-146846,UAA102A030426,03/04/2026 08:55:20 AM,,bbumkentgenuaa,bbuwoakesuaa,12 Day Expiry Rule,03/04/2026,0
IBUAA1057719,Located,="76925",SL RS WHITE HOT DOG BUNS 16P 28Z,03/04/2026 09:35:34 AM,105,105,0,03/04/2026 09:33:15 AM,FRZ-0-68-0,03/04/2026 09:33:17 AM,,06/08/2026,5,105,UAA-146846,UAA102A030426,03/04/2026 09:33:15 AM,,bbuwoakesuaa,bbuwoakesuaa,12 Day Expiry Rule,03/04/2026,0
IBUAA1057720,Located,="76925",SL RS WHITE HOT DOG BUNS 16P 28Z,03/04/2026 09:37:46 AM,105,105,0,03/04/2026 09:34:53 AM,FRZ-0-68-0,03/04/2026 09:34:55 AM,,06/08/2026,5,105,UAA-146846,UAA102A030426,03/04/2026 09:34:53 AM,,bbujcolvinuaa,bbuwoakesuaa,12 Day Expiry Rule,03/04/2026,0
IBUAA1057721,Located,="76925",SL RS WHITE HOT DOG BUNS 16P 28Z,03/04/2026 09:37:50 AM,105,105,0,03/04/2026 09:35:36 AM,FRZ-0-68-0,03/04/2026 09:35:37 AM,,06/08/2026,5,105,UAA-146846,UAA102A030426,03/04/2026 09:35:36 AM,,bbujcolvinuaa,bbushunteruaa,12 Day Expiry Rule,03/04/2026,0
IBUAA1057776,Located,="76925",SL RS WHITE HOT DOG BUNS 16P 28Z,03/04/2026 09:43:23 AM,105,105,0,03/04/2026 09:41:37 AM,FRZ-0-68-0,03/04/2026 09:41:39 AM,,06/08/2026,5,105,UAA-146846,UAA102A030426,03/04/2026 09:41:37 AM,,bbushunteruaa,bbushunteruaa,12 Day Expiry Rule,03/04/2026,0
IBUAA1057777,Located,="76925",SL RS WHITE HOT DOG BUNS 16P 28Z,03/04/2026 09:43:23 AM,105,105,0,03/04/2026 09:41:46 AM,FRZ-0-68-0,03/04/2026 09:41:47 AM,,06/08/2026,5,105,UAA-146846,UAA102A030426,03/04/2026 09:41:46 AM,,bbushunteruaa,bbushunteruaa,12 Day Expiry Rule,03/04/2026,0
IBUAA1057778,Located,="76925",SL RS WHITE HOT DOG BUNS 16P 28Z,03/04/2026 09:43:22 AM,105,105,0,03/04/2026 09:41:57 AM,FRZ-0-68-0,03/04/2026 09:41:57 AM,,06/08/2026,5,105,UAA-146846,UAA102A030426,03/04/2026 09:41:57 AM,,bbushunteruaa,bbushunteruaa,12 Day Expiry Rule,03/04/2026,0
IBUAA1057779,Located,="76925",SL RS WHITE HOT DOG BUNS 16P 28Z,03/04/2026 09:43:22 AM,105,105,0,03/04/2026 09:42:03 AM,FRZ-0-68-0,03/04/2026 09:42:04 AM,,06/08/2026,5,105,UAA-146846,UAA102A030426,03/04/2026 09:42:03 AM,,bbushunteruaa,bbushunteruaa,12 Day Expiry Rule,03/04/2026,0
IBUAA1057780,Located,="76925",SL RS WHITE HOT DOG BUNS 16P 28Z,03/04/2026 09:48:17 AM,105,105,0,03/04/2026 09:46:05 AM,FRZ-0-68-0,03/04/2026 09:46:06 AM,,06/08/2026,5,105,UAA-146846,UAA102A030426,03/04/2026 09:46:05 AM,,bbushunteruaa,bbushunteruaa,12 Day Expiry Rule,03/04/2026,0
IBUAA1057781,Located,="76925",SL RS WHITE HOT DOG BUNS 16P 28Z,03/04/2026 09:48:17 AM,105,105,0,03/04/2026 09:46:14 AM,FRZ-0-68-0,03/04/2026 09:46:15 AM,,06/08/2026,5,105,UAA-146846,UAA102A030426,03/04/2026 09:46:14 AM,,bbushunteruaa,bbushunteruaa,12 Day Expiry Rule,03/04/2026,0
IBUAA1057782,Located,="76925",SL RS WHITE HOT DOG BUNS 16P 28Z,03/04/2026 09:48:17 AM,105,105,0,03/04/2026 09:46:20 AM,FRZ-0-68-0,03/04/2026 09:46:20 AM,,06/08/2026,5,105,UAA-146846,UAA102A030426,03/04/2026 09:46:20 AM,,bbushunteruaa,bbushunteruaa,12 Day Expiry Rule,03/04/2026,0
IBUAA1057783,Located,="76925",SL RS WHITE HOT DOG BUNS 16P 28Z,03/04/2026 09:48:16 AM,105,105,0,03/04/2026 09:46:27 AM,FRZ-0-68-0,03/04/2026 09:46:28 AM,,06/08/2026,5,105,UAA-146846,UAA102A030426,03/04/2026 09:46:27 AM,,bbushunteruaa,bbushunteruaa,12 Day Expiry Rule,03/04/2026,0
IBUAA1057784,Located,="76925",SL RS WHITE HOT DOG BUNS 16P 28Z,03/04/2026 09:53:26 AM,105,105,0,03/04/2026 09:49:47 AM,FRZ-0-68-0,03/04/2026 09:49:48 AM,,06/08/2026,5,105,UAA-146846,UAA102A030426,03/04/2026 09:49:47 AM,,bbushunteruaa,bbushunteruaa,12 Day Expiry Rule,03/04/2026,0
IBUAA1057785,Located,="76925",SL RS WHITE HOT DOG BUNS 16P 28Z,03/04/2026 09:53:26 AM,105,105,0,03/04/2026 09:49:56 AM,FRZ-0-68-0,03/04/2026 09:49:57 AM,,06/08/2026,5,105,UAA-146846,UAA102A030426,03/04/2026 09:49:56 AM,,bbushunteruaa,bbushunteruaa,12 Day Expiry Rule,03/04/2026,0
IBUAA1057786,Located,="76925",SL RS WHITE HOT DOG BUNS 16P 28Z,03/04/2026 09:53:26 AM,105,105,0,03/04/2026 09:50:02 AM,FRZ-0-68-0,03/04/2026 09:50:03 AM,,06/08/2026,5,105,UAA-146846,UAA102A030426,03/04/2026 09:50:02 AM,,bbushunteruaa,bbushunteruaa,12 Day Expiry Rule,03/04/2026,0
IBUAA1057787,Located,="76925",SL RS WHITE HOT DOG BUNS 16P 28Z,03/04/2026 09:53:26 AM,105,105,0,03/04/2026 09:50:11 AM,FRZ-0-68-0,03/04/2026 09:50:12 AM,,06/08/2026,5,105,UAA-146846,UAA102A030426,03/04/2026 09:50:11 AM,,bbushunteruaa,bbushunteruaa,12 Day Expiry Rule,03/04/2026,0
IBUAA1057795,Located,="76925",SL RS WHITE HOT DOG BUNS 16P 28Z,03/04/2026 09:53:35 AM,105,105,0,03/04/2026 09:52:53 AM,FRZ-0-68-0,03/04/2026 09:52:55 AM,,06/08/2026,5,105,UAA-146846,UAA102A030426,03/04/2026 09:52:53 AM,,bbuwoakesuaa,bbushunteruaa,12 Day Expiry Rule,03/04/2026,0
IBUAA1057723,Located,="76925",SL RS WHITE HOT DOG BUNS 16P 28Z,03/04/2026 10:03:01 AM,105,105,0,03/04/2026 10:01:06 AM,FRZ-0-68-0,03/04/2026 10:01:07 AM,,06/08/2026,5,105,UAA-146846,UAA102A030426,03/04/2026 10:01:06 AM,,bbukhilluaa,bbukhilluaa,12 Day Expiry Rule,03/04/2026,0
IBUAA1057820,Located,="76925",SL RS WHITE HOT DOG BUNS 16P 28Z,03/04/2026 10:04:24 AM,105,105,0,03/04/2026 10:02:33 AM,FRZ-0-68-0,03/04/2026 10:02:35 AM,,06/08/2026,5,105,UAA-146846,UAA102A030426,03/04/2026 10:02:33 AM,,bbuwoakesuaa,bbuwoakesuaa,12 Day Expiry Rule,03/04/2026,0
IBUAA1057821,Located,="76925",SL RS WHITE HOT DOG BUNS 16P 28Z,03/04/2026 10:04:24 AM,105,105,0,03/04/2026 10:02:38 AM,FRZ-0-68-0,03/04/2026 10:02:39 AM,,06/08/2026,5,105,UAA-146846,UAA102A030426,03/04/2026 10:02:38 AM,,bbuwoakesuaa,bbuwoakesuaa,12 Day Expiry Rule,03/04/2026,0
IBUAA1057725,Located,="76925",SL RS WHITE HOT DOG BUNS 16P 28Z,03/04/2026 10:06:05 AM,105,105,0,03/04/2026 10:04:46 AM,FRZ-0-68-0,03/04/2026 10:04:47 AM,,06/08/2026,5,105,UAA-146846,UAA102A030426,03/04/2026 10:04:46 AM,,bbukhilluaa,bbukhilluaa,12 Day Expiry Rule,03/04/2026,0
IBUAA1057726,Located,="76925",SL RS WHITE HOT DOG BUNS 16P 28Z,03/04/2026 10:08:36 AM,105,105,0,03/04/2026 10:07:25 AM,FRZ-0-68-0,03/04/2026 10:07:27 AM,,06/08/2026,5,105,UAA-146846,UAA102A030426,03/04/2026 10:07:25 AM,,bbukhilluaa,bbukhilluaa,12 Day Expiry Rule,03/04/2026,0
IBUAA1057728,Located,="76925",SL RS WHITE HOT DOG BUNS 16P 28Z,03/04/2026 10:11:29 AM,105,105,0,03/04/2026 10:10:21 AM,FRZ-0-68-0,03/04/2026 10:10:22 AM,,06/08/2026,5,105,UAA-146846,UAA102A030426,03/04/2026 10:10:21 AM,,bbukhilluaa,bbukhilluaa,12 Day Expiry Rule,03/04/2026,0
IBUAA1057788,Located,="76925",SL RS WHITE HOT DOG BUNS 16P 28Z,03/04/2026 10:14:02 AM,105,105,0,03/04/2026 10:11:29 AM,FRZ-0-68-0,03/04/2026 10:11:32 AM,,06/08/2026,5,105,UAA-146846,UAA102A030426,03/04/2026 10:11:29 AM,,bbujcolvinuaa,bbujcolvinuaa,12 Day Expiry Rule,03/04/2026,0
IBUAA1057789,Located,="76925",SL RS WHITE HOT DOG BUNS 16P 28Z,03/04/2026 10:15:49 AM,105,105,0,03/04/2026 10:13:40 AM,FRZ-0-68-0,03/04/2026 10:13:42 AM,,06/08/2026,5,105,UAA-146846,UAA102A030426,03/04/2026 10:13:40 AM,,bbukhilluaa,bbukhilluaa,12 Day Expiry Rule,03/04/2026,0
IBUAA1057790,Located,="76925",SL RS WHITE HOT DOG BUNS 16P 28Z,03/04/2026 10:18:20 AM,105,105,0,03/04/2026 10:15:50 AM,FRZ-0-68-0,03/04/2026 10:15:51 AM,,06/08/2026,5,105,UAA-146846,UAA102A030426,03/04/2026 10:15:50 AM,,bbujcolvinuaa,bbujcolvinuaa,12 Day Expiry Rule,03/04/2026,0
IBUAA1057791,Located,="76925",SL RS WHITE HOT DOG BUNS 16P 28Z,03/04/2026 10:18:20 AM,105,105,0,03/04/2026 10:16:00 AM,FRZ-0-68-0,03/04/2026 10:16:01 AM,,06/08/2026,5,105,UAA-146846,UAA102A030426,03/04/2026 10:16:00 AM,,bbujcolvinuaa,bbujcolvinuaa,12 Day Expiry Rule,03/04/2026,0
IBUAA1057852,Located,="76925",SL RS WHITE HOT DOG BUNS 16P 28Z,03/04/2026 10:22:29 AM,105,105,0,03/04/2026 10:16:26 AM,FRZ-0-68-0,03/04/2026 10:16:27 AM,,06/08/2026,5,105,UAA-146846,UAA102A030426,03/04/2026 10:16:26 AM,,bbukhilluaa,bbukhilluaa,12 Day Expiry Rule,03/04/2026,0
IBUAA1057872,Located,="76925",SL RS WHITE HOT DOG BUNS 16P 28Z,03/04/2026 10:31:48 AM,105,105,0,03/04/2026 10:23:29 AM,FRZ-0-68-0,03/04/2026 10:23:31 AM,,06/08/2026,5,105,UAA-146846,UAA102A030426,03/04/2026 10:23:29 AM,,bbukhilluaa,bbukhilluaa,12 Day Expiry Rule,03/04/2026,0
IBUAA1057853,Located,="76925",SL RS WHITE HOT DOG BUNS 16P 28Z,03/04/2026 10:30:10 AM,105,105,0,03/04/2026 10:26:33 AM,FRZ-0-68-0,03/04/2026 10:26:34 AM,,06/08/2026,5,105,UAA-146846,UAA102A030426,03/04/2026 10:26:33 AM,,bbujcolvinuaa,bbujcolvinuaa,12 Day Expiry Rule,03/04/2026,0
IBUAA1057854,Located,="76925",SL RS WHITE HOT DOG BUNS 16P 28Z,03/04/2026 10:30:10 AM,105,105,0,03/04/2026 10:26:41 AM,FRZ-0-68-0,03/04/2026 10:26:42 AM,,06/08/2026,5,105,UAA-146846,UAA102A030426,03/04/2026 10:26:41 AM,,bbujcolvinuaa,bbujcolvinuaa,12 Day Expiry Rule,03/04/2026,0
IBUAA1057873,Located,="76925",SL RS WHITE HOT DOG BUNS 16P 28Z,03/04/2026 10:31:48 AM,105,105,0,03/04/2026 10:28:54 AM,FRZ-0-68-0,03/04/2026 10:28:54 AM,,06/08/2026,5,105,UAA-146846,UAA102A030426,03/04/2026 10:28:54 AM,,bbukhilluaa,bbukhilluaa,12 Day Expiry Rule,03/04/2026,0
IBUAA1057874,Located,="76925",SL RS WHITE HOT DOG BUNS 16P 28Z,03/04/2026 10:34:53 AM,105,105,0,03/04/2026 10:33:14 AM,FRZ-0-68-0,03/04/2026 10:33:14 AM,,06/08/2026,5,105,UAA-146846,UAA102A030426,03/04/2026 10:33:14 AM,,bbukhilluaa,bbukhilluaa,12 Day Expiry Rule,03/04/2026,0
IBUAA1057855,Located,="76925",SL RS WHITE HOT DOG BUNS 16P 28Z,03/04/2026 10:37:37 AM,105,105,0,03/04/2026 10:33:25 AM,FRZ-0-68-0,03/04/2026 10:33:26 AM,,06/08/2026,5,105,UAA-146846,UAA102A030426,03/04/2026 10:33:25 AM,,bbujcolvinuaa,bbujcolvinuaa,12 Day Expiry Rule,03/04/2026,0
IBUAA1057856,Located,="76925",SL RS WHITE HOT DOG BUNS 16P 28Z,03/04/2026 10:37:37 AM,105,105,0,03/04/2026 10:33:36 AM,FRZ-0-68-0,03/04/2026 10:33:37 AM,,06/08/2026,5,105,UAA-146846,UAA102A030426,03/04/2026 10:33:36 AM,,bbujcolvinuaa,bbujcolvinuaa,12 Day Expiry Rule,03/04/2026,0
IBUAA1057875,Located,="76925",SL RS WHITE HOT DOG BUNS 16P 28Z,03/04/2026 10:37:32 AM,105,105,0,03/04/2026 10:36:18 AM,FRZ-0-68-0,03/04/2026 10:36:19 AM,,06/08/2026,5,105,UAA-146846,UAA102A030426,03/04/2026 10:36:18 AM,,bbukhilluaa,bbukhilluaa,12 Day Expiry Rule,03/04/2026,0
IBUAA1057829,Located,="76925",SL RS WHITE HOT DOG BUNS 16P 28Z,03/04/2026 10:40:09 AM,105,105,0,03/04/2026 10:38:35 AM,FRZ-0-68-0,03/04/2026 10:38:37 AM,,06/08/2026,5,105,UAA-146846,UAA102A030426,03/04/2026 10:38:35 AM,,bbukhilluaa,bbukhilluaa,12 Day Expiry Rule,03/04/2026,0
IBUAA1057831,Located,="76925",SL RS WHITE HOT DOG BUNS 16P 28Z,03/04/2026 10:47:40 AM,105,105,0,03/04/2026 10:45:57 AM,FRZ-0-68-0,03/04/2026 10:45:58 AM,,06/08/2026,5,105,UAA-146846,UAA102A030426,03/04/2026 10:45:57 AM,,bbukhilluaa,bbukhilluaa,12 Day Expiry Rule,03/04/2026,0
IBUAA1057859,Located,="76925",SL RS WHITE HOT DOG BUNS 16P 28Z,03/04/2026 10:49:52 AM,105,105,0,03/04/2026 10:46:35 AM,FRZ-0-68-0,03/04/2026 10:46:35 AM,,06/08/2026,5,105,UAA-146846,UAA102A030426,03/04/2026 10:46:35 AM,,bbujcolvinuaa,bbujcolvinuaa,12 Day Expiry Rule,03/04/2026,0
IBUAA1057860,Located,="76925",SL RS WHITE HOT DOG BUNS 16P 28Z,03/04/2026 10:49:52 AM,105,105,0,03/04/2026 10:46:44 AM,FRZ-0-68-0,03/04/2026 10:46:45 AM,,06/08/2026,5,105,UAA-146846,UAA102A030426,03/04/2026 10:46:44 AM,,bbujcolvinuaa,bbujcolvinuaa,12 Day Expiry Rule,03/04/2026,0
IBUAA1057892,Located,="76925",SL RS WHITE HOT DOG BUNS 16P 28Z,03/04/2026 10:51:53 AM,105,105,0,03/04/2026 10:48:33 AM,FRZ-0-68-0,03/04/2026 10:48:34 AM,,06/08/2026,5,105,UAA-146846,UAA102A030426,03/04/2026 10:48:33 AM,,bbukhilluaa,bbukhilluaa,12 Day Expiry Rule,03/04/2026,0
IBUAA1057861,Located,="76925",SL RS WHITE HOT DOG BUNS 16P 28Z,03/04/2026 10:54:02 AM,105,105,0,03/04/2026 10:52:33 AM,FRZ-0-68-0,03/04/2026 10:52:34 AM,,06/08/2026,5,105,UAA-146846,UAA102A030426,03/04/2026 10:52:33 AM,,bbujcolvinuaa,bbujcolvinuaa,12 Day Expiry Rule,03/04/2026,0
IBUAA1057893,Located,="76925",SL RS WHITE HOT DOG BUNS 16P 28Z,03/04/2026 10:55:22 AM,105,105,0,03/04/2026 10:54:03 AM,FRZ-0-68-0,03/04/2026 10:54:05 AM,,06/08/2026,5,105,UAA-146846,UAA102A030426,03/04/2026 10:54:03 AM,,bbukhilluaa,bbukhilluaa,12 Day Expiry Rule,03/04/2026,0
IBUAA1057862,Located,="76925",SL RS WHITE HOT DOG BUNS 16P 28Z,03/04/2026 11:02:29 AM,105,105,0,03/04/2026 10:59:57 AM,FRZ-0-68-0,03/04/2026 10:59:58 AM,,06/08/2026,5,105,UAA-146846,UAA102A030426,03/04/2026 10:59:57 AM,,bbujcolvinuaa,bbujcolvinuaa,12 Day Expiry Rule,03/04/2026,0
IBUAA1057863,Located,="76925",SL RS WHITE HOT DOG BUNS 16P 28Z,03/04/2026 11:02:28 AM,105,105,0,03/04/2026 11:00:03 AM,FRZ-0-68-0,03/04/2026 11:00:04 AM,,06/08/2026,5,105,UAA-146846,UAA102A030426,03/04/2026 11:00:03 AM,,bbujcolvinuaa,bbujcolvinuaa,12 Day Expiry Rule,03/04/2026,0
IBUAA1057912,Located,="76925",SL RS WHITE HOT DOG BUNS 16P 28Z,03/04/2026 11:01:15 AM,105,105,0,03/04/2026 11:00:09 AM,FRZ-0-68-0,03/04/2026 11:00:11 AM,,06/08/2026,5,105,UAA-146846,UAA102A030426,03/04/2026 11:00:09 AM,,bbukhilluaa,bbukhilluaa,12 Day Expiry Rule,03/04/2026,0
IBUAA1057913,Located,="76925",SL RS WHITE HOT DOG BUNS 16P 28Z,03/04/2026 11:03:46 AM,105,105,0,03/04/2026 11:02:13 AM,FRZ-0-68-0,03/04/2026 11:02:18 AM,,06/08/2026,5,105,UAA-146846,UAA102A030426,03/04/2026 11:02:13 AM,,bbukhilluaa,bbukhilluaa,12 Day Expiry Rule,03/04/2026,0
IBUAA1057932,Located,="76925",SL RS WHITE HOT DOG BUNS 16P 28Z,03/04/2026 11:07:51 AM,105,105,0,03/04/2026 11:05:00 AM,FRZ-0-68-0,03/04/2026 11:05:01 AM,,06/08/2026,5,105,UAA-146846,UAA102A030426,03/04/2026 11:05:00 AM,,bbujcolvinuaa,bbujcolvinuaa,12 Day Expiry Rule,03/04/2026,0
IBUAA1057933,Located,="76925",SL RS WHITE HOT DOG BUNS 16P 28Z,03/04/2026 11:07:51 AM,105,105,0,03/04/2026 11:05:28 AM,FRZ-0-68-0,03/04/2026 11:05:29 AM,,06/08/2026,5,105,UAA-146846,UAA102A030426,03/04/2026 11:05:28 AM,,bbujcolvinuaa,bbujcolvinuaa,12 Day Expiry Rule,03/04/2026,0
IBUAA1057914,Located,="76925",SL RS WHITE HOT DOG BUNS 16P 28Z,03/04/2026 11:09:39 AM,105,105,0,03/04/2026 11:06:27 AM,FRZ-0-68-0,03/04/2026 11:06:28 AM,,06/08/2026,5,105,UAA-146846,UAA102A030426,03/04/2026 11:06:27 AM,,bbukhilluaa,bbukhilluaa,12 Day Expiry Rule,03/04/2026,0
IBUAA1057915,Located,="76925",SL RS WHITE HOT DOG BUNS 16P 28Z,03/04/2026 11:09:38 AM,105,105,0,03/04/2026 11:06:33 AM,FRZ-0-68-0,03/04/2026 11:06:38 AM,,06/08/2026,5,105,UAA-146846,UAA102A030426,03/04/2026 11:06:33 AM,,bbukhilluaa,bbukhilluaa,12 Day Expiry Rule,03/04/2026,0
IBUAA1057934,Located,="76925",SL RS WHITE HOT DOG BUNS 16P 28Z,03/04/2026 11:14:27 AM,105,105,0,03/04/2026 11:12:04 AM,FRZ-0-68-0,03/04/2026 11:12:05 AM,,06/08/2026,5,105,UAA-146846,UAA102A030426,03/04/2026 11:12:04 AM,,bbujcolvinuaa,bbujcolvinuaa,12 Day Expiry Rule,03/04/2026,0
IBUAA1057878,Located,="76925",SL RS WHITE HOT DOG BUNS 16P 28Z,03/04/2026 11:15:51 AM,105,105,0,03/04/2026 11:13:15 AM,FRZ-0-68-0,03/04/2026 11:13:17 AM,,06/08/2026,5,105,UAA-146846,UAA102A030426,03/04/2026 11:13:15 AM,,bbukhilluaa,bbukhilluaa,12 Day Expiry Rule,03/04/2026,0
IBUAA1057936,Located,="76925",SL RS WHITE HOT DOG BUNS 16P 28Z,03/04/2026 11:18:57 AM,105,105,0,03/04/2026 11:17:26 AM,FRZ-0-68-0,03/04/2026 11:17:27 AM,,06/08/2026,5,105,UAA-146846,UAA102A030426,03/04/2026 11:17:26 AM,,bbujcolvinuaa,bbujcolvinuaa,12 Day Expiry Rule,03/04/2026,0
IBUAA1057880,Located,="76925",SL RS WHITE HOT DOG BUNS 16P 28Z,03/04/2026 11:24:47 AM,105,105,0,03/04/2026 11:22:23 AM,FRZ-0-68-0,03/04/2026 11:22:25 AM,,06/08/2026,5,105,UAA-146846,UAA102A030426,03/04/2026 11:22:23 AM,,bbukhilluaa,bbukhilluaa,12 Day Expiry Rule,03/04/2026,0
IBUAA1057920,Located,="76925",SL RS WHITE HOT DOG BUNS 16P 28Z,03/04/2026 11:27:31 AM,105,105,0,03/04/2026 11:26:13 AM,FRZ-0-68-0,03/04/2026 11:26:15 AM,,06/08/2026,5,105,UAA-146846,UAA102A030426,03/04/2026 11:26:13 AM,,bbukhilluaa,bbukhilluaa,12 Day Expiry Rule,03/04/2026,0
IBUAA1057937,Located,="76925",SL RS WHITE HOT DOG BUNS 16P 28Z,03/04/2026 11:28:34 AM,105,105,0,03/04/2026 11:27:26 AM,FRZ-0-68-0,03/04/2026 11:27:27 AM,,06/08/2026,5,105,UAA-146846,UAA102A030426,03/04/2026 11:27:26 AM,,bbujcolvinuaa,bbujcolvinuaa,12 Day Expiry Rule,03/04/2026,0
IBUAA1057939,Located,="76925",SL RS WHITE HOT DOG BUNS 16P 28Z,03/04/2026 11:33:22 AM,105,105,0,03/04/2026 11:30:51 AM,FRZ-0-68-0,03/04/2026 11:30:52 AM,,06/08/2026,5,105,UAA-146846,UAA102A030426,03/04/2026 11:30:51 AM,,bbujcolvinuaa,bbujcolvinuaa,12 Day Expiry Rule,03/04/2026,0
IBUAA1057924,Located,="76925",SL RS WHITE HOT DOG BUNS 16P 28Z,03/04/2026 11:36:11 AM,105,105,0,03/04/2026 11:34:18 AM,FRZ-0-68-0,03/04/2026 11:34:19 AM,,06/08/2026,5,105,UAA-146846,UAA102A030426,03/04/2026 11:34:18 AM,,bbukhilluaa,bbujrecinosuaa,12 Day Expiry Rule,03/04/2026,0
IBUAA1057940,Located,="76925",SL RS WHITE HOT DOG BUNS 16P 28Z,03/04/2026 11:38:57 AM,105,105,0,03/04/2026 11:36:05 AM,FRZ-0-68-0,03/04/2026 11:36:06 AM,,06/08/2026,5,105,UAA-146846,UAA102A030426,03/04/2026 11:36:05 AM,,bbujcolvinuaa,bbujcolvinuaa,12 Day Expiry Rule,03/04/2026,0
IBUAA1057941,Located,="76925",SL RS WHITE HOT DOG BUNS 16P 28Z,03/04/2026 11:38:57 AM,105,105,0,03/04/2026 11:36:23 AM,FRZ-0-68-0,03/04/2026 11:36:24 AM,,06/08/2026,5,105,UAA-146846,UAA102A030426,03/04/2026 11:36:23 AM,,bbujcolvinuaa,bbujcolvinuaa,12 Day Expiry Rule,03/04/2026,0
IBUAA1057942,Located,="76925",SL RS WHITE HOT DOG BUNS 16P 28Z,03/04/2026 11:38:57 AM,105,105,0,03/04/2026 11:36:57 AM,FRZ-0-68-0,03/04/2026 11:36:57 AM,,06/08/2026,5,105,UAA-146846,UAA102A030426,03/04/2026 11:36:57 AM,,bbujcolvinuaa,bbujcolvinuaa,12 Day Expiry Rule,03/04/2026,0
IBUAA1057956,Located,="76925",SL RS WHITE HOT DOG BUNS 16P 28Z,03/04/2026 11:43:56 AM,105,105,0,03/04/2026 11:40:58 AM,FRZ-0-68-0,03/04/2026 11:41:33 AM,,06/08/2026,5,105,UAA-146846,UAA102A030426,03/04/2026 11:40:58 AM,,bbujrecinosuaa,bbujrecinosuaa,12 Day Expiry Rule,03/04/2026,0
IBUAA1057943,Located,="76925",SL RS WHITE HOT DOG BUNS 16P 28Z,03/04/2026 11:47:30 AM,105,105,0,03/04/2026 11:43:18 AM,FRZ-0-68-0,03/04/2026 11:43:19 AM,,06/08/2026,5,105,UAA-146846,UAA102A030426,03/04/2026 11:43:18 AM,,bbujcolvinuaa,bbujcolvinuaa,12 Day Expiry Rule,03/04/2026,0
IBUAA1057944,Located,="76925",SL RS WHITE HOT DOG BUNS 16P 28Z,03/04/2026 11:47:30 AM,105,105,0,03/04/2026 11:43:57 AM,FRZ-0-68-0,03/04/2026 11:43:58 AM,,06/08/2026,5,105,UAA-146846,UAA102A030426,03/04/2026 11:43:57 AM,,bbujcolvinuaa,bbujcolvinuaa,12 Day Expiry Rule,03/04/2026,0
IBUAA1057945,Located,="76925",SL RS WHITE HOT DOG BUNS 16P 28Z,03/04/2026 11:47:30 AM,105,105,0,03/04/2026 11:44:19 AM,FRZ-0-68-0,03/04/2026 11:44:20 AM,,06/08/2026,5,105,UAA-146846,UAA102A030426,03/04/2026 11:44:19 AM,,bbujcolvinuaa,bbujcolvinuaa,12 Day Expiry Rule,03/04/2026,0
IBUAA1057957,Located,="76925",SL RS WHITE HOT DOG BUNS 16P 28Z,03/04/2026 11:49:56 AM,105,105,0,03/04/2026 11:47:41 AM,FRZ-0-68-0,03/04/2026 11:47:42 AM,,06/08/2026,5,105,UAA-146846,UAA102A030426,03/04/2026 11:47:41 AM,,bbujrecinosuaa,bbujrecinosuaa,12 Day Expiry Rule,03/04/2026,0
IBUAA1057946,Located,="76925",SL RS WHITE HOT DOG BUNS 16P 28Z,03/04/2026 11:53:22 AM,105,105,0,03/04/2026 11:51:58 AM,FRZ-0-68-0,03/04/2026 11:51:59 AM,,06/08/2026,5,105,UAA-146846,UAA102A030426,03/04/2026 11:51:58 AM,,bbujcolvinuaa,bbujcolvinuaa,12 Day Expiry Rule,03/04/2026,0
IBUAA1057958,Located,="76925",SL RS WHITE HOT DOG BUNS 16P 28Z,03/04/2026 11:53:37 AM,105,105,0,03/04/2026 11:52:23 AM,FRZ-0-68-0,03/04/2026 11:52:24 AM,,06/08/2026,5,105,UAA-146846,UAA102A030426,03/04/2026 11:52:23 AM,,bbujrecinosuaa,bbujrecinosuaa,12 Day Expiry Rule,03/04/2026,0
IBUAA1057947,Located,="76925",SL RS WHITE HOT DOG BUNS 16P 28Z,03/04/2026 11:56:20 AM,105,105,0,03/04/2026 11:54:44 AM,FRZ-0-68-0,03/04/2026 11:54:45 AM,,06/08/2026,5,105,UAA-146846,UAA102A030426,03/04/2026 11:54:44 AM,,bbujcolvinuaa,bbujcolvinuaa,12 Day Expiry Rule,03/04/2026,0
IBUAA1057948,Located,="76925",SL RS WHITE HOT DOG BUNS 16P 28Z,03/04/2026 12:01:35 PM,105,105,0,03/04/2026 11:59:06 AM,FRZ-0-68-0,03/04/2026 11:59:07 AM,,06/08/2026,5,105,UAA-146846,UAA102A030426,03/04/2026 11:59:06 AM,,bbujcolvinuaa,bbujcolvinuaa,12 Day Expiry Rule,03/04/2026,0
IBUAA1057949,Located,="76925",SL RS WHITE HOT DOG BUNS 16P 28Z,03/04/2026 12:01:35 PM,105,105,0,03/04/2026 11:59:14 AM,FRZ-0-68-0,03/04/2026 11:59:14 AM,,06/08/2026,5,105,UAA-146846,UAA102A030426,03/04/2026 11:59:14 AM,,bbujcolvinuaa,bbujcolvinuaa,12 Day Expiry Rule,03/04/2026,0
IBUAA1057962,Located,="76925",SL RS WHITE HOT DOG BUNS 16P 28Z,03/04/2026 12:14:56 PM,105,105,0,03/04/2026 12:03:58 PM,FRZ-0-68-0,03/04/2026 12:03:59 PM,,06/08/2026,5,105,UAA-146846,UAA102A030426,03/04/2026 12:03:58 PM,,bbupreiduaa,bbupreiduaa,12 Day Expiry Rule,03/04/2026,0
IBUAA1057963,Located,="76925",SL RS WHITE HOT DOG BUNS 16P 28Z,03/04/2026 12:14:56 PM,105,105,0,03/04/2026 12:04:07 PM,FRZ-0-68-0,03/04/2026 12:04:08 PM,,06/08/2026,5,105,UAA-146846,UAA102A030426,03/04/2026 12:04:07 PM,,bbupreiduaa,bbupreiduaa,12 Day Expiry Rule,03/04/2026,0
IBUAA1057964,Located,="76925",SL RS WHITE HOT DOG BUNS 16P 28Z,03/04/2026 12:14:56 PM,105,105,0,03/04/2026 12:04:15 PM,FRZ-0-68-0,03/04/2026 12:04:16 PM,,06/08/2026,5,105,UAA-146846,UAA102A030426,03/04/2026 12:04:15 PM,,bbupreiduaa,bbupreiduaa,12 Day Expiry Rule,03/04/2026,0
IBUAA1057965,Located,="76925",SL RS WHITE HOT DOG BUNS 16P 28Z,03/04/2026 12:22:00 PM,105,105,0,03/04/2026 12:04:22 PM,FRZ-0-68-0,03/04/2026 12:04:22 PM,,06/08/2026,5,105,UAA-146846,UAA102A030426,03/04/2026 12:04:22 PM,,bbupreiduaa,bbupreiduaa,12 Day Expiry Rule,03/04/2026,0
IBUAA1057966,Located,="76925",SL RS WHITE HOT DOG BUNS 16P 28Z,03/04/2026 12:06:25 PM,105,105,0,03/04/2026 12:04:26 PM,FRZ-0-68-0,03/04/2026 12:04:28 PM,,06/08/2026,5,105,UAA-146846,UAA102A030426,03/04/2026 12:04:26 PM,,bbuocoxuaa,bbuocoxuaa,12 Day Expiry Rule,03/04/2026,0
IBUAA1057969,Located,="76925",SL RS WHITE HOT DOG BUNS 16P 28Z,03/04/2026 12:10:53 PM,105,105,0,03/04/2026 12:07:44 PM,FRZ-0-68-0,03/04/2026 12:07:45 PM,,06/08/2026,5,105,UAA-146846,UAA102A030426,03/04/2026 12:07:44 PM,,bbuocoxuaa,bbuocoxuaa,12 Day Expiry Rule,03/04/2026,0
IBUAA1057970,Located,="76925",SL RS WHITE HOT DOG BUNS 16P 28Z,03/04/2026 12:10:53 PM,105,105,0,03/04/2026 12:07:58 PM,FRZ-0-68-0,03/04/2026 12:07:58 PM,,06/08/2026,5,105,UAA-146846,UAA102A030426,03/04/2026 12:07:58 PM,,bbuocoxuaa,bbuocoxuaa,12 Day Expiry Rule,03/04/2026,0
OBUAA0000983735,Located,="76925",SL RS WHITE HOT DOG BUNS 16P 28Z,03/04/2026 12:21:59 PM,0,105,0,03/04/2026 12:11:41 PM,FRZ-0-68-0,03/04/2026 12:12:19 PM,,06/08/2026,5,0,,UAA102A030426,,,bbuamurillouaa,bbupreiduaa,12 Day Expiry Rule,,0
OBUAA0000983734,Located,="76925",SL RS WHITE HOT DOG BUNS 16P 28Z,03/04/2026 12:21:59 PM,0,105,0,03/04/2026 12:11:47 PM,FRZ-0-68-0,03/04/2026 12:12:19 PM,,06/08/2026,5,0,,UAA102A030426,,,bbuamurillouaa,bbupreiduaa,12 Day Expiry Rule,,0
IBUAA1057995,Located,="76925",SL RS WHITE HOT DOG BUNS 16P 28Z,03/04/2026 12:13:36 PM,105,105,0,03/04/2026 12:12:20 PM,FRZ-0-68-0,03/04/2026 12:12:21 PM,,06/08/2026,5,105,UAA-146846,UAA102A030426,03/04/2026 12:12:20 PM,,bbuocoxuaa,bbuocoxuaa,12 Day Expiry Rule,03/04/2026,0
IBUAA1057997,Located,="76925",SL RS WHITE HOT DOG BUNS 16P 28Z,03/04/2026 12:16:41 PM,105,105,0,03/04/2026 12:14:19 PM,FRZ-0-68-0,03/04/2026 12:14:20 PM,,06/08/2026,5,105,UAA-146846,UAA102A030426,03/04/2026 12:14:19 PM,,bbuocoxuaa,bbuocoxuaa,12 Day Expiry Rule,03/04/2026,0
IBUAA1058001,Located,="76925",SL RS WHITE HOT DOG BUNS 16P 28Z,03/04/2026 12:21:59 PM,105,105,0,03/04/2026 12:19:07 PM,FRZ-0-68-0,03/04/2026 12:19:09 PM,FRZ-0-68-0,06/08/2026,5,105,UAA-146846,UAA102A030426,03/04/2026 12:19:07 PM,,bbuocoxuaa,bbupreiduaa,12 Day Expiry Rule,03/04/2026,0
IBUAA1058018,Located,="76925",SL RS WHITE HOT DOG BUNS 16P 28Z,03/04/2026 12:27:13 PM,105,105,0,03/04/2026 12:24:03 PM,FRZ-0-68-0,03/04/2026 12:24:05 PM,,06/08/2026,5,105,UAA-146846,UAA102A030426,03/04/2026 12:24:03 PM,,bbupreiduaa,bbupreiduaa,12 Day Expiry Rule,03/04/2026,0
IBUAA1058019,Located,="76925",SL RS WHITE HOT DOG BUNS 16P 28Z,03/04/2026 12:27:12 PM,105,105,0,03/04/2026 12:24:11 PM,FRZ-0-68-0,03/04/2026 12:24:12 PM,,06/08/2026,5,105,UAA-146846,UAA102A030426,03/04/2026 12:24:11 PM,,bbupreiduaa,bbupreiduaa,12 Day Expiry Rule,03/04/2026,0
IBUAA1058020,Located,="76925",SL RS WHITE HOT DOG BUNS 16P 28Z,03/04/2026 12:27:13 PM,105,105,0,03/04/2026 12:24:48 PM,FRZ-0-68-0,03/04/2026 12:24:49 PM,,06/08/2026,5,105,UAA-146846,UAA102A030426,03/04/2026 12:24:48 PM,,bbupreiduaa,bbupreiduaa,12 Day Expiry Rule,03/04/2026,0
IBUAA1057885,Located,="76925",SL RS WHITE HOT DOG BUNS 16P 28Z,03/04/2026 12:37:37 PM,105,105,0,03/04/2026 12:28:34 PM,FRZ-0-68-0,03/04/2026 12:28:36 PM,,06/08/2026,5,105,UAA-146846,UAA102A030426,03/04/2026 12:28:34 PM,,bbupreiduaa,bbupreiduaa,12 Day Expiry Rule,03/04/2026,0
IBUAA1057886,Located,="76925",SL RS WHITE HOT DOG BUNS 16P 28Z,03/04/2026 12:37:37 PM,105,105,0,03/04/2026 12:28:43 PM,FRZ-0-68-0,03/04/2026 12:28:44 PM,,06/08/2026,5,105,UAA-146846,UAA102A030426,03/04/2026 12:28:43 PM,,bbupreiduaa,bbupreiduaa,12 Day Expiry Rule,03/04/2026,0
IBUAA1060267,Located,="76925",SL RS WHITE HOT DOG BUNS 16P 28Z,03/05/2026 02:56:33 PM,105,105,0,03/05/2026 01:23:47 PM,FRZ-0-69-0,03/05/2026 01:24:15 PM,,06/08/2026,5,105,UAA-147209,UAA102A030526,03/05/2026 01:23:47 PM,,bbuamurillouaa,bbuwoakesuaa,12 Day Expiry Rule,03/05/2026,0
IBUAA1060413,Located,="76925",SL RS WHITE HOT DOG BUNS 16P 28Z,03/05/2026 02:56:33 PM,105,105,0,03/05/2026 02:32:56 PM,FRZ-0-69-0,03/05/2026 02:32:58 PM,,06/08/2026,5,105,UAA-147209,UAA102A030526,03/05/2026 02:32:56 PM,,bbujcolemanuaa,bbuwoakesuaa,12 Day Expiry Rule,03/05/2026,0
IBUAA1060458,Located,="76925",SL RS WHITE HOT DOG BUNS 16P 28Z,03/05/2026 03:04:29 PM,105,105,0,03/05/2026 03:01:05 PM,FRZ-0-69-0,03/05/2026 03:01:07 PM,,06/08/2026,5,105,UAA-147209,UAA102A030526,03/05/2026 03:01:05 PM,,bbuwoakesuaa,bbuwoakesuaa,12 Day Expiry Rule,03/05/2026,0
IBUAA1060459,Located,="76925",SL RS WHITE HOT DOG BUNS 16P 28Z,03/05/2026 03:04:29 PM,105,105,0,03/05/2026 03:03:01 PM,FRZ-0-69-0,03/05/2026 03:03:02 PM,,06/08/2026,5,105,UAA-147209,UAA102A030526,03/05/2026 03:03:01 PM,,bbuwoakesuaa,bbuwoakesuaa,12 Day Expiry Rule,03/05/2026,0
IBUAA1060464,Located,="76925",SL RS WHITE HOT DOG BUNS 16P 28Z,03/05/2026 03:04:29 PM,105,105,0,03/05/2026 03:03:07 PM,FRZ-0-69-0,03/05/2026 03:03:08 PM,,06/08/2026,5,105,UAA-147209,UAA102A030526,03/05/2026 03:03:07 PM,,bbuwoakesuaa,bbuwoakesuaa,12 Day Expiry Rule,03/05/2026,0
IBUAA1060468,Located,="76925",SL RS WHITE HOT DOG BUNS 16P 28Z,03/05/2026 03:13:52 PM,105,105,0,03/05/2026 03:10:24 PM,FRZ-0-69-0,03/05/2026 03:10:25 PM,,06/08/2026,5,105,UAA-147209,UAA102A030526,03/05/2026 03:10:24 PM,,bbuwoakesuaa,bbuwoakesuaa,12 Day Expiry Rule,03/05/2026,0
IBUAA1060469,Located,="76925",SL RS WHITE HOT DOG BUNS 16P 28Z,03/05/2026 03:13:52 PM,105,105,0,03/05/2026 03:10:28 PM,FRZ-0-69-0,03/05/2026 03:10:28 PM,,06/08/2026,5,105,UAA-147209,UAA102A030526,03/05/2026 03:10:28 PM,,bbuwoakesuaa,bbuwoakesuaa,12 Day Expiry Rule,03/05/2026,0
IBUAA1060470,Located,="76925",SL RS WHITE HOT DOG BUNS 16P 28Z,03/05/2026 03:13:52 PM,105,105,0,03/05/2026 03:10:31 PM,FRZ-0-69-0,03/05/2026 03:10:32 PM,,06/08/2026,5,105,UAA-147209,UAA102A030526,03/05/2026 03:10:31 PM,,bbuwoakesuaa,bbuwoakesuaa,12 Day Expiry Rule,03/05/2026,0
IBUAA1060496,Located,="76925",SL RS WHITE HOT DOG BUNS 16P 28Z,03/05/2026 03:28:33 PM,105,105,0,03/05/2026 03:25:43 PM,FRZ-0-69-0,03/05/2026 03:25:45 PM,,06/08/2026,5,105,UAA-147209,UAA102A030526,03/05/2026 03:25:43 PM,,bbujcolemanuaa,bbujcolemanuaa,12 Day Expiry Rule,03/05/2026,0
IBUAA1060498,Located,="76925",SL RS WHITE HOT DOG BUNS 16P 28Z,03/05/2026 03:29:07 PM,105,105,0,03/05/2026 03:26:24 PM,FRZ-0-69-0,03/05/2026 03:26:25 PM,,06/08/2026,5,105,UAA-147209,UAA102A030526,03/05/2026 03:26:24 PM,,bbujcolemanuaa,bbujcolemanuaa,12 Day Expiry Rule,03/05/2026,0
IBUAA1060516,Located,="76925",SL RS WHITE HOT DOG BUNS 16P 28Z,03/05/2026 03:33:28 PM,105,105,0,03/05/2026 03:31:22 PM,FRZ-0-69-0,03/05/2026 03:31:24 PM,,06/08/2026,5,105,UAA-147209,UAA102A030526,03/05/2026 03:31:22 PM,,bbujcolemanuaa,bbujcolemanuaa,12 Day Expiry Rule,03/05/2026,0
IBUAA1060517,Located,="76925",SL RS WHITE HOT DOG BUNS 16P 28Z,03/05/2026 03:33:28 PM,105,105,0,03/05/2026 03:31:31 PM,FRZ-0-69-0,03/05/2026 03:31:32 PM,,06/08/2026,5,105,UAA-147209,UAA102A030526,03/05/2026 03:31:31 PM,,bbujcolemanuaa,bbujcolemanuaa,12 Day Expiry Rule,03/05/2026,0
IBUAA1060518,Located,="76925",SL RS WHITE HOT DOG BUNS 16P 28Z,03/05/2026 03:33:28 PM,105,105,0,03/05/2026 03:31:44 PM,FRZ-0-69-0,03/05/2026 03:31:45 PM,,06/08/2026,5,105,UAA-147209,UAA102A030526,03/05/2026 03:31:44 PM,,bbujcolemanuaa,bbujcolemanuaa,12 Day Expiry Rule,03/05/2026,0
IBUAA1060526,Located,="76925",SL RS WHITE HOT DOG BUNS 16P 28Z,03/05/2026 03:42:24 PM,105,105,0,03/05/2026 03:40:41 PM,FRZ-0-69-0,03/05/2026 03:40:41 PM,,06/08/2026,5,105,UAA-147209,UAA102A030526,03/05/2026 03:40:41 PM,,bbujcolemanuaa,bbujcolemanuaa,12 Day Expiry Rule,03/05/2026,0
IBUAA1060530,Located,="76925",SL RS WHITE HOT DOG BUNS 16P 28Z,03/05/2026 03:48:51 PM,105,105,0,03/05/2026 03:45:20 PM,FRZ-0-69-0,03/05/2026 03:45:21 PM,,06/08/2026,5,105,UAA-147209,UAA102A030526,03/05/2026 03:45:20 PM,,bbujcolemanuaa,bbujcolemanuaa,12 Day Expiry Rule,03/05/2026,0
IBUAA1060486,Located,="76925",SL RS WHITE HOT DOG BUNS 16P 28Z,03/05/2026 03:48:51 PM,105,105,0,03/05/2026 03:46:56 PM,FRZ-0-69-0,03/05/2026 03:46:58 PM,,06/08/2026,5,105,UAA-147209,UAA102A030526,03/05/2026 03:46:56 PM,,bbujcolemanuaa,bbujcolemanuaa,12 Day Expiry Rule,03/05/2026,0
IBUAA1060489,Located,="76925",SL RS WHITE HOT DOG BUNS 16P 28Z,03/05/2026 03:53:11 PM,105,105,0,03/05/2026 03:50:31 PM,FRZ-0-69-0,03/05/2026 03:50:32 PM,,06/08/2026,5,105,UAA-147209,UAA102A030526,03/05/2026 03:50:31 PM,,bbujcolemanuaa,bbujcolemanuaa,12 Day Expiry Rule,03/05/2026,0
IBUAA1060491,Located,="76925",SL RS WHITE HOT DOG BUNS 16P 28Z,03/05/2026 03:53:11 PM,105,105,0,03/05/2026 03:52:12 PM,FRZ-0-69-0,03/05/2026 03:52:13 PM,,06/08/2026,5,105,UAA-147209,UAA102A030526,03/05/2026 03:52:12 PM,,bbujcolemanuaa,bbujcolemanuaa,12 Day Expiry Rule,03/05/2026,0
IBUAA1060592,Located,="76925",SL RS WHITE HOT DOG BUNS 16P 28Z,03/05/2026 03:58:06 PM,105,105,0,03/05/2026 03:54:14 PM,FRZ-0-69-0,03/05/2026 03:54:36 PM,,06/08/2026,5,105,UAA-147209,UAA102A030526,03/05/2026 03:54:14 PM,,bbualewisuaa,bbujcolemanuaa,12 Day Expiry Rule,03/05/2026,0
IBUAA1060593,Located,="76925",SL RS WHITE HOT DOG BUNS 16P 28Z,03/05/2026 03:58:45 PM,105,105,0,03/05/2026 03:54:40 PM,FRZ-0-69-0,03/05/2026 03:54:41 PM,,06/08/2026,5,105,UAA-147209,UAA102A030526,03/05/2026 03:54:40 PM,,bbualewisuaa,bbualewisuaa,12 Day Expiry Rule,03/05/2026,0
IBUAA1060594,Located,="76925",SL RS WHITE HOT DOG BUNS 16P 28Z,03/05/2026 03:58:46 PM,105,105,0,03/05/2026 03:54:45 PM,FRZ-0-69-0,03/05/2026 03:54:46 PM,,06/08/2026,5,105,UAA-147209,UAA102A030526,03/05/2026 03:54:45 PM,,bbualewisuaa,bbualewisuaa,12 Day Expiry Rule,03/05/2026,0
IBUAA1060595,Located,="76925",SL RS WHITE HOT DOG BUNS 16P 28Z,03/05/2026 03:58:45 PM,105,105,0,03/05/2026 03:54:52 PM,FRZ-0-69-0,03/05/2026 03:54:52 PM,,06/08/2026,5,105,UAA-147209,UAA102A030526,03/05/2026 03:54:52 PM,,bbualewisuaa,bbualewisuaa,12 Day Expiry Rule,03/05/2026,0
IBUAA1060596,Located,="76925",SL RS WHITE HOT DOG BUNS 16P 28Z,03/05/2026 03:58:45 PM,105,105,0,03/05/2026 03:55:01 PM,FRZ-0-69-0,03/05/2026 03:55:02 PM,,06/08/2026,5,105,UAA-147209,UAA102A030526,03/05/2026 03:55:01 PM,,bbualewisuaa,bbualewisuaa,12 Day Expiry Rule,03/05/2026,0
IBUAA1060597,Located,="76925",SL RS WHITE HOT DOG BUNS 16P 28Z,03/05/2026 03:58:45 PM,105,105,0,03/05/2026 03:55:09 PM,FRZ-0-69-0,03/05/2026 03:55:09 PM,,06/08/2026,5,105,UAA-147209,UAA102A030526,03/05/2026 03:55:09 PM,,bbualewisuaa,bbualewisuaa,12 Day Expiry Rule,03/05/2026,0
IBUAA1060598,Located,="76925",SL RS WHITE HOT DOG BUNS 16P 28Z,03/05/2026 03:58:45 PM,105,105,0,03/05/2026 03:55:20 PM,FRZ-0-69-0,03/05/2026 03:55:21 PM,,06/08/2026,5,105,UAA-147209,UAA102A030526,03/05/2026 03:55:20 PM,,bbualewisuaa,bbualewisuaa,12 Day Expiry Rule,03/05/2026,0
IBUAA1060599,Located,="76925",SL RS WHITE HOT DOG BUNS 16P 28Z,03/05/2026 04:19:39 PM,105,105,0,03/05/2026 03:55:27 PM,FRZ-0-69-0,03/05/2026 04:17:30 PM,,06/08/2026,5,105,UAA-147209,UAA102A030526,03/05/2026 03:55:27 PM,,bbualewisuaa,bbujcolemanuaa,12 Day Expiry Rule,03/05/2026,0
IBUAA1060601,Located,="76925",SL RS WHITE HOT DOG BUNS 16P 28Z,03/05/2026 04:19:39 PM,105,105,0,03/05/2026 03:55:50 PM,FRZ-0-69-0,03/05/2026 04:17:30 PM,,06/08/2026,5,105,UAA-147209,UAA102A030526,03/05/2026 03:55:50 PM,,bbualewisuaa,bbujcolemanuaa,12 Day Expiry Rule,03/05/2026,0
IBUAA1060602,Located,="76925",SL RS WHITE HOT DOG BUNS 16P 28Z,03/05/2026 03:58:06 PM,105,105,0,03/05/2026 03:55:54 PM,FRZ-0-69-0,03/05/2026 03:55:55 PM,,06/08/2026,5,105,UAA-147209,UAA102A030526,03/05/2026 03:55:54 PM,,bbujcolemanuaa,bbujcolemanuaa,12 Day Expiry Rule,03/05/2026,0
IBUAA1060604,Located,="76925",SL RS WHITE HOT DOG BUNS 16P 28Z,03/05/2026 04:02:14 PM,105,105,0,03/05/2026 04:00:02 PM,FRZ-0-69-0,03/05/2026 04:00:03 PM,,06/08/2026,5,105,UAA-147209,UAA102A030526,03/05/2026 04:00:02 PM,,bbujcolemanuaa,bbujcolemanuaa,12 Day Expiry Rule,03/05/2026,0
IBUAA1060605,Located,="76925",SL RS WHITE HOT DOG BUNS 16P 28Z,03/05/2026 04:04:24 PM,105,105,0,03/05/2026 04:03:11 PM,FRZ-0-69-0,03/05/2026 04:03:12 PM,,06/08/2026,5,105,UAA-147209,UAA102A030526,03/05/2026 04:03:11 PM,,bbujcolemanuaa,bbujcolemanuaa,12 Day Expiry Rule,03/05/2026,0
IBUAA1060555,Located,="76925",SL RS WHITE HOT DOG BUNS 16P 28Z,03/05/2026 04:06:44 PM,105,105,0,03/05/2026 04:03:23 PM,FRZ-0-69-0,03/05/2026 04:03:25 PM,,06/08/2026,5,105,UAA-147209,UAA102A030526,03/05/2026 04:03:23 PM,,bbublopezruaa,bbublopezruaa,12 Day Expiry Rule,03/05/2026,0
IBUAA1060556,Located,="76925",SL RS WHITE HOT DOG BUNS 16P 28Z,03/05/2026 04:06:44 PM,105,105,0,03/05/2026 04:03:31 PM,FRZ-0-69-0,03/05/2026 04:03:32 PM,,06/08/2026,5,105,UAA-147209,UAA102A030526,03/05/2026 04:03:31 PM,,bbublopezruaa,bbublopezruaa,12 Day Expiry Rule,03/05/2026,0
IBUAA1060557,Located,="76925",SL RS WHITE HOT DOG BUNS 16P 28Z,03/05/2026 04:06:44 PM,105,105,0,03/05/2026 04:03:41 PM,FRZ-0-69-0,03/05/2026 04:03:42 PM,,06/08/2026,5,105,UAA-147209,UAA102A030526,03/05/2026 04:03:41 PM,,bbublopezruaa,bbublopezruaa,12 Day Expiry Rule,03/05/2026,0
IBUAA1060558,Located,="76925",SL RS WHITE HOT DOG BUNS 16P 28Z,03/05/2026 04:06:44 PM,105,105,0,03/05/2026 04:03:48 PM,FRZ-0-69-0,03/05/2026 04:03:52 PM,,06/08/2026,5,105,UAA-147209,UAA102A030526,03/05/2026 04:03:48 PM,,bbublopezruaa,bbublopezruaa,12 Day Expiry Rule,03/05/2026,0
IBUAA1060608,Located,="76925",SL RS WHITE HOT DOG BUNS 16P 28Z,03/05/2026 04:07:07 PM,105,105,0,03/05/2026 04:06:05 PM,FRZ-0-69-0,03/05/2026 04:06:06 PM,,06/08/2026,5,105,UAA-147209,UAA102A030526,03/05/2026 04:06:05 PM,,bbujcolemanuaa,bbujcolemanuaa,12 Day Expiry Rule,03/05/2026,0
IBUAA1060561,Located,="76925",SL RS WHITE HOT DOG BUNS 16P 28Z,03/12/2026 08:07:43 AM,105,105,0,03/05/2026 04:08:04 PM,FRZ-0-69-0,03/05/2026 04:08:05 PM,,03/29/2026,5,105,UAA-147209,UAA-147209,03/05/2026 04:08:04 PM,,bbublopezruaa,bbuamurillouaa,12 Day Expiry Rule,03/05/2026,0
IBUAA1060562,Located,="76925",SL RS WHITE HOT DOG BUNS 16P 28Z,03/05/2026 04:10:30 PM,105,105,0,03/05/2026 04:08:12 PM,FRZ-0-69-0,03/05/2026 04:08:12 PM,,06/08/2026,5,105,UAA-147209,UAA102A030526,03/05/2026 04:08:12 PM,,bbublopezruaa,bbublopezruaa,12 Day Expiry Rule,03/05/2026,0
IBUAA1060611,Located,="76925",SL RS WHITE HOT DOG BUNS 16P 28Z,03/05/2026 04:09:31 PM,105,105,0,03/05/2026 04:08:41 PM,FRZ-0-69-0,03/05/2026 04:08:42 PM,,06/08/2026,5,105,UAA-147209,UAA102A030526,03/05/2026 04:08:41 PM,,bbujcolemanuaa,bbujcolemanuaa,12 Day Expiry Rule,03/05/2026,0
IBUAA1060563,Located,="76925",SL RS WHITE HOT DOG BUNS 16P 28Z,03/05/2026 04:10:30 PM,105,105,0,03/05/2026 04:09:08 PM,FRZ-0-69-0,03/05/2026 04:09:09 PM,,06/08/2026,5,105,UAA-147209,UAA102A030526,03/05/2026 04:09:08 PM,,bbublopezruaa,bbublopezruaa,12 Day Expiry Rule,03/05/2026,0
IBUAA1060612,Located,="76925",SL RS WHITE HOT DOG BUNS 16P 28Z,03/05/2026 04:12:07 PM,105,105,0,03/05/2026 04:11:27 PM,FRZ-0-69-0,03/05/2026 04:11:28 PM,,06/08/2026,5,105,UAA-147209,UAA102A030526,03/05/2026 04:11:27 PM,,bbujcolemanuaa,bbujcolemanuaa,12 Day Expiry Rule,03/05/2026,0
IBUAA1060613,Located,="76925",SL RS WHITE HOT DOG BUNS 16P 28Z,03/05/2026 04:16:14 PM,105,105,0,03/05/2026 04:14:30 PM,FRZ-0-69-0,03/05/2026 04:14:30 PM,,06/08/2026,5,105,UAA-147209,UAA102A030526,03/05/2026 04:14:30 PM,,bbujcolemanuaa,bbujcolemanuaa,12 Day Expiry Rule,03/05/2026,0
IBUAA1060565,Located,="76925",SL RS WHITE HOT DOG BUNS 16P 28Z,03/05/2026 04:23:21 PM,105,105,0,03/05/2026 04:19:35 PM,FRZ-0-69-0,03/05/2026 04:19:36 PM,,06/08/2026,5,105,UAA-147209,UAA102A030526,03/05/2026 04:19:35 PM,,bbublopezruaa,bbublopezruaa,12 Day Expiry Rule,03/05/2026,0
IBUAA1060566,Located,="76925",SL RS WHITE HOT DOG BUNS 16P 28Z,03/05/2026 04:23:21 PM,105,105,0,03/05/2026 04:19:59 PM,FRZ-0-69-0,03/05/2026 04:20:06 PM,,06/08/2026,5,105,UAA-147209,UAA102A030526,03/05/2026 04:19:59 PM,,bbublopezruaa,bbublopezruaa,12 Day Expiry Rule,03/05/2026,0
IBUAA1060567,Located,="76925",SL RS WHITE HOT DOG BUNS 16P 28Z,03/05/2026 04:23:21 PM,105,105,0,03/05/2026 04:20:52 PM,FRZ-0-69-0,03/05/2026 04:20:53 PM,,06/08/2026,5,105,UAA-147209,UAA102A030526,03/05/2026 04:20:52 PM,,bbublopezruaa,bbublopezruaa,12 Day Expiry Rule,03/05/2026,0
IBUAA1060569,Located,="76925",SL RS WHITE HOT DOG BUNS 16P 28Z,03/05/2026 04:30:04 PM,105,105,0,03/05/2026 04:26:23 PM,FRZ-0-69-0,03/05/2026 04:26:24 PM,,06/08/2026,5,105,UAA-147209,UAA102A030526,03/05/2026 04:26:23 PM,,bbublopezruaa,bbublopezruaa,12 Day Expiry Rule,03/05/2026,0
IBUAA1060570,Located,="76925",SL RS WHITE HOT DOG BUNS 16P 28Z,03/05/2026 04:30:04 PM,105,105,0,03/05/2026 04:26:31 PM,FRZ-0-69-0,03/05/2026 04:26:31 PM,,06/08/2026,5,105,UAA-147209,UAA102A030526,03/05/2026 04:26:31 PM,,bbublopezruaa,bbublopezruaa,12 Day Expiry Rule,03/05/2026,0
IBUAA1060571,Located,="76925",SL RS WHITE HOT DOG BUNS 16P 28Z,03/05/2026 04:30:04 PM,105,105,0,03/05/2026 04:26:39 PM,FRZ-0-69-0,03/05/2026 04:26:40 PM,,06/08/2026,5,105,UAA-147209,UAA102A030526,03/05/2026 04:26:39 PM,,bbublopezruaa,bbublopezruaa,12 Day Expiry Rule,03/05/2026,0
IBUAA1060672,Located,="76925",SL RS WHITE HOT DOG BUNS 16P 28Z,03/05/2026 04:33:23 PM,105,105,0,03/05/2026 04:32:06 PM,FRZ-0-69-0,03/05/2026 04:32:12 PM,,06/08/2026,5,105,UAA-147209,UAA102A030526,03/05/2026 04:32:06 PM,,bbublopezruaa,bbublopezruaa,12 Day Expiry Rule,03/05/2026,0
IBUAA1060633,Located,="76925",SL RS WHITE HOT DOG BUNS 16P 28Z,03/05/2026 04:39:03 PM,105,105,0,03/05/2026 04:35:35 PM,FRZ-0-69-0,03/05/2026 04:35:37 PM,,06/08/2026,5,105,UAA-147209,UAA102A030526,03/05/2026 04:35:35 PM,,bbujcolemanuaa,bbujcolemanuaa,12 Day Expiry Rule,03/05/2026,0
IBUAA1060634,Located,="76925",SL RS WHITE HOT DOG BUNS 16P 28Z,03/05/2026 04:39:03 PM,105,105,0,03/05/2026 04:35:46 PM,FRZ-0-69-0,03/05/2026 04:35:46 PM,,06/08/2026,5,105,UAA-147209,UAA102A030526,03/05/2026 04:35:46 PM,,bbujcolemanuaa,bbujcolemanuaa,12 Day Expiry Rule,03/05/2026,0
IBUAA1060635,Located,="76925",SL RS WHITE HOT DOG BUNS 16P 28Z,03/05/2026 04:39:02 PM,105,105,0,03/05/2026 04:35:56 PM,FRZ-0-69-0,03/05/2026 04:35:56 PM,,06/08/2026,5,105,UAA-147209,UAA102A030526,03/05/2026 04:35:56 PM,,bbujcolemanuaa,bbujcolemanuaa,12 Day Expiry Rule,03/05/2026,0
IBUAA1060636,Located,="76925",SL RS WHITE HOT DOG BUNS 16P 28Z,03/05/2026 04:39:03 PM,105,105,0,03/05/2026 04:36:04 PM,FRZ-0-69-0,03/05/2026 04:36:05 PM,,06/08/2026,5,105,UAA-147209,UAA102A030526,03/05/2026 04:36:04 PM,,bbujcolemanuaa,bbujcolemanuaa,12 Day Expiry Rule,03/05/2026,0
IBUAA1060674,Located,="76925",SL RS WHITE HOT DOG BUNS 16P 28Z,03/05/2026 04:40:41 PM,105,105,0,03/05/2026 04:37:20 PM,FRZ-0-69-0,03/05/2026 04:37:21 PM,,06/08/2026,5,105,UAA-147209,UAA102A030526,03/05/2026 04:37:20 PM,,bbublopezruaa,bbublopezruaa,12 Day Expiry Rule,03/05/2026,0
IBUAA1060675,Located,="76925",SL RS WHITE HOT DOG BUNS 16P 28Z,03/05/2026 04:40:41 PM,105,105,0,03/05/2026 04:37:30 PM,FRZ-0-69-0,03/05/2026 04:37:31 PM,,06/08/2026,5,105,UAA-147209,UAA102A030526,03/05/2026 04:37:30 PM,,bbublopezruaa,bbublopezruaa,12 Day Expiry Rule,03/05/2026,0
IBUAA1060637,Located,="76925",SL RS WHITE HOT DOG BUNS 16P 28Z,03/05/2026 04:42:50 PM,105,105,0,03/05/2026 04:39:49 PM,FRZ-0-69-0,03/05/2026 04:39:50 PM,,06/08/2026,5,105,UAA-147209,UAA102A030526,03/05/2026 04:39:49 PM,,bbujcolemanuaa,bbujcolemanuaa,12 Day Expiry Rule,03/05/2026,0
IBUAA1060638,Located,="76925",SL RS WHITE HOT DOG BUNS 16P 28Z,03/05/2026 04:42:50 PM,105,105,0,03/05/2026 04:39:56 PM,FRZ-0-69-0,03/05/2026 04:39:57 PM,,06/08/2026,5,105,UAA-147209,UAA102A030526,03/05/2026 04:39:56 PM,,bbujcolemanuaa,bbujcolemanuaa,12 Day Expiry Rule,03/05/2026,0
IBUAA1060639,Located,="76925",SL RS WHITE HOT DOG BUNS 16P 28Z,03/05/2026 04:42:50 PM,105,105,0,03/05/2026 04:40:04 PM,FRZ-0-69-0,03/05/2026 04:40:05 PM,,06/08/2026,5,105,UAA-147209,UAA102A030526,03/05/2026 04:40:04 PM,,bbujcolemanuaa,bbujcolemanuaa,12 Day Expiry Rule,03/05/2026,0
IBUAA1060640,Located,="76925",SL RS WHITE HOT DOG BUNS 16P 28Z,03/05/2026 04:42:50 PM,105,105,0,03/05/2026 04:40:12 PM,FRZ-0-69-0,03/05/2026 04:40:13 PM,,06/08/2026,5,105,UAA-147209,UAA102A030526,03/05/2026 04:40:12 PM,,bbujcolemanuaa,bbujcolemanuaa,12 Day Expiry Rule,03/05/2026,0
IBUAA1060642,Located,="76925",SL RS WHITE HOT DOG BUNS 16P 28Z,03/05/2026 04:45:02 PM,105,105,0,03/05/2026 04:44:18 PM,FRZ-0-69-0,03/05/2026 04:44:19 PM,,06/08/2026,5,105,UAA-147209,UAA102A030526,03/05/2026 04:44:18 PM,,bbujcolemanuaa,bbujcolemanuaa,12 Day Expiry Rule,03/05/2026,0
IBUAA1060643,Located,="76925",SL RS WHITE HOT DOG BUNS 16P 28Z,03/05/2026 05:24:35 PM,105,105,0,03/05/2026 04:45:55 PM,FRZ-0-69-0,03/05/2026 04:45:56 PM,FRZ-0-69-0,06/08/2026,5,105,UAA-147209,UAA102A030526,03/05/2026 04:45:55 PM,,bbujcolemanuaa,bbujcolemanuaa,12 Day Expiry Rule,03/05/2026,0
IBUAA1060645,Located,="76925",SL RS WHITE HOT DOG BUNS 16P 28Z,03/05/2026 04:52:12 PM,105,105,0,03/05/2026 04:49:26 PM,FRZ-0-69-0,03/05/2026 04:49:27 PM,,06/08/2026,5,105,UAA-147209,UAA102A030526,03/05/2026 04:49:26 PM,,bbujcolemanuaa,bbujcolemanuaa,12 Day Expiry Rule,03/05/2026,0
IBUAA1060692,Located,="76925",SL RS WHITE HOT DOG BUNS 16P 28Z,03/05/2026 04:57:44 PM,105,105,0,03/05/2026 04:55:50 PM,FRZ-0-69-0,03/05/2026 04:55:50 PM,,06/08/2026,5,105,UAA-147209,UAA102A030526,03/05/2026 04:55:50 PM,,bbujcolemanuaa,bbujcolemanuaa,12 Day Expiry Rule,03/05/2026,0
IBUAA1060693,Located,="76925",SL RS WHITE HOT DOG BUNS 16P 28Z,03/05/2026 04:59:39 PM,105,105,0,03/05/2026 04:56:02 PM,FRZ-0-69-0,03/05/2026 04:56:03 PM,,06/08/2026,5,105,UAA-147209,UAA102A030526,03/05/2026 04:56:02 PM,,bbublopezruaa,bbublopezruaa,12 Day Expiry Rule,03/05/2026,0
IBUAA1060694,Located,="76925",SL RS WHITE HOT DOG BUNS 16P 28Z,03/05/2026 04:59:39 PM,105,105,0,03/05/2026 04:56:40 PM,FRZ-0-69-0,03/05/2026 04:56:41 PM,,06/08/2026,5,105,UAA-147209,UAA102A030526,03/05/2026 04:56:40 PM,,bbublopezruaa,bbublopezruaa,12 Day Expiry Rule,03/05/2026,0
IBUAA1060695,Located,="76925",SL RS WHITE HOT DOG BUNS 16P 28Z,03/05/2026 04:59:39 PM,105,105,0,03/05/2026 04:56:46 PM,FRZ-0-69-0,03/05/2026 04:56:47 PM,,06/08/2026,5,105,UAA-147209,UAA102A030526,03/05/2026 04:56:46 PM,,bbublopezruaa,bbublopezruaa,12 Day Expiry Rule,03/05/2026,0
IBUAA1060696,Located,="76925",SL RS WHITE HOT DOG BUNS 16P 28Z,03/05/2026 04:59:39 PM,105,105,0,03/05/2026 04:56:58 PM,FRZ-0-69-0,03/05/2026 04:56:59 PM,,06/08/2026,5,105,UAA-147209,UAA102A030526,03/05/2026 04:56:58 PM,,bbublopezruaa,bbublopezruaa,12 Day Expiry Rule,03/05/2026,0
IBUAA1060697,Located,="76925",SL RS WHITE HOT DOG BUNS 16P 28Z,03/05/2026 04:59:39 PM,105,105,0,03/05/2026 04:57:04 PM,FRZ-0-69-0,03/05/2026 04:57:05 PM,,06/08/2026,5,105,UAA-147209,UAA102A030526,03/05/2026 04:57:04 PM,,bbublopezruaa,bbublopezruaa,12 Day Expiry Rule,03/05/2026,0
IBUAA1060698,Located,="76925",SL RS WHITE HOT DOG BUNS 16P 28Z,03/05/2026 04:59:39 PM,105,105,0,03/05/2026 04:57:12 PM,FRZ-0-69-0,03/05/2026 04:57:13 PM,,06/08/2026,5,105,UAA-147209,UAA102A030526,03/05/2026 04:57:12 PM,,bbublopezruaa,bbublopezruaa,12 Day Expiry Rule,03/05/2026,0
IBUAA1060702,Located,="76925",SL RS WHITE HOT DOG BUNS 16P 28Z,03/05/2026 05:00:17 PM,105,105,0,03/05/2026 04:58:50 PM,FRZ-0-69-0,03/05/2026 04:58:51 PM,,06/08/2026,5,105,UAA-147209,UAA102A030526,03/05/2026 04:58:50 PM,,bbujcolemanuaa,bbujcolemanuaa,12 Day Expiry Rule,03/05/2026,0
IBUAA1060705,Located,="76925",SL RS WHITE HOT DOG BUNS 16P 28Z,03/05/2026 05:03:09 PM,105,105,0,03/05/2026 05:01:33 PM,FRZ-0-69-0,03/05/2026 05:01:33 PM,,06/08/2026,5,105,UAA-147209,UAA102A030526,03/05/2026 05:01:33 PM,,bbujcolemanuaa,bbujcolemanuaa,12 Day Expiry Rule,03/05/2026,0
IBUAA1060706,Located,="76925",SL RS WHITE HOT DOG BUNS 16P 28Z,03/05/2026 05:06:27 PM,105,105,0,03/05/2026 05:05:11 PM,FRZ-0-69-0,03/05/2026 05:05:12 PM,,06/08/2026,5,105,UAA-147209,UAA102A030526,03/05/2026 05:05:11 PM,,bbujcolemanuaa,bbujcolemanuaa,12 Day Expiry Rule,03/05/2026,0
IBUAA1060710,Located,="76925",SL RS WHITE HOT DOG BUNS 16P 28Z,03/05/2026 05:08:30 PM,105,105,0,03/05/2026 05:07:30 PM,FRZ-0-69-0,03/05/2026 05:07:31 PM,,06/08/2026,5,105,UAA-147209,UAA102A030526,03/05/2026 05:07:30 PM,,bbujcolemanuaa,bbujcolemanuaa,12 Day Expiry Rule,03/05/2026,0
IBUAA1060709,Located,="76925",SL RS WHITE HOT DOG BUNS 16P 28Z,03/12/2026 08:09:00 AM,105,105,0,03/05/2026 05:07:34 PM,FRZ-0-69-0,03/05/2026 05:07:35 PM,,03/29/2026,5,105,UAA-147209,="03292026",03/05/2026 05:07:34 PM,,bbublopezruaa,bbuamurillouaa,12 Day Expiry Rule,03/05/2026,0
IBUAA1060732,Located,="76925",SL RS WHITE HOT DOG BUNS 16P 28Z,03/05/2026 05:09:46 PM,105,105,0,03/05/2026 05:07:46 PM,FRZ-0-69-0,03/05/2026 05:07:47 PM,,06/08/2026,5,105,UAA-147209,UAA102A030526,03/05/2026 05:07:46 PM,,bbublopezruaa,bbublopezruaa,12 Day Expiry Rule,03/05/2026,0
IBUAA1060733,Located,="76925",SL RS WHITE HOT DOG BUNS 16P 28Z,03/05/2026 05:16:19 PM,105,105,0,03/05/2026 05:07:53 PM,FRZ-0-69-0,03/05/2026 05:07:54 PM,,06/08/2026,5,105,UAA-147209,UAA102A030526,03/05/2026 05:07:53 PM,,bbublopezruaa,bbublopezruaa,12 Day Expiry Rule,03/05/2026,0
IBUAA1060735,Located,="76925",SL RS WHITE HOT DOG BUNS 16P 28Z,03/05/2026 05:10:53 PM,105,105,0,03/05/2026 05:09:38 PM,FRZ-0-69-0,03/05/2026 05:09:39 PM,,06/08/2026,5,105,UAA-147209,UAA102A030526,03/05/2026 05:09:38 PM,,bbujcolemanuaa,bbujcolemanuaa,12 Day Expiry Rule,03/05/2026,0
IBUAA1060737,Located,="76925",SL RS WHITE HOT DOG BUNS 16P 28Z,03/05/2026 05:15:30 PM,105,105,0,03/05/2026 05:13:14 PM,FRZ-0-69-0,03/05/2026 05:13:15 PM,,06/08/2026,5,105,UAA-147209,UAA102A030526,03/05/2026 05:13:14 PM,,bbujcolemanuaa,bbujcolemanuaa,12 Day Expiry Rule,03/05/2026,0
IBUAA1060739,Located,="76925",SL RS WHITE HOT DOG BUNS 16P 28Z,03/05/2026 05:15:30 PM,105,105,0,03/05/2026 05:13:25 PM,FRZ-0-69-0,03/05/2026 05:13:26 PM,,06/08/2026,5,105,UAA-147209,UAA102A030526,03/05/2026 05:13:25 PM,,bbujcolemanuaa,bbujcolemanuaa,12 Day Expiry Rule,03/05/2026,0
IBUAA1060714,Located,="76925",SL RS WHITE HOT DOG BUNS 16P 28Z,03/05/2026 05:16:19 PM,105,105,0,03/05/2026 05:14:39 PM,FRZ-0-69-0,03/05/2026 05:14:41 PM,,06/08/2026,5,105,UAA-147209,UAA102A030526,03/05/2026 05:14:39 PM,,bbublopezruaa,bbublopezruaa,12 Day Expiry Rule,03/05/2026,0
IBUAA1060741,Located,="76925",SL RS WHITE HOT DOG BUNS 16P 28Z,03/05/2026 05:18:49 PM,105,105,0,03/05/2026 05:17:34 PM,FRZ-0-69-0,03/05/2026 05:17:34 PM,,06/08/2026,5,105,UAA-147209,UAA102A030526,03/05/2026 05:17:34 PM,,bbujcolemanuaa,bbujcolemanuaa,12 Day Expiry Rule,03/05/2026,0
IBUAA1060743,Located,="76925",SL RS WHITE HOT DOG BUNS 16P 28Z,03/05/2026 05:33:28 PM,105,105,0,03/05/2026 05:20:35 PM,FRZ-0-70-0,03/05/2026 05:25:03 PM,,06/08/2026,5,105,UAA-147196,UAA102A030526,03/05/2026 05:20:35 PM,,bbuamurillouaa,bbujcolemanuaa,12 Day Expiry Rule,03/05/2026,0
IBUAA1060716,Located,="76925",SL RS WHITE HOT DOG BUNS 16P 28Z,03/05/2026 05:23:53 PM,105,105,0,03/05/2026 05:21:25 PM,FRZ-0-69-0,03/05/2026 05:21:26 PM,,06/08/2026,5,105,UAA-147209,UAA102A030526,03/05/2026 05:21:25 PM,,bbublopezruaa,bbublopezruaa,12 Day Expiry Rule,03/05/2026,0
IBUAA1060717,Located,="76925",SL RS WHITE HOT DOG BUNS 16P 28Z,03/05/2026 05:23:53 PM,105,105,0,03/05/2026 05:21:32 PM,FRZ-0-69-0,03/05/2026 05:21:32 PM,,06/08/2026,5,105,UAA-147209,UAA102A030526,03/05/2026 05:21:32 PM,,bbublopezruaa,bbublopezruaa,12 Day Expiry Rule,03/05/2026,0
IBUAA1060744,Located,="76925",SL RS WHITE HOT DOG BUNS 16P 28Z,03/05/2026 05:24:35 PM,105,105,0,03/05/2026 05:21:38 PM,FRZ-0-69-0,03/05/2026 05:21:39 PM,,06/08/2026,5,105,UAA-147209,UAA102A030526,03/05/2026 05:21:38 PM,,bbujcolemanuaa,bbujcolemanuaa,12 Day Expiry Rule,03/05/2026,0
IBUAA1060718,Located,="76925",SL RS WHITE HOT DOG BUNS 16P 28Z,03/05/2026 05:23:53 PM,105,105,0,03/05/2026 05:21:45 PM,FRZ-0-69-0,03/05/2026 05:21:46 PM,,06/08/2026,5,105,UAA-147209,UAA102A030526,03/05/2026 05:21:45 PM,,bbublopezruaa,bbublopezruaa,12 Day Expiry Rule,03/05/2026,0
IBUAA1060746,Located,="76925",SL RS WHITE HOT DOG BUNS 16P 28Z,03/05/2026 05:28:57 PM,105,105,0,03/05/2026 05:26:23 PM,FRZ-0-69-0,03/05/2026 05:26:24 PM,,06/08/2026,5,105,UAA-147209,UAA102A030526,03/05/2026 05:26:23 PM,,bbujcolemanuaa,bbujcolemanuaa,12 Day Expiry Rule,03/05/2026,0
IBUAA1060747,Located,="76925",SL RS WHITE HOT DOG BUNS 16P 28Z,03/05/2026 05:28:56 PM,105,105,0,03/05/2026 05:27:12 PM,FRZ-0-69-0,03/05/2026 05:27:12 PM,,06/08/2026,5,105,UAA-147209,UAA102A030526,03/05/2026 05:27:12 PM,,bbujcolemanuaa,bbujcolemanuaa,12 Day Expiry Rule,03/05/2026,0
IBUAA1060721,Located,="76925",SL RS WHITE HOT DOG BUNS 16P 28Z,03/05/2026 05:30:48 PM,105,105,0,03/05/2026 05:27:59 PM,FRZ-0-69-0,03/05/2026 05:28:00 PM,,06/08/2026,5,105,UAA-147209,UAA102A030526,03/05/2026 05:27:59 PM,,bbublopezruaa,bbublopezruaa,12 Day Expiry Rule,03/05/2026,0
IBUAA1060722,Located,="76925",SL RS WHITE HOT DOG BUNS 16P 28Z,03/05/2026 05:30:48 PM,105,105,0,03/05/2026 05:28:05 PM,FRZ-0-69-0,03/05/2026 05:28:06 PM,,06/08/2026,5,105,UAA-147209,UAA102A030526,03/05/2026 05:28:05 PM,,bbublopezruaa,bbublopezruaa,12 Day Expiry Rule,03/05/2026,0
IBUAA1060723,Located,="76925",SL RS WHITE HOT DOG BUNS 16P 28Z,03/05/2026 05:30:48 PM,105,105,0,03/05/2026 05:28:19 PM,FRZ-0-69-0,03/05/2026 05:28:20 PM,,06/08/2026,5,105,UAA-147209,UAA102A030526,03/05/2026 05:28:19 PM,,bbublopezruaa,bbublopezruaa,12 Day Expiry Rule,03/05/2026,0
IBUAA1060748,Located,="76925",SL RS WHITE HOT DOG BUNS 16P 28Z,03/05/2026 05:33:13 PM,105,105,0,03/05/2026 05:31:37 PM,FRZ-0-70-0,03/05/2026 05:31:38 PM,,06/08/2026,5,105,UAA-147196,UAA102A030526,03/05/2026 05:31:37 PM,,bbujcolemanuaa,bbujcolemanuaa,12 Day Expiry Rule,03/05/2026,0
IBUAA1060751,Located,="76925",SL RS WHITE HOT DOG BUNS 16P 28Z,03/05/2026 05:37:18 PM,105,105,0,03/05/2026 05:36:14 PM,FRZ-0-70-0,03/05/2026 05:36:14 PM,,06/08/2026,5,105,UAA-147196,UAA102A030526,03/05/2026 05:36:14 PM,,bbujcolemanuaa,bbujcolemanuaa,12 Day Expiry Rule,03/05/2026,0
IBUAA1060725,Located,="76925",SL RS WHITE HOT DOG BUNS 16P 28Z,03/05/2026 05:39:18 PM,105,105,0,03/05/2026 05:36:57 PM,FRZ-0-70-0,03/05/2026 05:36:58 PM,,06/08/2026,5,105,UAA-147196,UAA102A030526,03/05/2026 05:36:57 PM,,bbublopezruaa,bbublopezruaa,12 Day Expiry Rule,03/05/2026,0
IBUAA1060726,Located,="76925",SL RS WHITE HOT DOG BUNS 16P 28Z,03/05/2026 05:39:17 PM,105,105,0,03/05/2026 05:37:06 PM,FRZ-0-70-0,03/05/2026 05:37:07 PM,,06/08/2026,5,105,UAA-147196,UAA102A030526,03/05/2026 05:37:06 PM,,bbublopezruaa,bbublopezruaa,12 Day Expiry Rule,03/05/2026,0
IBUAA1060792,Located,="76925",SL RS WHITE HOT DOG BUNS 16P 28Z,03/05/2026 05:39:11 PM,105,105,0,03/05/2026 05:38:04 PM,FRZ-0-70-0,03/05/2026 05:38:05 PM,,06/08/2026,5,105,UAA-147196,UAA102A030526,03/05/2026 05:38:04 PM,,bbujcolemanuaa,bbujcolemanuaa,12 Day Expiry Rule,03/05/2026,0
IBUAA1060794,Located,="76925",SL RS WHITE HOT DOG BUNS 16P 28Z,03/05/2026 05:42:44 PM,105,105,0,03/05/2026 05:41:10 PM,FRZ-0-70-0,03/05/2026 05:41:10 PM,,06/08/2026,5,105,UAA-147196,UAA102A030526,03/05/2026 05:41:10 PM,,bbujcolemanuaa,bbujcolemanuaa,12 Day Expiry Rule,03/05/2026,0
IBUAA1060797,Located,="76925",SL RS WHITE HOT DOG BUNS 16P 28Z,03/05/2026 05:45:50 PM,105,105,0,03/05/2026 05:44:26 PM,FRZ-0-70-0,03/05/2026 05:44:27 PM,,06/08/2026,5,105,UAA-147196,UAA102A030526,03/05/2026 05:44:26 PM,,bbujcolemanuaa,bbujcolemanuaa,12 Day Expiry Rule,03/05/2026,0
IBUAA1060798,Located,="76925",SL RS WHITE HOT DOG BUNS 16P 28Z,03/05/2026 05:49:24 PM,105,105,0,03/05/2026 05:47:15 PM,FRZ-0-70-0,03/05/2026 05:47:16 PM,,06/08/2026,5,105,UAA-147196,UAA102A030526,03/05/2026 05:47:15 PM,,bbujcolemanuaa,bbujcolemanuaa,12 Day Expiry Rule,03/05/2026,0
IBUAA1060799,Located,="76925",SL RS WHITE HOT DOG BUNS 16P 28Z,03/05/2026 05:49:24 PM,105,105,0,03/05/2026 05:47:23 PM,FRZ-0-70-0,03/05/2026 05:47:24 PM,,06/08/2026,5,105,UAA-147196,UAA102A030526,03/05/2026 05:47:23 PM,,bbujcolemanuaa,bbujcolemanuaa,12 Day Expiry Rule,03/05/2026,0
IBUAA1060551,Located,="76925",SL RS WHITE HOT DOG BUNS 16P 28Z,03/05/2026 05:53:03 PM,105,105,0,03/05/2026 05:50:19 PM,FRZ-0-70-0,03/05/2026 05:50:22 PM,,06/08/2026,5,105,UAA-147196,UAA102A030526,03/05/2026 05:50:19 PM,,bbublopezruaa,bbublopezruaa,12 Day Expiry Rule,03/05/2026,0
IBUAA1060812,Located,="76925",SL RS WHITE HOT DOG BUNS 16P 28Z,03/05/2026 05:53:03 PM,105,105,0,03/05/2026 05:50:28 PM,FRZ-0-70-0,03/05/2026 05:50:29 PM,,06/08/2026,5,105,UAA-147196,UAA102A030526,03/05/2026 05:50:28 PM,,bbublopezruaa,bbublopezruaa,12 Day Expiry Rule,03/05/2026,0
IBUAA1060813,Located,="76925",SL RS WHITE HOT DOG BUNS 16P 28Z,03/05/2026 05:53:03 PM,105,105,0,03/05/2026 05:50:54 PM,FRZ-0-70-0,03/05/2026 05:50:55 PM,,06/08/2026,5,105,UAA-147196,UAA102A030526,03/05/2026 05:50:54 PM,,bbublopezruaa,bbublopezruaa,12 Day Expiry Rule,03/05/2026,0
IBUAA1060803,Located,="76925",SL RS WHITE HOT DOG BUNS 16P 28Z,03/05/2026 05:53:41 PM,105,105,0,03/05/2026 05:52:00 PM,FRZ-0-70-0,03/05/2026 05:52:01 PM,,06/08/2026,5,105,UAA-147196,UAA102A030526,03/05/2026 05:52:00 PM,,bbujcolemanuaa,bbujcolemanuaa,12 Day Expiry Rule,03/05/2026,0
IBUAA1060804,Located,="76925",SL RS WHITE HOT DOG BUNS 16P 28Z,03/05/2026 05:53:41 PM,105,105,0,03/05/2026 05:52:22 PM,FRZ-0-70-0,03/05/2026 05:52:22 PM,,06/08/2026,5,105,UAA-147196,UAA102A030526,03/05/2026 05:52:22 PM,,bbujcolemanuaa,bbujcolemanuaa,12 Day Expiry Rule,03/05/2026,0
IBUAA1060756,Located,="76925",SL RS WHITE HOT DOG BUNS 16P 28Z,03/05/2026 05:59:00 PM,105,105,0,03/05/2026 05:56:58 PM,FRZ-0-70-0,03/05/2026 05:57:00 PM,,06/08/2026,5,105,UAA-147196,UAA102A030526,03/05/2026 05:56:58 PM,,bbunriffleuaa,bbunriffleuaa,12 Day Expiry Rule,03/05/2026,0
IBUAA1060757,Located,="76925",SL RS WHITE HOT DOG BUNS 16P 28Z,03/05/2026 05:59:00 PM,105,105,0,03/05/2026 05:57:09 PM,FRZ-0-70-0,03/05/2026 05:57:10 PM,,06/08/2026,5,105,UAA-147196,UAA102A030526,03/05/2026 05:57:09 PM,,bbunriffleuaa,bbunriffleuaa,12 Day Expiry Rule,03/05/2026,0
IBUAA1060808,Located,="76925",SL RS WHITE HOT DOG BUNS 16P 28Z,03/05/2026 06:03:36 PM,105,105,0,03/05/2026 06:00:17 PM,FRZ-0-70-0,03/05/2026 06:00:19 PM,,06/08/2026,5,105,UAA-147196,UAA102A030526,03/05/2026 06:00:17 PM,,bbugvazquezuaa,bbugvazquezuaa,12 Day Expiry Rule,03/05/2026,0
IBUAA1060809,Located,="76925",SL RS WHITE HOT DOG BUNS 16P 28Z,03/05/2026 06:03:36 PM,105,105,0,03/05/2026 06:00:28 PM,FRZ-0-70-0,03/05/2026 06:00:29 PM,,06/08/2026,5,105,UAA-147196,UAA102A030526,03/05/2026 06:00:28 PM,,bbugvazquezuaa,bbugvazquezuaa,12 Day Expiry Rule,03/05/2026,0
IBUAA1060758,Located,="76925",SL RS WHITE HOT DOG BUNS 16P 28Z,03/05/2026 06:04:30 PM,105,105,0,03/05/2026 06:01:27 PM,FRZ-0-70-0,03/05/2026 06:01:28 PM,,06/08/2026,5,105,UAA-147196,UAA102A030526,03/05/2026 06:01:27 PM,,bbunriffleuaa,bbunriffleuaa,12 Day Expiry Rule,03/05/2026,0
IBUAA1060759,Located,="76925",SL RS WHITE HOT DOG BUNS 16P 28Z,03/05/2026 06:04:30 PM,105,105,0,03/05/2026 06:01:29 PM,FRZ-0-70-0,03/05/2026 06:01:30 PM,,06/08/2026,5,105,UAA-147196,UAA102A030526,03/05/2026 06:01:29 PM,,bbunriffleuaa,bbunriffleuaa,12 Day Expiry Rule,03/05/2026,0
IBUAA1060852,Located,="76925",SL RS WHITE HOT DOG BUNS 16P 28Z,03/05/2026 06:08:38 PM,105,105,0,03/05/2026 06:06:32 PM,FRZ-0-70-0,03/05/2026 06:06:34 PM,,06/08/2026,5,105,UAA-147196,UAA102A030526,03/05/2026 06:06:32 PM,,bbunriffleuaa,bbunriffleuaa,12 Day Expiry Rule,03/05/2026,0
IBUAA1060853,Located,="76925",SL RS WHITE HOT DOG BUNS 16P 28Z,03/05/2026 06:08:38 PM,105,105,0,03/05/2026 06:06:35 PM,FRZ-0-70-0,03/05/2026 06:06:36 PM,,06/08/2026,5,105,UAA-147196,UAA102A030526,03/05/2026 06:06:35 PM,,bbunriffleuaa,bbunriffleuaa,12 Day Expiry Rule,03/05/2026,0
IBUAA1060857,Located,="76925",SL RS WHITE HOT DOG BUNS 16P 28Z,03/05/2026 06:12:00 PM,105,105,0,03/05/2026 06:10:24 PM,FRZ-0-70-0,03/05/2026 06:10:25 PM,,06/08/2026,5,105,UAA-147196,UAA102A030526,03/05/2026 06:10:24 PM,,bbunriffleuaa,bbunriffleuaa,12 Day Expiry Rule,03/05/2026,0
IBUAA1060858,Located,="76925",SL RS WHITE HOT DOG BUNS 16P 28Z,03/05/2026 06:13:21 PM,105,105,0,03/05/2026 06:10:38 PM,FRZ-0-70-0,03/05/2026 06:10:39 PM,,06/08/2026,5,105,UAA-147196,UAA102A030526,03/05/2026 06:10:38 PM,,bbugvazquezuaa,bbugvazquezuaa,12 Day Expiry Rule,03/05/2026,0
IBUAA1060859,Located,="76925",SL RS WHITE HOT DOG BUNS 16P 28Z,03/05/2026 06:13:21 PM,105,105,0,03/05/2026 06:10:41 PM,FRZ-0-70-0,03/05/2026 06:10:42 PM,,06/08/2026,5,105,UAA-147196,UAA102A030526,03/05/2026 06:10:41 PM,,bbugvazquezuaa,bbugvazquezuaa,12 Day Expiry Rule,03/05/2026,0
IBUAA1060860,Located,="76925",SL RS WHITE HOT DOG BUNS 16P 28Z,03/05/2026 06:15:01 PM,105,105,0,03/05/2026 06:13:24 PM,FRZ-0-70-0,03/05/2026 06:13:25 PM,,06/08/2026,5,105,UAA-147196,UAA102A030526,03/05/2026 06:13:24 PM,,bbunriffleuaa,bbunriffleuaa,12 Day Expiry Rule,03/05/2026,0
IBUAA1060861,Located,="76925",SL RS WHITE HOT DOG BUNS 16P 28Z,03/05/2026 06:19:42 PM,105,105,0,03/05/2026 06:16:31 PM,FRZ-0-70-0,03/05/2026 06:16:31 PM,,06/08/2026,5,105,UAA-147196,UAA102A030526,03/05/2026 06:16:31 PM,,bbugvazquezuaa,bbugvazquezuaa,12 Day Expiry Rule,03/05/2026,0
IBUAA1060862,Located,="76925",SL RS WHITE HOT DOG BUNS 16P 28Z,03/05/2026 06:19:42 PM,105,105,0,03/05/2026 06:16:33 PM,FRZ-0-70-0,03/05/2026 06:16:34 PM,,06/08/2026,5,105,UAA-147196,UAA102A030526,03/05/2026 06:16:33 PM,,bbugvazquezuaa,bbugvazquezuaa,12 Day Expiry Rule,03/05/2026,0
IBUAA1060866,Located,="76925",SL RS WHITE HOT DOG BUNS 16P 28Z,03/05/2026 06:18:58 PM,105,105,0,03/05/2026 06:17:36 PM,FRZ-0-70-0,03/05/2026 06:17:37 PM,,06/08/2026,5,105,UAA-147196,UAA102A030526,03/05/2026 06:17:36 PM,,bbunriffleuaa,bbunriffleuaa,12 Day Expiry Rule,03/05/2026,0
IBUAA1060872,Located,="76925",SL RS WHITE HOT DOG BUNS 16P 28Z,03/05/2026 06:22:58 PM,105,105,0,03/05/2026 06:20:03 PM,FRZ-0-70-0,03/05/2026 06:20:04 PM,,06/08/2026,5,105,UAA-147196,UAA102A030526,03/05/2026 06:20:03 PM,,bbunriffleuaa,bbunriffleuaa,12 Day Expiry Rule,03/05/2026,0
IBUAA1060873,Located,="76925",SL RS WHITE HOT DOG BUNS 16P 28Z,03/05/2026 06:22:58 PM,105,105,0,03/05/2026 06:20:06 PM,FRZ-0-70-0,03/05/2026 06:20:07 PM,,06/08/2026,5,105,UAA-147196,UAA102A030526,03/05/2026 06:20:06 PM,,bbunriffleuaa,bbunriffleuaa,12 Day Expiry Rule,03/05/2026,0
IBUAA1060874,Located,="76925",SL RS WHITE HOT DOG BUNS 16P 28Z,03/05/2026 06:22:58 PM,105,105,0,03/05/2026 06:20:38 PM,FRZ-0-70-0,03/05/2026 06:20:39 PM,,06/08/2026,5,105,UAA-147196,UAA102A030526,03/05/2026 06:20:38 PM,,bbunriffleuaa,bbunriffleuaa,12 Day Expiry Rule,03/05/2026,0
IBUAA1060877,Located,="76925",SL RS WHITE HOT DOG BUNS 16P 28Z,03/05/2026 06:27:12 PM,105,105,0,03/05/2026 06:24:29 PM,FRZ-0-70-0,03/05/2026 06:24:30 PM,,06/08/2026,5,105,UAA-147196,UAA102A030526,03/05/2026 06:24:29 PM,,bbunriffleuaa,bbunriffleuaa,12 Day Expiry Rule,03/05/2026,0
IBUAA1060878,Located,="76925",SL RS WHITE HOT DOG BUNS 16P 28Z,03/05/2026 06:27:11 PM,105,105,0,03/05/2026 06:24:32 PM,FRZ-0-70-0,03/05/2026 06:24:33 PM,,06/08/2026,5,105,UAA-147196,UAA102A030526,03/05/2026 06:24:32 PM,,bbunriffleuaa,bbunriffleuaa,12 Day Expiry Rule,03/05/2026,0
IBUAA1060879,Located,="76925",SL RS WHITE HOT DOG BUNS 16P 28Z,03/05/2026 06:27:11 PM,105,105,0,03/05/2026 06:24:34 PM,FRZ-0-70-0,03/05/2026 06:24:35 PM,,06/08/2026,5,105,UAA-147196,UAA102A030526,03/05/2026 06:24:34 PM,,bbunriffleuaa,bbunriffleuaa,12 Day Expiry Rule,03/05/2026,0
IBUAA1060882,Located,="76925",SL RS WHITE HOT DOG BUNS 16P 28Z,03/05/2026 06:32:22 PM,105,105,0,03/05/2026 06:29:06 PM,FRZ-0-70-0,03/05/2026 06:29:07 PM,,06/08/2026,5,105,UAA-147196,UAA102A030526,03/05/2026 06:29:06 PM,,bbunriffleuaa,bbunriffleuaa,12 Day Expiry Rule,03/05/2026,0
IBUAA1060883,Located,="76925",SL RS WHITE HOT DOG BUNS 16P 28Z,03/05/2026 06:32:22 PM,105,105,0,03/05/2026 06:29:09 PM,FRZ-0-70-0,03/05/2026 06:29:10 PM,,06/08/2026,5,105,UAA-147196,UAA102A030526,03/05/2026 06:29:09 PM,,bbunriffleuaa,bbunriffleuaa,12 Day Expiry Rule,03/05/2026,0
IBUAA1060884,Located,="76925",SL RS WHITE HOT DOG BUNS 16P 28Z,03/05/2026 06:32:22 PM,105,105,0,03/05/2026 06:29:11 PM,FRZ-0-70-0,03/05/2026 06:29:12 PM,,06/08/2026,5,105,UAA-147196,UAA102A030526,03/05/2026 06:29:11 PM,,bbunriffleuaa,bbunriffleuaa,12 Day Expiry Rule,03/05/2026,0
IBUAA1060886,Located,="76925",SL RS WHITE HOT DOG BUNS 16P 28Z,03/05/2026 06:36:25 PM,105,105,0,03/05/2026 06:34:14 PM,FRZ-0-70-0,03/05/2026 06:34:15 PM,,06/08/2026,5,105,UAA-147196,UAA102A030526,03/05/2026 06:34:14 PM,,bbunriffleuaa,bbunriffleuaa,12 Day Expiry Rule,03/05/2026,0
IBUAA1060888,Located,="76925",SL RS WHITE HOT DOG BUNS 16P 28Z,03/05/2026 06:36:25 PM,105,105,0,03/05/2026 06:34:17 PM,FRZ-0-70-0,03/05/2026 06:34:17 PM,,06/08/2026,5,105,UAA-147196,UAA102A030526,03/05/2026 06:34:17 PM,,bbunriffleuaa,bbunriffleuaa,12 Day Expiry Rule,03/05/2026,0
IBUAA1060891,Located,="76925",SL RS WHITE HOT DOG BUNS 16P 28Z,03/05/2026 06:40:03 PM,105,105,0,03/05/2026 06:37:32 PM,FRZ-0-70-0,03/05/2026 06:37:32 PM,,06/08/2026,5,105,UAA-147196,UAA102A030526,03/05/2026 06:37:32 PM,,bbunriffleuaa,bbunriffleuaa,12 Day Expiry Rule,03/05/2026,0
IBUAA1060912,Located,="76925",SL RS WHITE HOT DOG BUNS 16P 28Z,03/05/2026 06:40:03 PM,105,105,0,03/05/2026 06:37:36 PM,FRZ-0-70-0,03/05/2026 06:37:37 PM,,06/08/2026,5,105,UAA-147196,UAA102A030526,03/05/2026 06:37:36 PM,,bbunriffleuaa,bbunriffleuaa,12 Day Expiry Rule,03/05/2026,0
IBUAA1060760,Located,="76925",SL RS WHITE HOT DOG BUNS 16P 28Z,03/05/2026 06:40:48 PM,105,105,0,03/05/2026 06:38:33 PM,FRZ-0-70-0,03/05/2026 06:38:35 PM,,06/08/2026,5,105,UAA-147196,UAA102A030526,03/05/2026 06:38:33 PM,,bbugvazquezuaa,bbugvazquezuaa,12 Day Expiry Rule,03/05/2026,0
IBUAA1060761,Located,="76925",SL RS WHITE HOT DOG BUNS 16P 28Z,03/05/2026 06:40:49 PM,105,105,0,03/05/2026 06:38:37 PM,FRZ-0-70-0,03/05/2026 06:38:38 PM,,06/08/2026,5,105,UAA-147196,UAA102A030526,03/05/2026 06:38:37 PM,,bbugvazquezuaa,bbugvazquezuaa,12 Day Expiry Rule,03/05/2026,0
IBUAA1060916,Located,="76925",SL RS WHITE HOT DOG BUNS 16P 28Z,03/05/2026 06:43:43 PM,105,105,0,03/05/2026 06:42:19 PM,FRZ-0-70-0,03/05/2026 06:42:22 PM,,06/08/2026,5,105,UAA-147196,UAA102A030526,03/05/2026 06:42:19 PM,,bbunriffleuaa,bbunriffleuaa,12 Day Expiry Rule,03/05/2026,0
IBUAA1060762,Located,="76925",SL RS WHITE HOT DOG BUNS 16P 28Z,03/05/2026 06:45:39 PM,105,105,0,03/05/2026 06:43:19 PM,FRZ-0-70-0,03/05/2026 06:43:20 PM,,06/08/2026,5,105,UAA-147196,UAA102A030526,03/05/2026 06:43:19 PM,,bbugvazquezuaa,bbugvazquezuaa,12 Day Expiry Rule,03/05/2026,0
IBUAA1060763,Located,="76925",SL RS WHITE HOT DOG BUNS 16P 28Z,03/05/2026 06:45:39 PM,105,105,0,03/05/2026 06:43:24 PM,FRZ-0-70-0,03/05/2026 06:43:25 PM,,06/08/2026,5,105,UAA-147196,UAA102A030526,03/05/2026 06:43:24 PM,,bbugvazquezuaa,bbugvazquezuaa,12 Day Expiry Rule,03/05/2026,0
IBUAA1060917,Located,="76925",SL RS WHITE HOT DOG BUNS 16P 28Z,03/05/2026 06:46:55 PM,105,105,0,03/05/2026 06:45:20 PM,FRZ-0-70-0,03/05/2026 06:45:21 PM,,06/08/2026,5,105,UAA-147196,UAA102A030526,03/05/2026 06:45:20 PM,,bbunriffleuaa,bbunriffleuaa,12 Day Expiry Rule,03/05/2026,0
IBUAA1060921,Located,="76925",SL RS WHITE HOT DOG BUNS 16P 28Z,03/05/2026 06:50:58 PM,105,105,0,03/05/2026 06:49:27 PM,FRZ-0-70-0,03/05/2026 06:49:28 PM,,06/08/2026,5,105,UAA-147196,UAA102A030526,03/05/2026 06:49:27 PM,,bbunriffleuaa,bbunriffleuaa,12 Day Expiry Rule,03/05/2026,0
IBUAA1060766,Located,="76925",SL RS WHITE HOT DOG BUNS 16P 28Z,03/05/2026 06:53:23 PM,105,105,0,03/05/2026 06:49:35 PM,FRZ-0-70-0,03/05/2026 06:49:35 PM,,06/08/2026,5,105,UAA-147196,UAA102A030526,03/05/2026 06:49:35 PM,,bbugvazquezuaa,bbugvazquezuaa,12 Day Expiry Rule,03/05/2026,0
IBUAA1060767,Located,="76925",SL RS WHITE HOT DOG BUNS 16P 28Z,03/05/2026 06:53:23 PM,105,105,0,03/05/2026 06:49:37 PM,FRZ-0-70-0,03/05/2026 06:49:38 PM,,06/08/2026,5,105,UAA-147196,UAA102A030526,03/05/2026 06:49:37 PM,,bbugvazquezuaa,bbugvazquezuaa,12 Day Expiry Rule,03/05/2026,0
IBUAA1060922,Located,="76925",SL RS WHITE HOT DOG BUNS 16P 28Z,03/05/2026 06:54:26 PM,105,105,0,03/05/2026 06:52:54 PM,FRZ-0-70-0,03/05/2026 06:52:54 PM,,06/08/2026,5,105,UAA-147196,UAA102A030526,03/05/2026 06:52:54 PM,,bbunriffleuaa,bbunriffleuaa,12 Day Expiry Rule,03/05/2026,0
IBUAA1060771,Located,="76925",SL RS WHITE HOT DOG BUNS 16P 28Z,03/05/2026 06:58:16 PM,105,105,0,03/05/2026 06:56:10 PM,FRZ-0-70-0,03/05/2026 06:56:11 PM,,06/08/2026,5,105,UAA-147196,UAA102A030526,03/05/2026 06:56:10 PM,,bbugvazquezuaa,bbugvazquezuaa,12 Day Expiry Rule,03/05/2026,0
IBUAA1060932,Located,="76925",SL RS WHITE HOT DOG BUNS 16P 28Z,03/05/2026 06:58:16 PM,105,105,0,03/05/2026 06:56:15 PM,FRZ-0-70-0,03/05/2026 06:56:16 PM,,06/08/2026,5,105,UAA-147196,UAA102A030526,03/05/2026 06:56:15 PM,,bbugvazquezuaa,bbugvazquezuaa,12 Day Expiry Rule,03/05/2026,0
IBUAA1060926,Located,="76925",SL RS WHITE HOT DOG BUNS 16P 28Z,03/05/2026 06:58:16 PM,105,105,0,03/05/2026 06:56:28 PM,FRZ-0-70-0,03/05/2026 06:56:29 PM,,06/08/2026,5,105,UAA-147196,UAA102A030526,03/05/2026 06:56:28 PM,,bbunriffleuaa,bbugvazquezuaa,12 Day Expiry Rule,03/05/2026,0
IBUAA1060927,Located,="76925",SL RS WHITE HOT DOG BUNS 16P 28Z,03/05/2026 06:58:16 PM,105,105,0,03/05/2026 06:56:31 PM,FRZ-0-70-0,03/05/2026 06:56:32 PM,,06/08/2026,5,105,UAA-147196,UAA102A030526,03/05/2026 06:56:31 PM,,bbunriffleuaa,bbugvazquezuaa,12 Day Expiry Rule,03/05/2026,0
IBUAA1060934,Located,="76925",SL RS WHITE HOT DOG BUNS 16P 28Z,03/05/2026 07:02:54 PM,105,105,0,03/05/2026 07:00:30 PM,FRZ-0-70-0,03/05/2026 07:00:31 PM,,06/08/2026,5,105,UAA-147196,UAA102A030526,03/05/2026 07:00:30 PM,,bbugvazquezuaa,bbugvazquezuaa,12 Day Expiry Rule,03/05/2026,0
IBUAA1060935,Located,="76925",SL RS WHITE HOT DOG BUNS 16P 28Z,03/05/2026 07:02:54 PM,105,105,0,03/05/2026 07:00:33 PM,FRZ-0-70-0,03/05/2026 07:00:34 PM,,06/08/2026,5,105,UAA-147196,UAA102A030526,03/05/2026 07:00:33 PM,,bbugvazquezuaa,bbugvazquezuaa,12 Day Expiry Rule,03/05/2026,0
IBUAA1060931,Located,="76925",SL RS WHITE HOT DOG BUNS 16P 28Z,03/05/2026 07:05:36 PM,105,105,0,03/05/2026 07:02:39 PM,FRZ-0-70-0,03/05/2026 07:02:40 PM,,06/08/2026,5,105,UAA-147196,UAA102A030526,03/05/2026 07:02:39 PM,,bbunriffleuaa,bbunriffleuaa,12 Day Expiry Rule,03/05/2026,0
IBUAA1060955,Located,="76925",SL RS WHITE HOT DOG BUNS 16P 28Z,03/05/2026 07:09:13 PM,105,105,0,03/05/2026 07:07:14 PM,FRZ-0-70-0,03/05/2026 07:07:15 PM,,06/08/2026,5,105,UAA-147196,UAA102A030526,03/05/2026 07:07:14 PM,,bbunriffleuaa,bbunriffleuaa,12 Day Expiry Rule,03/05/2026,0
IBUAA1060939,Located,="76925",SL RS WHITE HOT DOG BUNS 16P 28Z,03/05/2026 07:10:41 PM,105,105,0,03/05/2026 07:08:16 PM,FRZ-0-70-0,03/05/2026 07:08:17 PM,,06/08/2026,5,105,UAA-147196,UAA102A030526,03/05/2026 07:08:16 PM,,bbugvazquezuaa,bbugvazquezuaa,12 Day Expiry Rule,03/05/2026,0
IBUAA1060940,Located,="76925",SL RS WHITE HOT DOG BUNS 16P 28Z,03/05/2026 07:10:41 PM,105,105,0,03/05/2026 07:08:21 PM,FRZ-0-70-0,03/05/2026 07:08:22 PM,,06/08/2026,5,105,UAA-147196,UAA102A030526,03/05/2026 07:08:21 PM,,bbugvazquezuaa,bbugvazquezuaa,12 Day Expiry Rule,03/05/2026,0
IBUAA1060956,Located,="76925",SL RS WHITE HOT DOG BUNS 16P 28Z,03/05/2026 07:12:21 PM,105,105,0,03/05/2026 07:10:18 PM,FRZ-0-70-0,03/05/2026 07:10:19 PM,,06/08/2026,5,105,UAA-147196,UAA102A030526,03/05/2026 07:10:18 PM,,bbunriffleuaa,bbunriffleuaa,12 Day Expiry Rule,03/05/2026,0
IBUAA1060943,Located,="76925",SL RS WHITE HOT DOG BUNS 16P 28Z,03/05/2026 07:18:03 PM,105,105,0,03/05/2026 07:15:39 PM,FRZ-0-70-0,03/05/2026 07:15:40 PM,,06/08/2026,5,105,UAA-147196,UAA102A030526,03/05/2026 07:15:37 PM,,bbugvazquezuaa,bbugvazquezuaa,12 Day Expiry Rule,03/05/2026,0
IBUAA1060944,Located,="76925",SL RS WHITE HOT DOG BUNS 16P 28Z,03/05/2026 07:18:03 PM,105,105,0,03/05/2026 07:15:42 PM,FRZ-0-70-0,03/05/2026 07:15:49 PM,,06/08/2026,5,105,UAA-147196,UAA102A030526,03/05/2026 07:15:42 PM,,bbugvazquezuaa,bbugvazquezuaa,12 Day Expiry Rule,03/05/2026,0
IBUAA1060961,Located,="76925",SL RS WHITE HOT DOG BUNS 16P 28Z,03/05/2026 07:21:11 PM,105,105,0,03/05/2026 07:18:44 PM,FRZ-0-70-0,03/05/2026 07:18:44 PM,,06/08/2026,5,105,UAA-147196,UAA102A030526,03/05/2026 07:18:44 PM,,bbunriffleuaa,bbunriffleuaa,12 Day Expiry Rule,03/05/2026,0
IBUAA1060962,Located,="76925",SL RS WHITE HOT DOG BUNS 16P 28Z,03/05/2026 07:21:11 PM,105,105,0,03/05/2026 07:18:46 PM,FRZ-0-70-0,03/05/2026 07:18:47 PM,,06/08/2026,5,105,UAA-147196,UAA102A030526,03/05/2026 07:18:46 PM,,bbunriffleuaa,bbunriffleuaa,12 Day Expiry Rule,03/05/2026,0
IBUAA1060963,Located,="76925",SL RS WHITE HOT DOG BUNS 16P 28Z,03/05/2026 07:21:11 PM,105,105,0,03/05/2026 07:18:49 PM,FRZ-0-70-0,03/05/2026 07:18:50 PM,,06/08/2026,5,105,UAA-147196,UAA102A030526,03/05/2026 07:18:49 PM,,bbunriffleuaa,bbunriffleuaa,12 Day Expiry Rule,03/05/2026,0
IBUAA1060947,Located,="76925",SL RS WHITE HOT DOG BUNS 16P 28Z,03/05/2026 07:24:51 PM,105,105,0,03/05/2026 07:20:52 PM,FRZ-0-70-0,03/05/2026 07:20:53 PM,,06/08/2026,5,105,UAA-147196,UAA102A030526,03/05/2026 07:20:52 PM,,bbugvazquezuaa,bbugvazquezuaa,12 Day Expiry Rule,03/05/2026,0
IBUAA1060948,Located,="76925",SL RS WHITE HOT DOG BUNS 16P 28Z,03/05/2026 07:24:51 PM,105,105,0,03/05/2026 07:20:56 PM,FRZ-0-70-0,03/05/2026 07:20:57 PM,,06/08/2026,5,105,UAA-147196,UAA102A030526,03/05/2026 07:20:56 PM,,bbugvazquezuaa,bbugvazquezuaa,12 Day Expiry Rule,03/05/2026,0
IBUAA1060964,Located,="76925",SL RS WHITE HOT DOG BUNS 16P 28Z,03/05/2026 07:25:13 PM,105,105,0,03/05/2026 07:22:43 PM,FRZ-0-70-0,03/05/2026 07:22:44 PM,,06/08/2026,5,105,UAA-147196,UAA102A030526,03/05/2026 07:22:43 PM,,bbunriffleuaa,bbunriffleuaa,12 Day Expiry Rule,03/05/2026,0
IBUAA1060965,Located,="76925",SL RS WHITE HOT DOG BUNS 16P 28Z,03/05/2026 07:25:13 PM,105,105,0,03/05/2026 07:22:46 PM,FRZ-0-70-0,03/05/2026 07:22:47 PM,,06/08/2026,5,105,UAA-147196,UAA102A030526,03/05/2026 07:22:46 PM,,bbunriffleuaa,bbunriffleuaa,12 Day Expiry Rule,03/05/2026,0
IBUAA1060950,Located,="76925",SL RS WHITE HOT DOG BUNS 16P 28Z,03/05/2026 07:31:57 PM,105,105,0,03/05/2026 07:27:20 PM,FRZ-0-70-0,03/05/2026 07:27:21 PM,,06/08/2026,5,105,UAA-147196,UAA102A030526,03/05/2026 07:27:20 PM,,bbugvazquezuaa,bbugvazquezuaa,12 Day Expiry Rule,03/05/2026,0
IBUAA1060973,Located,="76925",SL RS WHITE HOT DOG BUNS 16P 28Z,03/05/2026 07:31:57 PM,105,105,0,03/05/2026 07:27:39 PM,FRZ-0-70-0,03/05/2026 07:27:40 PM,,06/08/2026,5,105,UAA-147196,UAA102A030526,03/05/2026 07:27:39 PM,,bbugvazquezuaa,bbugvazquezuaa,12 Day Expiry Rule,03/05/2026,0
IBUAA1060970,Located,="76925",SL RS WHITE HOT DOG BUNS 16P 28Z,03/05/2026 07:30:32 PM,105,105,0,03/05/2026 07:28:52 PM,FRZ-0-70-0,03/05/2026 07:28:53 PM,,06/08/2026,5,105,UAA-147196,UAA102A030526,03/05/2026 07:28:52 PM,,bbunriffleuaa,bbunriffleuaa,12 Day Expiry Rule,03/05/2026,0
IBUAA1060971,Located,="76925",SL RS WHITE HOT DOG BUNS 16P 28Z,03/05/2026 07:33:04 PM,105,105,0,03/05/2026 07:31:52 PM,FRZ-0-70-0,03/05/2026 07:31:53 PM,,06/08/2026,5,105,UAA-147196,UAA102A030526,03/05/2026 07:31:52 PM,,bbunriffleuaa,bbunriffleuaa,12 Day Expiry Rule,03/05/2026,0
IBUAA1060994,Located,="76925",SL RS WHITE HOT DOG BUNS 16P 28Z,03/05/2026 07:37:27 PM,105,105,0,03/05/2026 07:34:38 PM,FRZ-0-70-0,03/05/2026 07:34:39 PM,,06/08/2026,5,105,UAA-147196,UAA102A030526,03/05/2026 07:34:38 PM,,bbunriffleuaa,bbunriffleuaa,12 Day Expiry Rule,03/05/2026,0
IBUAA1060974,Located,="76925",SL RS WHITE HOT DOG BUNS 16P 28Z,03/05/2026 07:37:31 PM,105,105,0,03/05/2026 07:35:13 PM,FRZ-0-70-0,03/05/2026 07:35:14 PM,,06/08/2026,5,105,UAA-147196,UAA102A030526,03/05/2026 07:35:13 PM,,bbugvazquezuaa,bbugvazquezuaa,12 Day Expiry Rule,03/05/2026,0
IBUAA1060975,Located,="76925",SL RS WHITE HOT DOG BUNS 16P 28Z,03/05/2026 07:37:31 PM,105,105,0,03/05/2026 07:35:15 PM,FRZ-0-70-0,03/05/2026 07:35:16 PM,,06/08/2026,5,105,UAA-147196,UAA102A030526,03/05/2026 07:35:15 PM,,bbugvazquezuaa,bbugvazquezuaa,12 Day Expiry Rule,03/05/2026,0
IBUAA1060997,Located,="76925",SL RS WHITE HOT DOG BUNS 16P 28Z,03/05/2026 07:51:27 PM,100,105,0,03/05/2026 07:41:54 PM,FRZ-0-70-0,03/05/2026 07:41:55 PM,,06/08/2026,5,105,UAA-147196,UAA102A030526,03/05/2026 07:41:54 PM,,bbunriffleuaa,bbujdillarduaa,12 Day Expiry Rule,03/05/2026,0
OBUAA0000986160,Located,="76925",SL RS WHITE HOT DOG BUNS 16P 28Z,03/05/2026 07:51:28 PM,0,105,0,03/05/2026 07:45:52 PM,FRZ-0-70-0,03/05/2026 07:46:30 PM,,06/08/2026,5,0,,UAA102A030526,,,bbudbakeruaa,bbujdillarduaa,12 Day Expiry Rule,,0
IBUAA1060977,Located,="76925",SL RS WHITE HOT DOG BUNS 16P 28Z,03/05/2026 07:51:27 PM,105,105,0,03/05/2026 07:47:42 PM,FRZ-0-70-0,03/05/2026 07:47:43 PM,,06/08/2026,5,105,UAA-147196,UAA102A030526,03/05/2026 07:47:42 PM,,bbudbakeruaa,bbujdillarduaa,12 Day Expiry Rule,03/05/2026,0
IBUAA1060978,Located,="76925",SL RS WHITE HOT DOG BUNS 16P 28Z,03/05/2026 07:51:27 PM,105,105,0,03/05/2026 07:48:24 PM,FRZ-0-70-0,03/05/2026 07:48:24 PM,,06/08/2026,5,105,UAA-147196,UAA102A030526,03/05/2026 07:48:24 PM,,bbudbakeruaa,bbujdillarduaa,12 Day Expiry Rule,03/05/2026,0
IBUAA1060979,Located,="76925",SL RS WHITE HOT DOG BUNS 16P 28Z,03/05/2026 07:53:34 PM,105,105,0,03/05/2026 07:49:03 PM,FRZ-0-70-0,03/05/2026 07:49:04 PM,,06/08/2026,5,105,UAA-147196,UAA102A030526,03/05/2026 07:49:03 PM,,bbudbakeruaa,bbudbakeruaa,12 Day Expiry Rule,03/05/2026,0
IBUAA1060981,Located,="76925",SL RS WHITE HOT DOG BUNS 16P 28Z,03/05/2026 07:53:34 PM,105,105,0,03/05/2026 07:51:18 PM,FRZ-0-70-0,03/05/2026 07:51:18 PM,,06/08/2026,5,105,UAA-147196,UAA102A030526,03/05/2026 07:51:17 PM,,bbudbakeruaa,bbudbakeruaa,12 Day Expiry Rule,03/05/2026,0
IBUAA1060983,Located,="76925",SL RS WHITE HOT DOG BUNS 16P 28Z,03/05/2026 07:57:13 PM,105,105,0,03/05/2026 07:55:59 PM,FRZ-0-70-0,03/05/2026 07:56:00 PM,,06/08/2026,5,105,UAA-147196,UAA102A030526,03/05/2026 07:55:59 PM,,bbudbakeruaa,bbudbakeruaa,12 Day Expiry Rule,03/05/2026,0
IBUAA1060986,Located,="76925",SL RS WHITE HOT DOG BUNS 16P 28Z,03/05/2026 08:02:39 PM,105,105,0,03/05/2026 08:01:13 PM,FRZ-0-70-0,03/05/2026 08:01:13 PM,,06/08/2026,5,105,UAA-147196,UAA102A030526,03/05/2026 08:01:13 PM,,bbudbakeruaa,bbudbakeruaa,12 Day Expiry Rule,03/05/2026,0
IBUAA1060815,Located,="76925",SL RS WHITE HOT DOG BUNS 16P 28Z,03/05/2026 08:09:43 PM,105,105,0,03/05/2026 08:07:28 PM,FRZ-0-70-0,03/05/2026 08:07:30 PM,,06/08/2026,5,105,UAA-147196,UAA102A030526,03/05/2026 08:07:28 PM,,bbugvazquezuaa,bbugvazquezuaa,12 Day Expiry Rule,03/05/2026,0
IBUAA1061548,Located,="71468",BIM WHITE HOT DOG BUNS 8P 14Z,03/06/2026 07:37:58 PM,252,72,0,03/06/2026 02:41:20 AM,INV-01-01-02,03/06/2026 02:41:21 AM,,03/30/2026,12,252,UAA-147207,UAA102A030626,03/06/2026 02:41:20 AM,,bbunriffleuaa,bbudashuaa,12 Day Expiry Rule,03/06/2026,0
IBUAA1063732,Located,="71468",BIM WHITE HOT DOG BUNS 8P 14Z,03/09/2026 10:50:54 AM,252,252,0,03/09/2026 10:30:02 AM,FRZ-0-71-0,03/09/2026 10:30:27 AM,,06/08/2026,12,252,UAA-147874,UAA102A030926,03/09/2026 10:30:02 AM,,bbumkentgenuaa,bbushunteruaa,12 Day Expiry Rule,03/09/2026,0
IBUAA1063752,Located,="71468",BIM WHITE HOT DOG BUNS 8P 14Z,03/09/2026 10:50:54 AM,252,252,0,03/09/2026 10:49:35 AM,FRZ-0-71-0,03/09/2026 10:49:36 AM,,06/08/2026,12,252,UAA-147874,UAA102A030926,03/09/2026 10:49:35 AM,,bbushunteruaa,bbushunteruaa,12 Day Expiry Rule,03/09/2026,0
IBUAA1063773,Located,="71468",BIM WHITE HOT DOG BUNS 8P 14Z,03/09/2026 11:17:39 AM,252,252,0,03/09/2026 11:15:10 AM,FRZ-0-71-0,03/09/2026 11:15:13 AM,,06/08/2026,12,252,UAA-147874,UAA102A030926,03/09/2026 11:15:10 AM,,bbushunteruaa,bbushunteruaa,12 Day Expiry Rule,03/09/2026,0
IBUAA1063814,Located,="71468",BIM WHITE HOT DOG BUNS 8P 14Z,03/09/2026 11:49:02 AM,252,252,0,03/09/2026 11:46:13 AM,FRZ-0-71-0,03/09/2026 11:46:15 AM,,06/08/2026,12,252,UAA-147874,UAA102A030926,03/09/2026 11:46:13 AM,,bbuwoakesuaa,bbuwoakesuaa,12 Day Expiry Rule,03/09/2026,0
IBUAA1063815,Located,="71468",BIM WHITE HOT DOG BUNS 8P 14Z,03/09/2026 11:48:23 AM,252,252,0,03/09/2026 11:46:26 AM,FRZ-0-71-0,03/09/2026 11:46:27 AM,,06/08/2026,12,252,UAA-147874,UAA102A030926,03/09/2026 11:46:26 AM,,bbuwoakesuaa,bbushunteruaa,12 Day Expiry Rule,03/09/2026,0
IBUAA1063816,Located,="71468",BIM WHITE HOT DOG BUNS 8P 14Z,03/09/2026 11:48:23 AM,252,252,0,03/09/2026 11:46:31 AM,FRZ-0-71-0,03/09/2026 11:46:32 AM,,06/08/2026,12,252,UAA-147874,UAA102A030926,03/09/2026 11:46:31 AM,,bbuwoakesuaa,bbushunteruaa,12 Day Expiry Rule,03/09/2026,0
IBUAA1063818,Located,="71468",BIM WHITE HOT DOG BUNS 8P 14Z,03/09/2026 11:53:23 AM,252,252,0,03/09/2026 11:51:40 AM,FRZ-0-71-0,03/09/2026 11:51:41 AM,,06/08/2026,12,252,UAA-147874,UAA102A030926,03/09/2026 11:51:40 AM,,bbuwoakesuaa,bbuwoakesuaa,12 Day Expiry Rule,03/09/2026,0
IBUAA1063832,Located,="71468",BIM WHITE HOT DOG BUNS 8P 14Z,03/09/2026 11:53:03 AM,252,252,0,03/09/2026 11:52:14 AM,FRZ-0-71-0,03/09/2026 11:52:16 AM,,06/08/2026,12,252,UAA-147874,UAA102A030926,03/09/2026 11:52:14 AM,,bbushunteruaa,bbushunteruaa,12 Day Expiry Rule,03/09/2026,0
IBUAA1063833,Located,="71468",BIM WHITE HOT DOG BUNS 8P 14Z,03/09/2026 11:58:01 AM,252,252,0,03/09/2026 11:56:45 AM,FRZ-0-71-0,03/09/2026 11:56:46 AM,,06/08/2026,12,252,UAA-147874,UAA102A030926,03/09/2026 11:56:45 AM,,bbushunteruaa,bbushunteruaa,12 Day Expiry Rule,03/09/2026,0
IBUAA1063834,Located,="71468",BIM WHITE HOT DOG BUNS 8P 14Z,03/09/2026 12:01:43 PM,252,252,0,03/09/2026 12:00:15 PM,FRZ-0-71-0,03/09/2026 12:00:16 PM,,06/08/2026,12,252,UAA-147874,UAA102A030926,03/09/2026 12:00:15 PM,,bbushunteruaa,bbushunteruaa,12 Day Expiry Rule,03/09/2026,0
IBUAA1063819,Located,="71468",BIM WHITE HOT DOG BUNS 8P 14Z,03/09/2026 12:02:11 PM,252,252,0,03/09/2026 12:00:29 PM,FRZ-0-71-0,03/09/2026 12:00:30 PM,,06/08/2026,12,252,UAA-147874,UAA102A030926,03/09/2026 12:00:29 PM,,bbuwoakesuaa,bbuwoakesuaa,12 Day Expiry Rule,03/09/2026,0
IBUAA1063822,Located,="71468",BIM WHITE HOT DOG BUNS 8P 14Z,03/09/2026 12:02:53 PM,252,252,0,03/09/2026 12:00:58 PM,FRZ-0-71-0,03/09/2026 12:00:58 PM,,06/08/2026,12,252,UAA-147874,UAA102A030926,03/09/2026 12:00:58 PM,,bbuwoakesuaa,bbuwoakesuaa,12 Day Expiry Rule,03/09/2026,0
IBUAA1063827,Located,="71468",BIM WHITE HOT DOG BUNS 8P 14Z,03/09/2026 12:12:30 PM,252,252,0,03/09/2026 12:10:10 PM,FRZ-0-71-0,03/09/2026 12:10:11 PM,,06/08/2026,12,252,UAA-147874,UAA102A030926,03/09/2026 12:10:10 PM,,bbuwoakesuaa,bbuwoakesuaa,12 Day Expiry Rule,03/09/2026,0
IBUAA1063775,Located,="71468",BIM WHITE HOT DOG BUNS 8P 14Z,03/09/2026 12:15:09 PM,252,252,0,03/09/2026 12:13:30 PM,FRZ-0-71-0,03/09/2026 12:13:32 PM,,06/08/2026,12,252,UAA-147874,UAA102A030926,03/09/2026 12:13:30 PM,,bbushunteruaa,bbushunteruaa,12 Day Expiry Rule,03/09/2026,0
IBUAA1063776,Located,="71468",BIM WHITE HOT DOG BUNS 8P 14Z,03/09/2026 12:15:09 PM,252,252,0,03/09/2026 12:13:50 PM,FRZ-0-71-0,03/09/2026 12:13:51 PM,,06/08/2026,12,252,UAA-147874,UAA102A030926,03/09/2026 12:13:50 PM,,bbushunteruaa,bbushunteruaa,12 Day Expiry Rule,03/09/2026,0
IBUAA1063852,Located,="71468",BIM WHITE HOT DOG BUNS 8P 14Z,03/09/2026 12:16:52 PM,252,252,0,03/09/2026 12:15:30 PM,FRZ-0-71-0,03/09/2026 12:15:32 PM,,06/08/2026,12,252,UAA-147874,UAA102A030926,03/09/2026 12:15:30 PM,,bbuwoakesuaa,bbuwoakesuaa,12 Day Expiry Rule,03/09/2026,0
IBUAA1063855,Located,="71468",BIM WHITE HOT DOG BUNS 8P 14Z,03/09/2026 12:23:01 PM,252,252,0,03/09/2026 12:20:08 PM,FRZ-0-71-0,03/09/2026 12:20:09 PM,,06/08/2026,12,252,UAA-147874,UAA102A030926,03/09/2026 12:20:08 PM,,bbuwoakesuaa,bbuwoakesuaa,12 Day Expiry Rule,03/09/2026,0
IBUAA1063779,Located,="71468",BIM WHITE HOT DOG BUNS 8P 14Z,03/09/2026 12:24:08 PM,252,252,0,03/09/2026 12:22:02 PM,FRZ-0-71-0,03/09/2026 12:22:03 PM,,06/08/2026,12,252,UAA-147874,UAA102A030926,03/09/2026 12:22:02 PM,,bbushunteruaa,bbushunteruaa,12 Day Expiry Rule,03/09/2026,0
IBUAA1063859,Located,="71468",BIM WHITE HOT DOG BUNS 8P 14Z,03/09/2026 12:26:30 PM,252,252,0,03/09/2026 12:25:20 PM,FRZ-0-71-0,03/09/2026 12:25:20 PM,,06/08/2026,12,252,UAA-147874,UAA102A030926,03/09/2026 12:25:20 PM,,bbuwoakesuaa,bbuwoakesuaa,12 Day Expiry Rule,03/09/2026,0
IBUAA1063861,Located,="71468",BIM WHITE HOT DOG BUNS 8P 14Z,03/09/2026 12:29:39 PM,252,252,0,03/09/2026 12:28:16 PM,FRZ-0-71-0,03/09/2026 12:28:17 PM,,06/08/2026,12,252,UAA-147874,UAA102A030926,03/09/2026 12:28:16 PM,,bbuwoakesuaa,bbuwoakesuaa,12 Day Expiry Rule,03/09/2026,0
IBUAA1063863,Located,="71468",BIM WHITE HOT DOG BUNS 8P 14Z,03/09/2026 12:34:00 PM,252,252,0,03/09/2026 12:31:45 PM,FRZ-0-71-0,03/09/2026 12:31:46 PM,,06/08/2026,12,252,UAA-147874,UAA102A030926,03/09/2026 12:31:45 PM,,bbuwoakesuaa,bbuwoakesuaa,12 Day Expiry Rule,03/09/2026,0
IBUAA1063786,Located,="71468",BIM WHITE HOT DOG BUNS 8P 14Z,03/09/2026 12:34:55 PM,252,252,0,03/09/2026 12:32:50 PM,FRZ-0-71-0,03/09/2026 12:32:51 PM,,06/08/2026,12,252,UAA-147874,UAA102A030926,03/09/2026 12:32:50 PM,,bbushunteruaa,bbushunteruaa,12 Day Expiry Rule,03/09/2026,0
IBUAA1063787,Located,="71468",BIM WHITE HOT DOG BUNS 8P 14Z,03/09/2026 12:37:59 PM,252,252,0,03/09/2026 12:35:41 PM,FRZ-0-71-0,03/09/2026 12:35:41 PM,,06/08/2026,12,252,UAA-147874,UAA102A030926,03/09/2026 12:35:41 PM,,bbushunteruaa,bbushunteruaa,12 Day Expiry Rule,03/09/2026,0
IBUAA1063865,Located,="71468",BIM WHITE HOT DOG BUNS 8P 14Z,03/09/2026 12:38:24 PM,252,252,0,03/09/2026 12:36:41 PM,FRZ-0-71-0,03/09/2026 12:36:43 PM,,06/08/2026,12,252,UAA-147874,UAA102A030926,03/09/2026 12:36:41 PM,,bbuwoakesuaa,bbushunteruaa,12 Day Expiry Rule,03/09/2026,0
IBUAA1063791,Located,="71468",BIM WHITE HOT DOG BUNS 8P 14Z,03/09/2026 12:42:29 PM,252,252,0,03/09/2026 12:39:30 PM,FRZ-0-71-0,03/09/2026 12:39:30 PM,,06/08/2026,12,252,UAA-147874,UAA102A030926,03/09/2026 12:39:30 PM,,bbushunteruaa,bbushunteruaa,12 Day Expiry Rule,03/09/2026,0
IBUAA1063874,Located,="71468",BIM WHITE HOT DOG BUNS 8P 14Z,03/09/2026 12:42:55 PM,252,252,0,03/09/2026 12:41:31 PM,FRZ-0-71-0,03/09/2026 12:41:33 PM,,06/08/2026,12,252,UAA-147874,UAA102A030926,03/09/2026 12:41:31 PM,,bbuwoakesuaa,bbuwoakesuaa,12 Day Expiry Rule,03/09/2026,0
IBUAA1063876,Located,="71468",BIM WHITE HOT DOG BUNS 8P 14Z,03/09/2026 12:46:37 PM,252,252,0,03/09/2026 12:44:48 PM,FRZ-0-71-0,03/09/2026 12:44:49 PM,,06/08/2026,12,252,UAA-147874,UAA102A030926,03/09/2026 12:44:48 PM,,bbuwoakesuaa,bbuwoakesuaa,12 Day Expiry Rule,03/09/2026,0
IBUAA1063877,Located,="71468",BIM WHITE HOT DOG BUNS 8P 14Z,03/09/2026 12:46:14 PM,252,252,0,03/09/2026 12:44:56 PM,FRZ-0-71-0,03/09/2026 12:44:57 PM,,06/08/2026,12,252,UAA-147874,UAA102A030926,03/09/2026 12:44:56 PM,,bbushunteruaa,bbushunteruaa,12 Day Expiry Rule,03/09/2026,0
IBUAA1063881,Located,="71468",BIM WHITE HOT DOG BUNS 8P 14Z,03/09/2026 12:49:01 PM,252,252,0,03/09/2026 12:47:26 PM,FRZ-0-71-0,03/09/2026 12:47:27 PM,,06/08/2026,12,252,UAA-147874,UAA102A030926,03/09/2026 12:47:26 PM,,bbushunteruaa,bbushunteruaa,12 Day Expiry Rule,03/09/2026,0
IBUAA1063882,Located,="71468",BIM WHITE HOT DOG BUNS 8P 14Z,03/09/2026 12:48:56 PM,252,252,0,03/09/2026 12:47:41 PM,FRZ-0-71-0,03/09/2026 12:47:42 PM,,06/08/2026,12,252,UAA-147874,UAA102A030926,03/09/2026 12:47:41 PM,,bbuwoakesuaa,bbuwoakesuaa,12 Day Expiry Rule,03/09/2026,0
IBUAA1063885,Located,="71468",BIM WHITE HOT DOG BUNS 8P 14Z,03/09/2026 12:53:11 PM,252,252,0,03/09/2026 12:50:56 PM,FRZ-0-71-0,03/09/2026 12:50:57 PM,,06/08/2026,12,252,UAA-147874,UAA102A030926,03/09/2026 12:50:56 PM,,bbuwoakesuaa,bbuwoakesuaa,12 Day Expiry Rule,03/09/2026,0
IBUAA1063886,Located,="71468",BIM WHITE HOT DOG BUNS 8P 14Z,03/09/2026 12:54:31 PM,252,252,0,03/09/2026 12:53:14 PM,FRZ-0-71-0,03/09/2026 12:53:15 PM,,06/08/2026,12,252,UAA-147874,UAA102A030926,03/09/2026 12:53:14 PM,,bbushunteruaa,bbushunteruaa,12 Day Expiry Rule,03/09/2026,0
IBUAA1063889,Located,="71468",BIM WHITE HOT DOG BUNS 8P 14Z,03/09/2026 12:58:57 PM,252,252,0,03/09/2026 12:58:01 PM,FRZ-0-71-0,03/09/2026 12:58:01 PM,,06/08/2026,12,252,UAA-147874,UAA102A030926,03/09/2026 12:58:01 PM,,bbushunteruaa,bbushunteruaa,12 Day Expiry Rule,03/09/2026,0
IBUAA1063890,Located,="71468",BIM WHITE HOT DOG BUNS 8P 14Z,03/09/2026 01:01:34 PM,252,252,0,03/09/2026 12:59:42 PM,FRZ-0-71-0,03/09/2026 12:59:43 PM,,06/08/2026,12,252,UAA-147874,UAA102A030926,03/09/2026 12:59:42 PM,,bbuwoakesuaa,bbuwoakesuaa,12 Day Expiry Rule,03/09/2026,0
IBUAA1063891,Located,="71468",BIM WHITE HOT DOG BUNS 8P 14Z,03/09/2026 01:01:34 PM,252,252,0,03/09/2026 12:59:45 PM,FRZ-0-71-0,03/09/2026 12:59:46 PM,,06/08/2026,12,252,UAA-147874,UAA102A030926,03/09/2026 12:59:45 PM,,bbuwoakesuaa,bbuwoakesuaa,12 Day Expiry Rule,03/09/2026,0
IBUAA1063913,Located,="71468",BIM WHITE HOT DOG BUNS 8P 14Z,03/09/2026 01:01:45 PM,252,252,0,03/09/2026 01:00:16 PM,FRZ-0-71-0,03/09/2026 01:00:17 PM,,06/08/2026,12,252,UAA-147874,UAA102A030926,03/09/2026 01:00:16 PM,,bbushunteruaa,bbushunteruaa,12 Day Expiry Rule,03/09/2026,0
IBUAA1063914,Located,="71468",BIM WHITE HOT DOG BUNS 8P 14Z,03/09/2026 01:04:34 PM,252,252,0,03/09/2026 01:03:11 PM,FRZ-0-71-0,03/09/2026 01:03:12 PM,,06/08/2026,12,252,UAA-147874,UAA102A030926,03/09/2026 01:03:11 PM,,bbushunteruaa,bbushunteruaa,12 Day Expiry Rule,03/09/2026,0
IBUAA1063916,Located,="71468",BIM WHITE HOT DOG BUNS 8P 14Z,03/09/2026 01:05:55 PM,252,252,0,03/09/2026 01:03:22 PM,FRZ-0-71-0,03/09/2026 01:03:23 PM,,06/08/2026,12,252,UAA-147874,UAA102A030926,03/09/2026 01:03:22 PM,,bbuwoakesuaa,bbuwoakesuaa,12 Day Expiry Rule,03/09/2026,0
IBUAA1063917,Located,="71468",BIM WHITE HOT DOG BUNS 8P 14Z,03/09/2026 01:05:55 PM,252,252,0,03/09/2026 01:03:25 PM,FRZ-0-71-0,03/09/2026 01:03:26 PM,,06/08/2026,12,252,UAA-147874,UAA102A030926,03/09/2026 01:03:25 PM,,bbuwoakesuaa,bbuwoakesuaa,12 Day Expiry Rule,03/09/2026,0
IBUAA1063921,Located,="71468",BIM WHITE HOT DOG BUNS 8P 14Z,03/09/2026 01:14:38 PM,252,252,0,03/09/2026 01:12:07 PM,FRZ-0-71-0,03/09/2026 01:12:08 PM,,06/08/2026,12,252,UAA-147874,UAA102A030926,03/09/2026 01:12:07 PM,,bbushunteruaa,bbushunteruaa,12 Day Expiry Rule,03/09/2026,0
IBUAA1063922,Located,="71468",BIM WHITE HOT DOG BUNS 8P 14Z,03/09/2026 01:15:46 PM,252,252,0,03/09/2026 01:13:15 PM,FRZ-0-71-0,03/09/2026 01:13:16 PM,,06/08/2026,12,252,UAA-147874,UAA102A030926,03/09/2026 01:13:15 PM,,bbuwoakesuaa,bbuwoakesuaa,12 Day Expiry Rule,03/09/2026,0
IBUAA1063924,Located,="71468",BIM WHITE HOT DOG BUNS 8P 14Z,03/09/2026 01:17:37 PM,252,252,0,03/09/2026 01:15:44 PM,FRZ-0-71-0,03/09/2026 01:15:45 PM,,06/08/2026,12,252,UAA-147874,UAA102A030926,03/09/2026 01:15:44 PM,,bbushunteruaa,bbushunteruaa,12 Day Expiry Rule,03/09/2026,0
IBUAA1063925,Located,="71468",BIM WHITE HOT DOG BUNS 8P 14Z,03/09/2026 01:20:37 PM,252,252,0,03/09/2026 01:18:19 PM,FRZ-0-71-0,03/09/2026 01:18:20 PM,,06/08/2026,12,252,UAA-147874,UAA102A030926,03/09/2026 01:18:19 PM,,bbuwoakesuaa,bbuwoakesuaa,12 Day Expiry Rule,03/09/2026,0
IBUAA1063927,Located,="71468",BIM WHITE HOT DOG BUNS 8P 14Z,03/09/2026 01:23:28 PM,252,252,0,03/09/2026 01:22:00 PM,FRZ-0-71-0,03/09/2026 01:22:00 PM,,06/08/2026,12,252,UAA-147874,UAA102A030926,03/09/2026 01:22:00 PM,,bbushunteruaa,bbushunteruaa,12 Day Expiry Rule,03/09/2026,0
IBUAA1063928,Located,="71468",BIM WHITE HOT DOG BUNS 8P 14Z,03/09/2026 01:28:25 PM,252,252,0,03/09/2026 01:23:15 PM,FRZ-0-71-0,03/09/2026 01:23:16 PM,,06/08/2026,12,252,UAA-147874,UAA102A030926,03/09/2026 01:23:15 PM,,bbuwoakesuaa,bbuwoakesuaa,12 Day Expiry Rule,03/09/2026,0
IBUAA1063929,Located,="71468",BIM WHITE HOT DOG BUNS 8P 14Z,03/09/2026 01:27:50 PM,252,252,0,03/09/2026 01:26:42 PM,FRZ-0-71-0,03/09/2026 01:26:43 PM,,06/08/2026,12,252,UAA-147874,UAA102A030926,03/09/2026 01:26:42 PM,,bbushunteruaa,bbushunteruaa,12 Day Expiry Rule,03/09/2026,0
IBUAA1063897,Located,="71468",BIM WHITE HOT DOG BUNS 8P 14Z,03/09/2026 01:34:36 PM,252,252,0,03/09/2026 01:29:21 PM,FRZ-0-71-0,03/09/2026 01:29:23 PM,,06/08/2026,12,252,UAA-147874,UAA102A030926,03/09/2026 01:29:21 PM,,bbuscobbuaa,bbuscobbuaa,12 Day Expiry Rule,03/09/2026,0
IBUAA1063930,Located,="71468",BIM WHITE HOT DOG BUNS 8P 14Z,03/09/2026 01:33:23 PM,252,252,0,03/09/2026 01:30:51 PM,FRZ-0-71-0,03/09/2026 01:30:52 PM,,06/08/2026,12,252,UAA-147874,UAA102A030926,03/09/2026 01:30:51 PM,,bbuwoakesuaa,bbuwoakesuaa,12 Day Expiry Rule,03/09/2026,0
IBUAA1063931,Located,="71468",BIM WHITE HOT DOG BUNS 8P 14Z,03/09/2026 01:36:02 PM,252,252,0,03/09/2026 01:35:05 PM,FRZ-0-71-0,03/09/2026 01:35:05 PM,,06/08/2026,12,252,UAA-147874,UAA102A030926,03/09/2026 01:35:05 PM,,bbuwoakesuaa,bbuwoakesuaa,12 Day Expiry Rule,03/09/2026,0
IBUAA1063972,Located,="71468",BIM WHITE HOT DOG BUNS 8P 14Z,03/09/2026 01:42:43 PM,252,252,0,03/09/2026 01:38:14 PM,FRZ-0-71-0,03/09/2026 01:38:15 PM,,06/08/2026,12,252,UAA-147874,UAA102A030926,03/09/2026 01:38:14 PM,,bbuwoakesuaa,bbuwoakesuaa,12 Day Expiry Rule,03/09/2026,0
IBUAA1063898,Located,="71468",BIM WHITE HOT DOG BUNS 8P 14Z,03/09/2026 01:42:49 PM,252,252,0,03/09/2026 01:41:06 PM,FRZ-0-71-0,03/09/2026 01:41:07 PM,,06/08/2026,12,252,UAA-147874,UAA102A030926,03/09/2026 01:41:06 PM,,bbuscobbuaa,bbuscobbuaa,12 Day Expiry Rule,03/09/2026,0
IBUAA1063973,Located,="71468",BIM WHITE HOT DOG BUNS 8P 14Z,03/09/2026 01:46:22 PM,252,252,0,03/09/2026 01:43:23 PM,FRZ-0-71-0,03/09/2026 01:43:24 PM,,06/08/2026,12,252,UAA-147874,UAA102A030926,03/09/2026 01:43:23 PM,,bbuwoakesuaa,bbuwoakesuaa,12 Day Expiry Rule,03/09/2026,0
IBUAA1063974,Located,="71468",BIM WHITE HOT DOG BUNS 8P 14Z,03/09/2026 01:53:22 PM,252,252,0,03/09/2026 01:47:05 PM,FRZ-0-71-0,03/09/2026 01:47:06 PM,,06/08/2026,12,252,UAA-147874,UAA102A030926,03/09/2026 01:47:05 PM,,bbuwoakesuaa,bbuwoakesuaa,12 Day Expiry Rule,03/09/2026,0
IBUAA1063899,Located,="71468",BIM WHITE HOT DOG BUNS 8P 14Z,03/09/2026 01:58:44 PM,252,252,0,03/09/2026 01:57:06 PM,FRZ-0-71-0,03/09/2026 01:57:08 PM,,06/08/2026,12,252,UAA-147874,UAA102A030926,03/09/2026 01:57:06 PM,,bbushunteruaa,bbushunteruaa,12 Day Expiry Rule,03/09/2026,0
IBUAA1063900,Located,="71468",BIM WHITE HOT DOG BUNS 8P 14Z,03/09/2026 01:58:44 PM,252,252,0,03/09/2026 01:57:16 PM,FRZ-0-71-0,03/09/2026 01:57:17 PM,,06/08/2026,12,252,UAA-147874,UAA102A030926,03/09/2026 01:57:16 PM,,bbushunteruaa,bbushunteruaa,12 Day Expiry Rule,03/09/2026,0
IBUAA1063901,Located,="71468",BIM WHITE HOT DOG BUNS 8P 14Z,03/09/2026 01:58:44 PM,252,252,0,03/09/2026 01:57:24 PM,FRZ-0-71-0,03/09/2026 01:57:25 PM,,06/08/2026,12,252,UAA-147874,UAA102A030926,03/09/2026 01:57:24 PM,,bbushunteruaa,bbushunteruaa,12 Day Expiry Rule,03/09/2026,0
IBUAA1063993,Located,="71468",BIM WHITE HOT DOG BUNS 8P 14Z,03/09/2026 02:00:12 PM,252,252,0,03/09/2026 01:57:36 PM,FRZ-0-71-0,03/09/2026 01:57:38 PM,,06/08/2026,12,252,UAA-147874,UAA102A030926,03/09/2026 01:57:36 PM,,bbuscobbuaa,bbuscobbuaa,12 Day Expiry Rule,03/09/2026,0
IBUAA1063994,Located,="71468",BIM WHITE HOT DOG BUNS 8P 14Z,03/09/2026 02:00:12 PM,252,252,0,03/09/2026 01:58:20 PM,FRZ-0-71-0,03/09/2026 01:58:21 PM,,06/08/2026,12,252,UAA-147874,UAA102A030926,03/09/2026 01:58:20 PM,,bbuscobbuaa,bbuscobbuaa,12 Day Expiry Rule,03/09/2026,0
IBUAA1063999,Located,="71468",BIM WHITE HOT DOG BUNS 8P 14Z,03/09/2026 02:09:18 PM,252,252,0,03/09/2026 02:03:46 PM,FRZ-0-71-0,03/09/2026 02:03:47 PM,,06/08/2026,12,252,UAA-147874,UAA102A030926,03/09/2026 02:03:46 PM,,bbuscobbuaa,bbuscobbuaa,12 Day Expiry Rule,03/09/2026,0
IBUAA1063902,Located,="71468",BIM WHITE HOT DOG BUNS 8P 14Z,03/09/2026 02:05:03 PM,252,252,0,03/09/2026 02:03:49 PM,FRZ-0-71-0,03/09/2026 02:03:50 PM,,06/08/2026,12,252,UAA-147874,UAA102A030926,03/09/2026 02:03:49 PM,,bbushunteruaa,bbushunteruaa,12 Day Expiry Rule,03/09/2026,0
IBUAA1064000,Located,="71468",BIM WHITE HOT DOG BUNS 8P 14Z,03/09/2026 02:09:18 PM,252,252,0,03/09/2026 02:07:22 PM,FRZ-0-71-0,03/09/2026 02:07:23 PM,,06/08/2026,12,252,UAA-147874,UAA102A030926,03/09/2026 02:07:22 PM,,bbuscobbuaa,bbuscobbuaa,12 Day Expiry Rule,03/09/2026,0
IBUAA1063903,Located,="71468",BIM WHITE HOT DOG BUNS 8P 14Z,03/09/2026 02:11:36 PM,252,252,0,03/09/2026 02:07:27 PM,FRZ-0-71-0,03/09/2026 02:07:27 PM,,06/08/2026,12,252,UAA-147874,UAA102A030926,03/09/2026 02:07:27 PM,,bbushunteruaa,bbushunteruaa,12 Day Expiry Rule,03/09/2026,0
IBUAA1063904,Located,="71468",BIM WHITE HOT DOG BUNS 8P 14Z,03/09/2026 02:11:36 PM,252,252,0,03/09/2026 02:10:16 PM,FRZ-0-71-0,03/09/2026 02:15:54 PM,,06/08/2026,12,252,UAA-147874,UAA102A030926,03/09/2026 02:10:16 PM,,bbushunteruaa,bbushunteruaa,12 Day Expiry Rule,03/09/2026,0
IBUAA1064001,Located,="71468",BIM WHITE HOT DOG BUNS 8P 14Z,03/09/2026 02:13:50 PM,252,252,0,03/09/2026 02:11:39 PM,FRZ-0-71-0,03/09/2026 02:11:40 PM,,06/08/2026,12,252,UAA-147874,UAA102A030926,03/09/2026 02:11:39 PM,,bbuscobbuaa,bbuscobbuaa,12 Day Expiry Rule,03/09/2026,0
IBUAA1064002,Located,="71468",BIM WHITE HOT DOG BUNS 8P 14Z,03/09/2026 02:13:50 PM,252,252,0,03/09/2026 02:11:42 PM,FRZ-0-71-0,03/09/2026 02:11:43 PM,,06/08/2026,12,252,UAA-147874,UAA102A030926,03/09/2026 02:11:42 PM,,bbuscobbuaa,bbuscobbuaa,12 Day Expiry Rule,03/09/2026,0
IBUAA1064051,Located,="71468",BIM WHITE HOT DOG BUNS 8P 14Z,03/09/2026 02:48:23 PM,252,252,0,03/09/2026 02:43:06 PM,FRZ-0-71-0,03/09/2026 02:43:08 PM,,06/08/2026,12,252,UAA-147874,UAA102A030926,03/09/2026 02:43:06 PM,,bbushunteruaa,bbushunteruaa,12 Day Expiry Rule,03/09/2026,0
IBUAA1064080,Located,="71468",BIM WHITE HOT DOG BUNS 8P 14Z,03/09/2026 02:45:36 PM,252,252,0,03/09/2026 02:43:48 PM,FRZ-0-71-0,03/09/2026 02:43:51 PM,,06/08/2026,12,252,UAA-147874,UAA102A030926,03/09/2026 02:43:48 PM,,bbuwoakesuaa,bbuwoakesuaa,12 Day Expiry Rule,03/09/2026,0
IBUAA1064082,Located,="71468",BIM WHITE HOT DOG BUNS 8P 14Z,03/09/2026 02:49:02 PM,252,252,0,03/09/2026 02:46:43 PM,FRZ-0-71-0,03/09/2026 02:46:43 PM,,06/08/2026,12,252,UAA-147874,UAA102A030926,03/09/2026 02:46:43 PM,,bbuwoakesuaa,bbuwoakesuaa,12 Day Expiry Rule,03/09/2026,0
IBUAA1064127,Located,="71468",BIM WHITE HOT DOG BUNS 8P 14Z,03/09/2026 02:51:52 PM,252,252,0,03/09/2026 02:50:35 PM,FRZ-0-71-0,03/09/2026 02:50:36 PM,,06/08/2026,12,252,UAA-147874,UAA102A030926,03/09/2026 02:50:35 PM,,bbushunteruaa,bbushunteruaa,12 Day Expiry Rule,03/09/2026,0
IBUAA1064084,Located,="71468",BIM WHITE HOT DOG BUNS 8P 14Z,03/09/2026 02:52:56 PM,252,252,0,03/09/2026 02:50:37 PM,FRZ-0-71-0,03/09/2026 02:50:38 PM,,06/08/2026,12,252,UAA-147874,UAA102A030926,03/09/2026 02:50:37 PM,,bbuwoakesuaa,bbuwoakesuaa,12 Day Expiry Rule,03/09/2026,0
IBUAA1064130,Located,="71468",BIM WHITE HOT DOG BUNS 8P 14Z,03/09/2026 02:56:57 PM,252,252,0,03/09/2026 02:54:17 PM,FRZ-0-71-0,03/09/2026 02:54:17 PM,,06/08/2026,12,252,UAA-147874,UAA102A030926,03/09/2026 02:54:17 PM,,bbushunteruaa,bbushunteruaa,12 Day Expiry Rule,03/09/2026,0
IBUAA1064087,Located,="71468",BIM WHITE HOT DOG BUNS 8P 14Z,03/09/2026 02:56:53 PM,252,252,0,03/09/2026 02:54:28 PM,FRZ-0-71-0,03/09/2026 02:54:28 PM,,06/08/2026,12,252,UAA-147874,UAA102A030926,03/09/2026 02:54:28 PM,,bbuwoakesuaa,bbuwoakesuaa,12 Day Expiry Rule,03/09/2026,0
IBUAA1064090,Located,="71468",BIM WHITE HOT DOG BUNS 8P 14Z,03/09/2026 02:59:54 PM,252,252,0,03/09/2026 02:58:32 PM,FRZ-0-71-0,03/09/2026 02:58:33 PM,,06/08/2026,12,252,UAA-147874,UAA102A030926,03/09/2026 02:58:32 PM,,bbuwoakesuaa,bbuwoakesuaa,12 Day Expiry Rule,03/09/2026,0
IBUAA1064132,Located,="71468",BIM WHITE HOT DOG BUNS 8P 14Z,03/09/2026 03:00:07 PM,252,252,0,03/09/2026 02:59:10 PM,FRZ-0-71-0,03/09/2026 02:59:11 PM,,06/08/2026,12,252,UAA-147874,UAA102A030926,03/09/2026 02:59:10 PM,,bbushunteruaa,bbushunteruaa,12 Day Expiry Rule,03/09/2026,0
IBUAA1064091,Located,="71468",BIM WHITE HOT DOG BUNS 8P 14Z,03/09/2026 03:04:32 PM,252,252,0,03/09/2026 03:01:07 PM,FRZ-0-71-0,03/09/2026 03:01:08 PM,,06/08/2026,12,252,UAA-147874,UAA102A030926,03/09/2026 03:01:07 PM,,bbuwoakesuaa,bbuwoakesuaa,12 Day Expiry Rule,03/09/2026,0
IBUAA1064135,Located,="71468",BIM WHITE HOT DOG BUNS 8P 14Z,03/09/2026 03:02:40 PM,252,252,0,03/09/2026 03:01:27 PM,FRZ-0-71-0,03/09/2026 03:01:28 PM,,06/08/2026,12,252,UAA-147874,UAA102A030926,03/09/2026 03:01:27 PM,,bbushunteruaa,bbushunteruaa,12 Day Expiry Rule,03/09/2026,0
IBUAA1064136,Located,="71468",BIM WHITE HOT DOG BUNS 8P 14Z,03/09/2026 03:06:18 PM,252,252,0,03/09/2026 03:05:01 PM,FRZ-0-71-0,03/09/2026 03:05:02 PM,,06/08/2026,12,252,UAA-147874,UAA102A030926,03/09/2026 03:05:01 PM,,bbushunteruaa,bbushunteruaa,12 Day Expiry Rule,03/09/2026,0
IBUAA1064152,Located,="71468",BIM WHITE HOT DOG BUNS 8P 14Z,03/09/2026 03:07:36 PM,252,252,0,03/09/2026 03:05:30 PM,FRZ-0-71-0,03/09/2026 03:05:31 PM,,06/08/2026,12,252,UAA-147874,UAA102A030926,03/09/2026 03:05:30 PM,,bbuwoakesuaa,bbuwoakesuaa,12 Day Expiry Rule,03/09/2026,0
IBUAA1064139,Located,="71468",BIM WHITE HOT DOG BUNS 8P 14Z,03/09/2026 03:10:27 PM,252,252,0,03/09/2026 03:09:00 PM,FRZ-0-71-0,03/09/2026 03:09:01 PM,,06/08/2026,12,252,UAA-147874,UAA102A030926,03/09/2026 03:09:00 PM,,bbushunteruaa,bbushunteruaa,12 Day Expiry Rule,03/09/2026,0
IBUAA1064153,Located,="71468",BIM WHITE HOT DOG BUNS 8P 14Z,03/09/2026 03:12:12 PM,252,252,0,03/09/2026 03:09:01 PM,FRZ-0-71-0,03/09/2026 03:09:03 PM,,06/08/2026,12,252,UAA-147874,UAA102A030926,03/09/2026 03:09:01 PM,,bbuwoakesuaa,bbuwoakesuaa,12 Day Expiry Rule,03/09/2026,0
IBUAA1064154,Located,="71468",BIM WHITE HOT DOG BUNS 8P 14Z,03/09/2026 03:14:57 PM,252,252,0,03/09/2026 03:12:56 PM,FRZ-0-71-0,03/09/2026 03:12:57 PM,,06/08/2026,12,252,UAA-147874,UAA102A030926,03/09/2026 03:12:56 PM,,bbuwoakesuaa,bbuwoakesuaa,12 Day Expiry Rule,03/09/2026,0
IBUAA1064144,Located,="71468",BIM WHITE HOT DOG BUNS 8P 14Z,03/09/2026 03:20:54 PM,252,252,0,03/09/2026 03:17:38 PM,FRZ-0-71-0,03/09/2026 03:17:38 PM,,06/08/2026,12,252,UAA-147874,UAA102A030926,03/09/2026 03:17:38 PM,,bbushunteruaa,bbushunteruaa,12 Day Expiry Rule,03/09/2026,0
IBUAA1064193,Located,="71468",BIM WHITE HOT DOG BUNS 8P 14Z,03/09/2026 03:21:03 PM,252,252,0,03/09/2026 03:18:53 PM,FRZ-0-71-0,03/09/2026 03:18:54 PM,,06/08/2026,12,252,UAA-147874,UAA102A030926,03/09/2026 03:18:53 PM,,bbuwoakesuaa,bbuwoakesuaa,12 Day Expiry Rule,03/09/2026,0
IBUAA1064145,Located,="71468",BIM WHITE HOT DOG BUNS 8P 14Z,03/09/2026 03:23:01 PM,252,252,0,03/09/2026 03:21:36 PM,FRZ-0-71-0,03/09/2026 03:21:37 PM,,06/08/2026,12,252,UAA-147874,UAA102A030926,03/09/2026 03:21:36 PM,,bbushunteruaa,bbushunteruaa,12 Day Expiry Rule,03/09/2026,0
IBUAA1064195,Located,="71468",BIM WHITE HOT DOG BUNS 8P 14Z,03/09/2026 03:23:42 PM,252,252,0,03/09/2026 03:22:10 PM,FRZ-0-71-0,03/09/2026 03:22:11 PM,,06/08/2026,12,252,UAA-147874,UAA102A030926,03/09/2026 03:22:10 PM,,bbuwoakesuaa,bbuwoakesuaa,12 Day Expiry Rule,03/09/2026,0
IBUAA1064196,Located,="71468",BIM WHITE HOT DOG BUNS 8P 14Z,03/09/2026 03:23:42 PM,252,252,0,03/09/2026 03:22:23 PM,FRZ-0-71-0,03/09/2026 03:22:24 PM,,06/08/2026,12,252,UAA-147874,UAA102A030926,03/09/2026 03:22:23 PM,,bbuwoakesuaa,bbuwoakesuaa,12 Day Expiry Rule,03/09/2026,0
IBUAA1064197,Located,="71468",BIM WHITE HOT DOG BUNS 8P 14Z,03/09/2026 03:23:42 PM,252,252,0,03/09/2026 03:22:36 PM,FRZ-0-71-0,03/09/2026 03:22:37 PM,,06/08/2026,12,252,UAA-147874,UAA102A030926,03/09/2026 03:22:36 PM,,bbuwoakesuaa,bbuwoakesuaa,12 Day Expiry Rule,03/09/2026,0
IBUAA1064146,Located,="71468",BIM WHITE HOT DOG BUNS 8P 14Z,03/09/2026 03:54:13 PM,252,252,0,03/09/2026 03:23:54 PM,FRZ-0-72-0,03/09/2026 03:24:59 PM,,06/08/2026,12,252,UAA-147872,UAA102A030926,03/09/2026 03:23:54 PM,,bbushunteruaa,bbushunteruaa,12 Day Expiry Rule,03/09/2026,0
IBUAA1064199,Located,="71468",BIM WHITE HOT DOG BUNS 8P 14Z,03/09/2026 03:26:30 PM,252,252,0,03/09/2026 03:24:47 PM,FRZ-0-71-0,03/09/2026 03:24:47 PM,,06/08/2026,12,252,UAA-147874,UAA102A030926,03/09/2026 03:24:47 PM,,bbuwoakesuaa,bbuwoakesuaa,12 Day Expiry Rule,03/09/2026,0
IBUAA1064200,Located,="71468",BIM WHITE HOT DOG BUNS 8P 14Z,03/09/2026 03:26:30 PM,252,252,0,03/09/2026 03:24:53 PM,FRZ-0-71-0,03/09/2026 03:24:54 PM,,06/08/2026,12,252,UAA-147874,UAA102A030926,03/09/2026 03:24:53 PM,,bbuwoakesuaa,bbuwoakesuaa,12 Day Expiry Rule,03/09/2026,0
IBUAA1064215,Located,="71468",BIM WHITE HOT DOG BUNS 8P 14Z,03/09/2026 03:54:13 PM,252,252,0,03/09/2026 03:51:35 PM,FRZ-0-72-0,03/09/2026 03:52:50 PM,,06/08/2026,12,252,UAA-147872,UAA102A030926,03/09/2026 03:51:35 PM,,bbushunteruaa,bbushunteruaa,12 Day Expiry Rule,03/09/2026,0
IBUAA1064206,Located,="71468",BIM WHITE HOT DOG BUNS 8P 14Z,03/09/2026 03:56:56 PM,252,252,0,03/09/2026 03:53:03 PM,FRZ-0-72-0,03/09/2026 03:53:04 PM,,06/08/2026,12,252,UAA-147872,UAA102A030926,03/09/2026 03:53:03 PM,,bbuscobbuaa,bbuscobbuaa,12 Day Expiry Rule,03/09/2026,0
IBUAA1064207,Located,="71468",BIM WHITE HOT DOG BUNS 8P 14Z,03/09/2026 04:02:19 PM,252,252,0,03/09/2026 04:00:02 PM,FRZ-0-72-0,03/09/2026 04:00:03 PM,,06/08/2026,12,252,UAA-147872,UAA102A030926,03/09/2026 04:00:02 PM,,bbuscobbuaa,bbuscobbuaa,12 Day Expiry Rule,03/09/2026,0
IBUAA1064208,Located,="71468",BIM WHITE HOT DOG BUNS 8P 14Z,03/09/2026 04:02:18 PM,252,252,0,03/09/2026 04:00:05 PM,FRZ-0-72-0,03/09/2026 04:00:06 PM,,06/08/2026,12,252,UAA-147872,UAA102A030926,03/09/2026 04:00:05 PM,,bbuscobbuaa,bbuscobbuaa,12 Day Expiry Rule,03/09/2026,0
IBUAA1064216,Located,="71468",BIM WHITE HOT DOG BUNS 8P 14Z,03/09/2026 04:04:36 PM,252,252,0,03/09/2026 04:03:20 PM,FRZ-0-72-0,03/09/2026 04:03:21 PM,,06/08/2026,12,252,UAA-147872,UAA102A030926,03/09/2026 04:03:20 PM,,bbushunteruaa,bbushunteruaa,12 Day Expiry Rule,03/09/2026,0
IBUAA1064272,Located,="71468",BIM WHITE HOT DOG BUNS 8P 14Z,03/09/2026 04:12:05 PM,252,252,0,03/09/2026 04:07:35 PM,FRZ-0-72-0,03/09/2026 04:07:36 PM,,06/08/2026,12,252,UAA-147872,UAA102A030926,03/09/2026 04:07:35 PM,,bbushunteruaa,bbushunteruaa,12 Day Expiry Rule,03/09/2026,0
IBUAA1064209,Located,="71468",BIM WHITE HOT DOG BUNS 8P 14Z,03/09/2026 04:10:45 PM,252,252,0,03/09/2026 04:08:26 PM,FRZ-0-72-0,03/09/2026 04:08:27 PM,,06/08/2026,12,252,UAA-147872,UAA102A030926,03/09/2026 04:08:26 PM,,bbuscobbuaa,bbuscobbuaa,12 Day Expiry Rule,03/09/2026,0
IBUAA1064210,Located,="71468",BIM WHITE HOT DOG BUNS 8P 14Z,03/09/2026 04:10:45 PM,252,252,0,03/09/2026 04:08:29 PM,FRZ-0-72-0,03/09/2026 04:08:30 PM,,06/08/2026,12,252,UAA-147872,UAA102A030926,03/09/2026 04:08:29 PM,,bbuscobbuaa,bbuscobbuaa,12 Day Expiry Rule,03/09/2026,0
IBUAA1064211,Located,="71468",BIM WHITE HOT DOG BUNS 8P 14Z,03/09/2026 04:14:34 PM,252,252,0,03/09/2026 04:12:34 PM,FRZ-0-72-0,03/09/2026 04:12:36 PM,,06/08/2026,12,252,UAA-147872,UAA102A030926,03/09/2026 04:12:34 PM,,bbuwoakesuaa,bbuwoakesuaa,12 Day Expiry Rule,03/09/2026,0
IBUAA1064312,Located,="71468",BIM WHITE HOT DOG BUNS 8P 14Z,03/09/2026 04:14:34 PM,252,252,0,03/09/2026 04:12:42 PM,FRZ-0-72-0,03/09/2026 04:12:43 PM,,06/08/2026,12,252,UAA-147872,UAA102A030926,03/09/2026 04:12:42 PM,,bbuwoakesuaa,bbuwoakesuaa,12 Day Expiry Rule,03/09/2026,0
IBUAA1064273,Located,="71468",BIM WHITE HOT DOG BUNS 8P 14Z,03/09/2026 04:15:01 PM,252,252,0,03/09/2026 04:13:32 PM,FRZ-0-72-0,03/09/2026 04:13:33 PM,,06/08/2026,12,252,UAA-147872,UAA102A030926,03/09/2026 04:13:32 PM,,bbushunteruaa,bbushunteruaa,12 Day Expiry Rule,03/09/2026,0
IBUAA1064314,Located,="71468",BIM WHITE HOT DOG BUNS 8P 14Z,03/09/2026 04:19:12 PM,252,252,0,03/09/2026 04:17:21 PM,FRZ-0-72-0,03/09/2026 04:17:22 PM,,06/08/2026,12,252,UAA-147872,UAA102A030926,03/09/2026 04:17:21 PM,,bbuwoakesuaa,bbuwoakesuaa,12 Day Expiry Rule,03/09/2026,0
IBUAA1064274,Located,="71468",BIM WHITE HOT DOG BUNS 8P 14Z,03/09/2026 04:19:27 PM,252,252,0,03/09/2026 04:17:37 PM,FRZ-0-72-0,03/09/2026 04:17:38 PM,,06/08/2026,12,252,UAA-147872,UAA102A030926,03/09/2026 04:17:37 PM,,bbushunteruaa,bbushunteruaa,12 Day Expiry Rule,03/09/2026,0
IBUAA1064275,Located,="71468",BIM WHITE HOT DOG BUNS 8P 14Z,03/09/2026 04:19:27 PM,252,252,0,03/09/2026 04:17:45 PM,FRZ-0-72-0,03/09/2026 04:17:46 PM,,06/08/2026,12,252,UAA-147872,UAA102A030926,03/09/2026 04:17:45 PM,,bbushunteruaa,bbushunteruaa,12 Day Expiry Rule,03/09/2026,0
IBUAA1064315,Located,="71468",BIM WHITE HOT DOG BUNS 8P 14Z,03/09/2026 04:23:29 PM,252,252,0,03/09/2026 04:20:49 PM,FRZ-0-72-0,03/09/2026 04:20:50 PM,,06/08/2026,12,252,UAA-147872,UAA102A030926,03/09/2026 04:20:49 PM,,bbuwoakesuaa,bbuwoakesuaa,12 Day Expiry Rule,03/09/2026,0
IBUAA1064316,Located,="71468",BIM WHITE HOT DOG BUNS 8P 14Z,03/09/2026 04:25:55 PM,252,252,0,03/09/2026 04:24:07 PM,FRZ-0-72-0,03/09/2026 04:24:08 PM,,06/08/2026,12,252,UAA-147872,UAA102A030926,03/09/2026 04:24:07 PM,,bbuwoakesuaa,bbuwoakesuaa,12 Day Expiry Rule,03/09/2026,0
IBUAA1064276,Located,="71468",BIM WHITE HOT DOG BUNS 8P 14Z,03/09/2026 04:26:59 PM,252,252,0,03/09/2026 04:24:18 PM,FRZ-0-72-0,03/09/2026 04:24:19 PM,,06/08/2026,12,252,UAA-147872,UAA102A030926,03/09/2026 04:24:18 PM,,bbushunteruaa,bbushunteruaa,12 Day Expiry Rule,03/09/2026,0
IBUAA1064277,Located,="71468",BIM WHITE HOT DOG BUNS 8P 14Z,03/09/2026 04:26:59 PM,252,252,0,03/09/2026 04:25:06 PM,FRZ-0-72-0,03/09/2026 04:25:07 PM,,06/08/2026,12,252,UAA-147872,UAA102A030926,03/09/2026 04:25:06 PM,,bbushunteruaa,bbushunteruaa,12 Day Expiry Rule,03/09/2026,0
IBUAA1064318,Located,="71468",BIM WHITE HOT DOG BUNS 8P 14Z,03/09/2026 04:29:35 PM,252,252,0,03/09/2026 04:27:53 PM,FRZ-0-72-0,03/09/2026 04:27:54 PM,,06/08/2026,12,252,UAA-147872,UAA102A030926,03/09/2026 04:27:53 PM,,bbuwoakesuaa,bbuwoakesuaa,12 Day Expiry Rule,03/09/2026,0
IBUAA1064278,Located,="71468",BIM WHITE HOT DOG BUNS 8P 14Z,03/09/2026 04:35:39 PM,252,252,0,03/09/2026 04:30:42 PM,FRZ-0-72-0,03/09/2026 04:30:43 PM,,06/08/2026,12,252,UAA-147872,UAA102A030926,03/09/2026 04:30:42 PM,,bbushunteruaa,bbushunteruaa,12 Day Expiry Rule,03/09/2026,0
IBUAA1064279,Located,="71468",BIM WHITE HOT DOG BUNS 8P 14Z,03/09/2026 04:35:39 PM,252,252,0,03/09/2026 04:30:48 PM,FRZ-0-72-0,03/09/2026 04:30:49 PM,,06/08/2026,12,252,UAA-147872,UAA102A030926,03/09/2026 04:30:48 PM,,bbushunteruaa,bbushunteruaa,12 Day Expiry Rule,03/09/2026,0
IBUAA1064319,Located,="71468",BIM WHITE HOT DOG BUNS 8P 14Z,03/09/2026 04:35:06 PM,252,252,0,03/09/2026 04:33:08 PM,FRZ-0-72-0,03/09/2026 04:33:09 PM,,06/08/2026,12,252,UAA-147872,UAA102A030926,03/09/2026 04:33:08 PM,,bbuwoakesuaa,bbuwoakesuaa,12 Day Expiry Rule,03/09/2026,0
IBUAA1064321,Located,="71468",BIM WHITE HOT DOG BUNS 8P 14Z,03/09/2026 04:41:44 PM,252,252,0,03/09/2026 04:36:31 PM,FRZ-0-72-0,03/09/2026 04:36:32 PM,,06/08/2026,12,252,UAA-147872,UAA102A030926,03/09/2026 04:36:31 PM,,bbuwoakesuaa,bbuwoakesuaa,12 Day Expiry Rule,03/09/2026,0
IBUAA1064323,Located,="71468",BIM WHITE HOT DOG BUNS 8P 14Z,03/09/2026 04:47:34 PM,252,252,0,03/09/2026 04:46:00 PM,FRZ-0-72-0,03/09/2026 04:46:01 PM,,06/08/2026,12,252,UAA-147872,UAA102A030926,03/09/2026 04:46:00 PM,,bbuwoakesuaa,bbuwoakesuaa,12 Day Expiry Rule,03/09/2026,0
IBUAA1064375,Located,="71468",BIM WHITE HOT DOG BUNS 8P 14Z,03/09/2026 04:51:25 PM,252,252,0,03/09/2026 04:49:25 PM,FRZ-0-72-0,03/09/2026 04:49:27 PM,,06/08/2026,12,252,UAA-147872,UAA102A030926,03/09/2026 04:49:25 PM,,bbushunteruaa,bbushunteruaa,12 Day Expiry Rule,03/09/2026,0
IBUAA1064325,Located,="71468",BIM WHITE HOT DOG BUNS 8P 14Z,03/09/2026 04:52:56 PM,252,252,0,03/09/2026 04:50:42 PM,FRZ-0-72-0,03/09/2026 04:50:43 PM,,06/08/2026,12,252,UAA-147872,UAA102A030926,03/09/2026 04:50:42 PM,,bbuwoakesuaa,bbuwoakesuaa,12 Day Expiry Rule,03/09/2026,0
IBUAA1064327,Located,="71468",BIM WHITE HOT DOG BUNS 8P 14Z,03/09/2026 04:57:12 PM,252,252,0,03/09/2026 04:55:33 PM,FRZ-0-72-0,03/09/2026 04:55:34 PM,,06/08/2026,12,252,UAA-147872,UAA102A030926,03/09/2026 04:55:33 PM,,bbuwoakesuaa,bbuwoakesuaa,12 Day Expiry Rule,03/09/2026,0
IBUAA1064328,Located,="71468",BIM WHITE HOT DOG BUNS 8P 14Z,03/09/2026 05:00:33 PM,252,252,0,03/09/2026 04:55:44 PM,FRZ-0-72-0,03/09/2026 04:55:45 PM,,06/08/2026,12,252,UAA-147872,UAA102A030926,03/09/2026 04:55:44 PM,,bbuwoakesuaa,bbuwoakesuaa,12 Day Expiry Rule,03/09/2026,0
IBUAA1064329,Located,="71468",BIM WHITE HOT DOG BUNS 8P 14Z,03/09/2026 05:00:33 PM,252,252,0,03/09/2026 04:59:04 PM,FRZ-0-72-0,03/09/2026 04:59:05 PM,,06/08/2026,12,252,UAA-147872,UAA102A030926,03/09/2026 04:59:04 PM,,bbuwoakesuaa,bbuwoakesuaa,12 Day Expiry Rule,03/09/2026,0
IBUAA1064331,Located,="71468",BIM WHITE HOT DOG BUNS 8P 14Z,03/09/2026 05:00:33 PM,252,252,0,03/09/2026 04:59:28 PM,FRZ-0-72-0,03/09/2026 04:59:29 PM,,06/08/2026,12,252,UAA-147872,UAA102A030926,03/09/2026 04:59:28 PM,,bbuwoakesuaa,bbuwoakesuaa,12 Day Expiry Rule,03/09/2026,0
IBUAA1064379,Located,="71468",BIM WHITE HOT DOG BUNS 8P 14Z,03/09/2026 05:00:53 PM,252,252,0,03/09/2026 04:59:37 PM,FRZ-0-72-0,03/09/2026 04:59:38 PM,,06/08/2026,12,252,UAA-147872,UAA102A030926,03/09/2026 04:59:37 PM,,bbushunteruaa,bbushunteruaa,12 Day Expiry Rule,03/09/2026,0
IBUAA1064147,Located,="71468",BIM WHITE HOT DOG BUNS 8P 14Z,03/09/2026 05:04:06 PM,252,252,0,03/09/2026 05:02:56 PM,FRZ-0-72-0,03/09/2026 05:02:58 PM,,06/08/2026,12,252,UAA-147872,UAA102A030926,03/09/2026 05:02:56 PM,,bbuwoakesuaa,bbuwoakesuaa,12 Day Expiry Rule,03/09/2026,0
IBUAA1064384,Located,="71468",BIM WHITE HOT DOG BUNS 8P 14Z,03/09/2026 05:04:54 PM,252,252,0,03/09/2026 05:03:14 PM,FRZ-0-72-0,03/09/2026 05:03:15 PM,,06/08/2026,12,252,UAA-147872,UAA102A030926,03/09/2026 05:03:14 PM,,bbushunteruaa,bbushunteruaa,12 Day Expiry Rule,03/09/2026,0
IBUAA1064148,Located,="71468",BIM WHITE HOT DOG BUNS 8P 14Z,03/09/2026 05:07:45 PM,252,252,0,03/09/2026 05:05:50 PM,FRZ-0-72-0,03/09/2026 05:05:51 PM,,06/08/2026,12,252,UAA-147872,UAA102A030926,03/09/2026 05:05:50 PM,,bbuwoakesuaa,bbuwoakesuaa,12 Day Expiry Rule,03/09/2026,0
IBUAA1064385,Located,="71468",BIM WHITE HOT DOG BUNS 8P 14Z,03/09/2026 05:14:08 PM,252,252,0,03/09/2026 05:11:12 PM,FRZ-0-72-0,03/09/2026 05:11:13 PM,,06/08/2026,12,252,UAA-147872,UAA102A030926,03/09/2026 05:11:12 PM,,bbushunteruaa,bbushunteruaa,12 Day Expiry Rule,03/09/2026,0
IBUAA1064386,Located,="71468",BIM WHITE HOT DOG BUNS 8P 14Z,03/09/2026 05:18:18 PM,252,252,0,03/09/2026 05:17:00 PM,FRZ-0-72-0,03/09/2026 05:17:01 PM,,06/08/2026,12,252,UAA-147872,UAA102A030926,03/09/2026 05:17:00 PM,,bbushunteruaa,bbushunteruaa,12 Day Expiry Rule,03/09/2026,0
IBUAA1064387,Located,="71468",BIM WHITE HOT DOG BUNS 8P 14Z,03/09/2026 05:18:18 PM,252,252,0,03/09/2026 05:17:07 PM,FRZ-0-72-0,03/09/2026 05:17:08 PM,,06/08/2026,12,252,UAA-147872,UAA102A030926,03/09/2026 05:17:07 PM,,bbushunteruaa,bbushunteruaa,12 Day Expiry Rule,03/09/2026,0
IBUAA1064402,Located,="71468",BIM WHITE HOT DOG BUNS 8P 14Z,03/09/2026 05:23:43 PM,252,252,0,03/09/2026 05:18:14 PM,FRZ-0-72-0,03/09/2026 05:23:26 PM,,06/08/2026,12,252,UAA-147872,UAA102A030926,03/09/2026 05:18:14 PM,,bbuwoakesuaa,bbuwoakesuaa,12 Day Expiry Rule,03/09/2026,0
IBUAA1064388,Located,="71468",BIM WHITE HOT DOG BUNS 8P 14Z,03/09/2026 05:21:57 PM,252,252,0,03/09/2026 05:20:50 PM,FRZ-0-72-0,03/09/2026 05:20:51 PM,,06/08/2026,12,252,UAA-147872,UAA102A030926,03/09/2026 05:20:50 PM,,bbushunteruaa,bbushunteruaa,12 Day Expiry Rule,03/09/2026,0
IBUAA1064389,Located,="71468",BIM WHITE HOT DOG BUNS 8P 14Z,03/09/2026 05:21:57 PM,252,252,0,03/09/2026 05:20:56 PM,FRZ-0-72-0,03/09/2026 05:20:57 PM,,06/08/2026,12,252,UAA-147872,UAA102A030926,03/09/2026 05:20:56 PM,,bbushunteruaa,bbushunteruaa,12 Day Expiry Rule,03/09/2026,0
IBUAA1064390,Located,="71468",BIM WHITE HOT DOG BUNS 8P 14Z,03/09/2026 05:21:57 PM,252,252,0,03/09/2026 05:21:02 PM,FRZ-0-72-0,03/09/2026 05:21:03 PM,,06/08/2026,12,252,UAA-147872,UAA102A030926,03/09/2026 05:21:02 PM,,bbushunteruaa,bbushunteruaa,12 Day Expiry Rule,03/09/2026,0
IBUAA1064406,Located,="71468",BIM WHITE HOT DOG BUNS 8P 14Z,03/09/2026 05:23:35 PM,252,252,0,03/09/2026 05:21:43 PM,FRZ-0-72-0,03/09/2026 05:21:44 PM,,06/08/2026,12,252,UAA-147872,UAA102A030926,03/09/2026 05:21:43 PM,,bbuwoakesuaa,bbuwoakesuaa,12 Day Expiry Rule,03/09/2026,0
IBUAA1064409,Located,="71468",BIM WHITE HOT DOG BUNS 8P 14Z,03/09/2026 05:27:41 PM,252,252,0,03/09/2026 05:25:37 PM,FRZ-0-72-0,03/09/2026 05:25:38 PM,,06/08/2026,12,252,UAA-147872,UAA102A030926,03/09/2026 05:25:37 PM,,bbuwoakesuaa,bbuwoakesuaa,12 Day Expiry Rule,03/09/2026,0
IBUAA1064432,Located,="71468",BIM WHITE HOT DOG BUNS 8P 14Z,03/09/2026 05:29:12 PM,252,252,0,03/09/2026 05:27:34 PM,FRZ-0-72-0,03/09/2026 05:27:35 PM,,06/08/2026,12,252,UAA-147872,UAA102A030926,03/09/2026 05:27:34 PM,,bbushunteruaa,bbushunteruaa,12 Day Expiry Rule,03/09/2026,0
IBUAA1064433,Located,="71468",BIM WHITE HOT DOG BUNS 8P 14Z,03/09/2026 05:29:12 PM,252,252,0,03/09/2026 05:27:53 PM,FRZ-0-72-0,03/09/2026 05:27:54 PM,,06/08/2026,12,252,UAA-147872,UAA102A030926,03/09/2026 05:27:53 PM,,bbushunteruaa,bbushunteruaa,12 Day Expiry Rule,03/09/2026,0
IBUAA1064453,Located,="71468",BIM WHITE HOT DOG BUNS 8P 14Z,03/09/2026 05:33:30 PM,252,252,0,03/09/2026 05:31:03 PM,FRZ-0-72-0,03/09/2026 05:31:04 PM,,06/08/2026,12,252,UAA-147872,UAA102A030926,03/09/2026 05:31:03 PM,,bbuwoakesuaa,bbuwoakesuaa,12 Day Expiry Rule,03/09/2026,0
IBUAA1064434,Located,="71468",BIM WHITE HOT DOG BUNS 8P 14Z,03/09/2026 05:35:28 PM,252,252,0,03/09/2026 05:33:50 PM,FRZ-0-72-0,03/09/2026 05:33:50 PM,,06/08/2026,12,252,UAA-147872,UAA102A030926,03/09/2026 05:33:50 PM,,bbushunteruaa,bbushunteruaa,12 Day Expiry Rule,03/09/2026,0
IBUAA1064458,Located,="71468",BIM WHITE HOT DOG BUNS 8P 14Z,03/09/2026 05:37:05 PM,252,252,0,03/09/2026 05:35:03 PM,FRZ-0-72-0,03/09/2026 05:35:03 PM,,06/08/2026,12,252,UAA-147872,UAA102A030926,03/09/2026 05:35:03 PM,,bbuwoakesuaa,bbuwoakesuaa,12 Day Expiry Rule,03/09/2026,0
IBUAA1064435,Located,="71468",BIM WHITE HOT DOG BUNS 8P 14Z,03/09/2026 05:38:06 PM,252,252,0,03/09/2026 05:36:24 PM,FRZ-0-72-0,03/09/2026 05:36:25 PM,,06/08/2026,12,252,UAA-147872,UAA102A030926,03/09/2026 05:36:24 PM,,bbushunteruaa,bbushunteruaa,12 Day Expiry Rule,03/09/2026,0
IBUAA1064462,Located,="71468",BIM WHITE HOT DOG BUNS 8P 14Z,03/09/2026 05:40:43 PM,252,252,0,03/09/2026 05:38:50 PM,FRZ-0-72-0,03/09/2026 05:38:51 PM,,06/08/2026,12,252,UAA-147872,UAA102A030926,03/09/2026 05:38:50 PM,,bbuwoakesuaa,bbuwoakesuaa,12 Day Expiry Rule,03/09/2026,0
IBUAA1064466,Located,="71468",BIM WHITE HOT DOG BUNS 8P 14Z,03/09/2026 05:44:55 PM,252,252,0,03/09/2026 05:42:44 PM,FRZ-0-72-0,03/09/2026 05:42:45 PM,,06/08/2026,12,252,UAA-147872,UAA102A030926,03/09/2026 05:42:44 PM,,bbuwoakesuaa,bbuwoakesuaa,12 Day Expiry Rule,03/09/2026,0
IBUAA1064436,Located,="71468",BIM WHITE HOT DOG BUNS 8P 14Z,03/09/2026 05:45:32 PM,252,252,0,03/09/2026 05:43:24 PM,FRZ-0-72-0,03/09/2026 05:43:26 PM,,06/08/2026,12,252,UAA-147872,UAA102A030926,03/09/2026 05:43:24 PM,,bbushunteruaa,bbushunteruaa,12 Day Expiry Rule,03/09/2026,0
IBUAA1064437,Located,="71468",BIM WHITE HOT DOG BUNS 8P 14Z,03/09/2026 05:45:32 PM,252,252,0,03/09/2026 05:44:04 PM,FRZ-0-72-0,03/09/2026 05:44:05 PM,,06/08/2026,12,252,UAA-147872,UAA102A030926,03/09/2026 05:44:04 PM,,bbushunteruaa,bbushunteruaa,12 Day Expiry Rule,03/09/2026,0
IBUAA1064471,Located,="71468",BIM WHITE HOT DOG BUNS 8P 14Z,03/09/2026 05:50:31 PM,252,252,0,03/09/2026 05:46:29 PM,FRZ-0-72-0,03/09/2026 05:46:31 PM,,06/08/2026,12,252,UAA-147872,UAA102A030926,03/09/2026 05:46:29 PM,,bbuwoakesuaa,bbuwoakesuaa,12 Day Expiry Rule,03/09/2026,0
IBUAA1064473,Located,="71468",BIM WHITE HOT DOG BUNS 8P 14Z,03/09/2026 05:50:31 PM,252,252,0,03/09/2026 05:49:08 PM,FRZ-0-72-0,03/09/2026 05:49:08 PM,,06/08/2026,12,252,UAA-147872,UAA102A030926,03/09/2026 05:49:08 PM,,bbuwoakesuaa,bbuwoakesuaa,12 Day Expiry Rule,03/09/2026,0
IBUAA1064480,Located,="71468",BIM WHITE HOT DOG BUNS 8P 14Z,03/09/2026 05:54:53 PM,252,252,0,03/09/2026 05:52:49 PM,FRZ-0-72-0,03/09/2026 05:52:51 PM,,06/08/2026,12,252,UAA-147872,UAA102A030926,03/09/2026 05:52:49 PM,,bbuwoakesuaa,bbuwoakesuaa,12 Day Expiry Rule,03/09/2026,0
IBUAA1064481,Located,="71468",BIM WHITE HOT DOG BUNS 8P 14Z,03/09/2026 05:54:53 PM,252,252,0,03/09/2026 05:52:59 PM,FRZ-0-72-0,03/09/2026 05:53:00 PM,,06/08/2026,12,252,UAA-147872,UAA102A030926,03/09/2026 05:52:59 PM,,bbuwoakesuaa,bbuwoakesuaa,12 Day Expiry Rule,03/09/2026,0
IBUAA1064483,Located,="71468",BIM WHITE HOT DOG BUNS 8P 14Z,03/09/2026 05:54:53 PM,252,252,0,03/09/2026 05:53:12 PM,FRZ-0-72-0,03/09/2026 05:53:13 PM,,06/08/2026,12,252,UAA-147872,UAA102A030926,03/09/2026 05:53:12 PM,,bbuwoakesuaa,bbuwoakesuaa,12 Day Expiry Rule,03/09/2026,0
IBUAA1064493,Located,="71468",BIM WHITE HOT DOG BUNS 8P 14Z,03/09/2026 05:59:40 PM,252,252,0,03/09/2026 05:57:22 PM,FRZ-0-72-0,03/09/2026 05:57:24 PM,,06/08/2026,12,252,UAA-147872,UAA102A030926,03/09/2026 05:57:22 PM,,bbuadoldsonuaa,bbuadoldsonuaa,12 Day Expiry Rule,03/09/2026,0
IBUAA1064496,Located,="71468",BIM WHITE HOT DOG BUNS 8P 14Z,03/09/2026 06:03:08 PM,252,252,0,03/09/2026 06:00:32 PM,FRZ-0-72-0,03/09/2026 06:00:33 PM,,06/08/2026,12,252,UAA-147872,UAA102A030926,03/09/2026 06:00:32 PM,,bbuadoldsonuaa,bbuadoldsonuaa,12 Day Expiry Rule,03/09/2026,0
IBUAA1064288,Located,="71468",BIM WHITE HOT DOG BUNS 8P 14Z,03/09/2026 06:05:52 PM,252,252,0,03/09/2026 06:03:46 PM,FRZ-0-72-0,03/09/2026 06:03:48 PM,,06/08/2026,12,252,UAA-147872,UAA102A030926,03/09/2026 06:03:46 PM,,bbuajohnsonuaa,bbuajohnsonuaa,12 Day Expiry Rule,03/09/2026,0
IBUAA1064289,Located,="71468",BIM WHITE HOT DOG BUNS 8P 14Z,03/09/2026 06:05:52 PM,252,252,0,03/09/2026 06:03:54 PM,FRZ-0-72-0,03/09/2026 06:03:55 PM,,06/08/2026,12,252,UAA-147872,UAA102A030926,03/09/2026 06:03:54 PM,,bbuajohnsonuaa,bbuajohnsonuaa,12 Day Expiry Rule,03/09/2026,0
IBUAA1064290,Located,="71468",BIM WHITE HOT DOG BUNS 8P 14Z,03/09/2026 06:09:40 PM,252,252,0,03/09/2026 06:07:45 PM,FRZ-0-72-0,03/09/2026 06:07:46 PM,,06/08/2026,12,252,UAA-147872,UAA102A030926,03/09/2026 06:07:45 PM,,bbuajohnsonuaa,bbuajohnsonuaa,12 Day Expiry Rule,03/09/2026,0
IBUAA1064501,Located,="71468",BIM WHITE HOT DOG BUNS 8P 14Z,03/09/2026 06:11:46 PM,252,252,0,03/09/2026 06:10:47 PM,FRZ-0-72-0,03/09/2026 06:10:48 PM,,06/08/2026,12,252,UAA-147872,UAA102A030926,03/09/2026 06:10:47 PM,,bbuadoldsonuaa,bbuadoldsonuaa,12 Day Expiry Rule,03/09/2026,0
IBUAA1064553,Located,="71468",BIM WHITE HOT DOG BUNS 8P 14Z,03/09/2026 06:22:53 PM,252,252,0,03/09/2026 06:21:07 PM,FRZ-0-72-0,03/09/2026 06:21:07 PM,,06/08/2026,12,252,UAA-147872,UAA102A030926,03/09/2026 06:21:07 PM,,bbuadoldsonuaa,bbuadoldsonuaa,12 Day Expiry Rule,03/09/2026,0
IBUAA1064554,Located,="71468",BIM WHITE HOT DOG BUNS 8P 14Z,03/09/2026 06:22:53 PM,252,252,0,03/09/2026 06:21:12 PM,FRZ-0-72-0,03/09/2026 06:21:13 PM,,06/08/2026,12,252,UAA-147872,UAA102A030926,03/09/2026 06:21:12 PM,,bbuadoldsonuaa,bbuadoldsonuaa,12 Day Expiry Rule,03/09/2026,0
IBUAA1064308,Located,="71468",BIM WHITE HOT DOG BUNS 8P 14Z,03/09/2026 06:28:38 PM,252,252,0,03/09/2026 06:22:20 PM,FRZ-0-72-0,03/09/2026 06:22:22 PM,,06/08/2026,12,252,UAA-147872,UAA102A030926,03/09/2026 06:22:20 PM,,bbuajohnsonuaa,bbuajohnsonuaa,12 Day Expiry Rule,03/09/2026,0
IBUAA1064309,Located,="71468",BIM WHITE HOT DOG BUNS 8P 14Z,03/09/2026 06:28:38 PM,252,252,0,03/09/2026 06:22:24 PM,FRZ-0-72-0,03/09/2026 06:22:25 PM,,06/08/2026,12,252,UAA-147872,UAA102A030926,03/09/2026 06:22:24 PM,,bbuajohnsonuaa,bbuajohnsonuaa,12 Day Expiry Rule,03/09/2026,0
IBUAA1064310,Located,="71468",BIM WHITE HOT DOG BUNS 8P 14Z,03/09/2026 06:28:38 PM,252,252,0,03/09/2026 06:22:27 PM,FRZ-0-72-0,03/09/2026 06:22:28 PM,,06/08/2026,12,252,UAA-147872,UAA102A030926,03/09/2026 06:22:27 PM,,bbuajohnsonuaa,bbuajohnsonuaa,12 Day Expiry Rule,03/09/2026,0
IBUAA1064559,Located,="71468",BIM WHITE HOT DOG BUNS 8P 14Z,03/09/2026 06:30:46 PM,252,252,0,03/09/2026 06:27:00 PM,FRZ-0-72-0,03/09/2026 06:27:00 PM,,06/08/2026,12,252,UAA-147872,UAA102A030926,03/09/2026 06:27:00 PM,,bbuadoldsonuaa,bbuadoldsonuaa,12 Day Expiry Rule,03/09/2026,0
IBUAA1064561,Located,="71468",BIM WHITE HOT DOG BUNS 8P 14Z,03/09/2026 06:30:46 PM,252,252,0,03/09/2026 06:28:49 PM,FRZ-0-72-0,03/09/2026 06:28:50 PM,,06/08/2026,12,252,UAA-147872,UAA102A030926,03/09/2026 06:28:49 PM,,bbuadoldsonuaa,bbuadoldsonuaa,12 Day Expiry Rule,03/09/2026,0
IBUAA1064573,Located,="71468",BIM WHITE HOT DOG BUNS 8P 14Z,03/09/2026 06:34:09 PM,252,252,0,03/09/2026 06:30:24 PM,FRZ-0-72-0,03/09/2026 06:30:25 PM,,06/08/2026,12,252,UAA-147872,UAA102A030926,03/09/2026 06:30:24 PM,,bbuajohnsonuaa,bbuajohnsonuaa,12 Day Expiry Rule,03/09/2026,0
IBUAA1064574,Located,="71468",BIM WHITE HOT DOG BUNS 8P 14Z,03/09/2026 06:34:09 PM,252,252,0,03/09/2026 06:30:27 PM,FRZ-0-72-0,03/09/2026 06:30:28 PM,,06/08/2026,12,252,UAA-147872,UAA102A030926,03/09/2026 06:30:27 PM,,bbuajohnsonuaa,bbuajohnsonuaa,12 Day Expiry Rule,03/09/2026,0
IBUAA1064575,Located,="71468",BIM WHITE HOT DOG BUNS 8P 14Z,03/09/2026 06:34:09 PM,252,252,0,03/09/2026 06:30:29 PM,FRZ-0-72-0,03/09/2026 06:30:30 PM,,06/08/2026,12,252,UAA-147872,UAA102A030926,03/09/2026 06:30:29 PM,,bbuajohnsonuaa,bbuajohnsonuaa,12 Day Expiry Rule,03/09/2026,0
IBUAA1064613,Located,="71468",BIM WHITE HOT DOG BUNS 8P 14Z,03/09/2026 06:37:17 PM,252,252,0,03/09/2026 06:33:08 PM,FRZ-0-72-0,03/09/2026 06:33:09 PM,,06/08/2026,12,252,UAA-147872,UAA102A030926,03/09/2026 06:33:08 PM,,bbuadoldsonuaa,bbuadoldsonuaa,12 Day Expiry Rule,03/09/2026,0
IBUAA1064615,Located,="71468",BIM WHITE HOT DOG BUNS 8P 14Z,03/09/2026 06:37:17 PM,252,252,0,03/09/2026 06:35:19 PM,FRZ-0-72-0,03/09/2026 06:35:20 PM,,06/08/2026,12,252,UAA-147872,UAA102A030926,03/09/2026 06:35:19 PM,,bbuadoldsonuaa,bbuadoldsonuaa,12 Day Expiry Rule,03/09/2026,0
IBUAA1064578,Located,="71468",BIM WHITE HOT DOG BUNS 8P 14Z,03/09/2026 06:42:44 PM,252,252,0,03/09/2026 06:38:22 PM,FRZ-0-72-0,03/09/2026 06:38:23 PM,,06/08/2026,12,252,UAA-147872,UAA102A030926,03/09/2026 06:38:22 PM,,bbuajohnsonuaa,bbuajohnsonuaa,12 Day Expiry Rule,03/09/2026,0
IBUAA1064579,Located,="71468",BIM WHITE HOT DOG BUNS 8P 14Z,03/09/2026 06:42:44 PM,252,252,0,03/09/2026 06:38:24 PM,FRZ-0-72-0,03/09/2026 06:38:25 PM,,06/08/2026,12,252,UAA-147872,UAA102A030926,03/09/2026 06:38:24 PM,,bbuajohnsonuaa,bbuajohnsonuaa,12 Day Expiry Rule,03/09/2026,0
IBUAA1064617,Located,="71468",BIM WHITE HOT DOG BUNS 8P 14Z,03/09/2026 06:47:07 PM,252,252,0,03/09/2026 06:39:49 PM,FRZ-0-72-0,03/09/2026 06:39:50 PM,,06/08/2026,12,252,UAA-147872,UAA102A030926,03/09/2026 06:39:49 PM,,bbuadoldsonuaa,bbuadoldsonuaa,12 Day Expiry Rule,03/09/2026,0
IBUAA1064623,Located,="71468",BIM WHITE HOT DOG BUNS 8P 14Z,03/09/2026 06:54:01 PM,252,252,0,03/09/2026 06:49:39 PM,FRZ-0-72-0,03/09/2026 06:49:40 PM,,06/08/2026,12,252,UAA-147872,UAA102A030926,03/09/2026 06:49:39 PM,,bbuadoldsonuaa,bbuadoldsonuaa,12 Day Expiry Rule,03/09/2026,0
IBUAA1064626,Located,="71468",BIM WHITE HOT DOG BUNS 8P 14Z,03/09/2026 06:54:01 PM,252,252,0,03/09/2026 06:52:09 PM,FRZ-0-72-0,03/09/2026 06:52:10 PM,,06/08/2026,12,252,UAA-147872,UAA102A030926,03/09/2026 06:52:09 PM,,bbuadoldsonuaa,bbuadoldsonuaa,12 Day Expiry Rule,03/09/2026,0
IBUAA1064603,Located,="71468",BIM WHITE HOT DOG BUNS 8P 14Z,03/09/2026 06:57:04 PM,252,252,0,03/09/2026 06:55:17 PM,FRZ-0-72-0,03/09/2026 06:55:19 PM,,06/08/2026,12,252,UAA-147872,UAA102A030926,03/09/2026 06:55:17 PM,,bbuajohnsonuaa,bbuajohnsonuaa,12 Day Expiry Rule,03/09/2026,0
IBUAA1064605,Located,="71468",BIM WHITE HOT DOG BUNS 8P 14Z,03/09/2026 06:57:03 PM,252,252,0,03/09/2026 06:55:21 PM,FRZ-0-72-0,03/09/2026 06:55:22 PM,,06/08/2026,12,252,UAA-147872,UAA102A030926,03/09/2026 06:55:21 PM,,bbuajohnsonuaa,bbuajohnsonuaa,12 Day Expiry Rule,03/09/2026,0
IBUAA1064606,Located,="71468",BIM WHITE HOT DOG BUNS 8P 14Z,03/09/2026 07:01:00 PM,252,252,0,03/09/2026 06:59:44 PM,FRZ-0-72-0,03/09/2026 06:59:45 PM,,06/08/2026,12,252,UAA-147872,UAA102A030926,03/09/2026 06:59:44 PM,,bbuajohnsonuaa,bbuajohnsonuaa,12 Day Expiry Rule,03/09/2026,0
IBUAA1064424,Located,="71468",BIM WHITE HOT DOG BUNS 8P 14Z,03/09/2026 07:02:11 PM,252,252,0,03/09/2026 07:00:20 PM,FRZ-0-72-0,03/09/2026 07:00:22 PM,,06/08/2026,12,252,UAA-147872,UAA102A030926,03/09/2026 07:00:20 PM,,bbuadoldsonuaa,bbuadoldsonuaa,12 Day Expiry Rule,03/09/2026,0
IBUAA1064425,Located,="71468",BIM WHITE HOT DOG BUNS 8P 14Z,03/09/2026 07:02:11 PM,252,252,0,03/09/2026 07:00:28 PM,FRZ-0-72-0,03/09/2026 07:00:29 PM,,06/08/2026,12,252,UAA-147872,UAA102A030926,03/09/2026 07:00:28 PM,,bbuadoldsonuaa,bbuadoldsonuaa,12 Day Expiry Rule,03/09/2026,0
IBUAA1064611,Located,="71468",BIM WHITE HOT DOG BUNS 8P 14Z,03/09/2026 07:08:13 PM,252,252,0,03/09/2026 07:06:56 PM,FRZ-0-72-0,03/09/2026 07:06:57 PM,,06/08/2026,12,252,UAA-147872,UAA102A030926,03/09/2026 07:06:56 PM,,bbuajohnsonuaa,bbuajohnsonuaa,12 Day Expiry Rule,03/09/2026,0
IBUAA1064426,Located,="71468",BIM WHITE HOT DOG BUNS 8P 14Z,03/09/2026 07:13:40 PM,252,252,0,03/09/2026 07:12:34 PM,FRZ-0-72-0,03/09/2026 07:12:35 PM,,06/08/2026,12,252,UAA-147872,UAA102A030926,03/09/2026 07:12:34 PM,,bbuadoldsonuaa,bbuadoldsonuaa,12 Day Expiry Rule,03/09/2026,0
IBUAA1064542,Located,="71468",BIM WHITE HOT DOG BUNS 8P 14Z,03/09/2026 07:25:04 PM,252,252,0,03/09/2026 07:16:07 PM,FRZ-0-73-0,03/09/2026 07:16:45 PM,,06/08/2026,12,252,UAA-147885,UAA102A030926,03/09/2026 07:16:07 PM,,bbuadoldsonuaa,bbuadoldsonuaa,12 Day Expiry Rule,03/09/2026,0
IBUAA1064656,Located,="71468",BIM WHITE HOT DOG BUNS 8P 14Z,03/09/2026 07:18:47 PM,252,252,0,03/09/2026 07:16:57 PM,FRZ-0-73-0,03/09/2026 07:16:57 PM,,06/08/2026,12,252,UAA-147885,UAA102A030926,03/09/2026 07:16:57 PM,,bbuajohnsonuaa,bbuajohnsonuaa,12 Day Expiry Rule,03/09/2026,0
OBUAA0000988786,Located,="71468",BIM WHITE HOT DOG BUNS 8P 14Z,03/09/2026 07:25:04 PM,0,252,0,03/09/2026 07:17:48 PM,FRZ-0-73-0,03/09/2026 07:18:26 PM,,06/08/2026,12,0,,UAA102A030926,,,bbuadoldsonuaa,bbuadoldsonuaa,12 Day Expiry Rule,,0
IBUAA1064544,Located,="71468",BIM WHITE HOT DOG BUNS 8P 14Z,03/09/2026 07:27:12 PM,252,252,0,03/09/2026 07:22:45 PM,FRZ-0-73-0,03/09/2026 07:22:47 PM,,06/08/2026,12,252,UAA-147885,UAA102A030926,03/09/2026 07:22:45 PM,,bbuajohnsonuaa,bbuajohnsonuaa,12 Day Expiry Rule,03/09/2026,0
IBUAA1064545,Located,="71468",BIM WHITE HOT DOG BUNS 8P 14Z,03/09/2026 08:11:17 PM,252,252,0,03/09/2026 07:23:12 PM,FRZ-0-73-0,03/09/2026 08:08:05 PM,,06/08/2026,12,252,UAA-147885,UAA102A030926,03/09/2026 07:23:12 PM,,bbuajohnsonuaa,bbuajohnsonuaa,12 Day Expiry Rule,03/09/2026,0
IBUAA1064547,Located,="71468",BIM WHITE HOT DOG BUNS 8P 14Z,03/09/2026 07:27:13 PM,252,252,0,03/09/2026 07:25:15 PM,FRZ-0-73-0,03/09/2026 07:25:16 PM,,06/08/2026,12,252,UAA-147885,UAA102A030926,03/09/2026 07:25:15 PM,,bbuajohnsonuaa,bbuajohnsonuaa,12 Day Expiry Rule,03/09/2026,0
IBUAA1064548,Located,="71468",BIM WHITE HOT DOG BUNS 8P 14Z,03/09/2026 07:33:13 PM,252,252,0,03/09/2026 07:29:58 PM,FRZ-0-73-0,03/09/2026 07:29:59 PM,,06/08/2026,12,252,UAA-147885,UAA102A030926,03/09/2026 07:29:58 PM,,bbuadoldsonuaa,bbuadoldsonuaa,12 Day Expiry Rule,03/09/2026,0
IBUAA1064549,Located,="71468",BIM WHITE HOT DOG BUNS 8P 14Z,03/09/2026 07:33:13 PM,252,252,0,03/09/2026 07:30:03 PM,FRZ-0-73-0,03/09/2026 07:30:03 PM,,06/08/2026,12,252,UAA-147885,UAA102A030926,03/09/2026 07:30:03 PM,,bbuadoldsonuaa,bbuadoldsonuaa,12 Day Expiry Rule,03/09/2026,0
IBUAA1064551,Located,="71468",BIM WHITE HOT DOG BUNS 8P 14Z,03/09/2026 07:33:13 PM,252,252,0,03/09/2026 07:31:46 PM,FRZ-0-73-0,03/09/2026 07:31:46 PM,,06/08/2026,12,252,UAA-147885,UAA102A030926,03/09/2026 07:31:46 PM,,bbuadoldsonuaa,bbuadoldsonuaa,12 Day Expiry Rule,03/09/2026,0
IBUAA1064673,Located,="71468",BIM WHITE HOT DOG BUNS 8P 14Z,03/09/2026 07:37:28 PM,252,252,0,03/09/2026 07:33:42 PM,FRZ-0-73-0,03/09/2026 07:33:43 PM,,06/08/2026,12,252,UAA-147885,UAA102A030926,03/09/2026 07:33:42 PM,,bbuajohnsonuaa,bbuajohnsonuaa,12 Day Expiry Rule,03/09/2026,0
IBUAA1064674,Located,="71468",BIM WHITE HOT DOG BUNS 8P 14Z,03/09/2026 07:37:28 PM,252,252,0,03/09/2026 07:33:45 PM,FRZ-0-73-0,03/09/2026 07:33:46 PM,,06/08/2026,12,252,UAA-147885,UAA102A030926,03/09/2026 07:33:45 PM,,bbuajohnsonuaa,bbuajohnsonuaa,12 Day Expiry Rule,03/09/2026,0
IBUAA1064675,Located,="71468",BIM WHITE HOT DOG BUNS 8P 14Z,03/09/2026 07:37:28 PM,252,252,0,03/09/2026 07:33:48 PM,FRZ-0-73-0,03/09/2026 07:33:48 PM,,06/08/2026,12,252,UAA-147885,UAA102A030926,03/09/2026 07:33:48 PM,,bbuajohnsonuaa,bbuajohnsonuaa,12 Day Expiry Rule,03/09/2026,0
OBUAA0000988788,Located,="71468",BIM WHITE HOT DOG BUNS 8P 14Z,03/09/2026 07:48:41 PM,0,252,0,03/09/2026 07:44:53 PM,FRZ-0-73-0,03/09/2026 07:46:00 PM,,06/08/2026,12,0,,UAA102A030926,,,bbuajohnsonuaa,bbuajohnsonuaa,12 Day Expiry Rule,,0
IBUAA1064733,Located,="71468",BIM WHITE HOT DOG BUNS 8P 14Z,03/09/2026 07:48:41 PM,252,252,0,03/09/2026 07:46:38 PM,FRZ-0-73-0,03/09/2026 07:46:38 PM,,06/08/2026,12,252,UAA-147885,UAA102A030926,03/09/2026 07:46:38 PM,,bbuajohnsonuaa,bbuajohnsonuaa,12 Day Expiry Rule,03/09/2026,0
IBUAA1064734,Located,="71468",BIM WHITE HOT DOG BUNS 8P 14Z,03/09/2026 07:54:15 PM,252,252,0,03/09/2026 07:51:59 PM,FRZ-0-73-0,03/09/2026 07:52:01 PM,,06/08/2026,12,252,UAA-147885,UAA102A030926,03/09/2026 07:51:59 PM,,bbuadoldsonuaa,bbuadoldsonuaa,12 Day Expiry Rule,03/09/2026,0
IBUAA1064735,Located,="71468",BIM WHITE HOT DOG BUNS 8P 14Z,03/09/2026 07:54:15 PM,252,252,0,03/09/2026 07:52:15 PM,FRZ-0-73-0,03/09/2026 07:52:16 PM,,06/08/2026,12,252,UAA-147885,UAA102A030926,03/09/2026 07:52:15 PM,,bbuadoldsonuaa,bbuadoldsonuaa,12 Day Expiry Rule,03/09/2026,0
IBUAA1064736,Located,="71468",BIM WHITE HOT DOG BUNS 8P 14Z,03/09/2026 07:54:15 PM,252,252,0,03/09/2026 07:52:22 PM,FRZ-0-73-0,03/09/2026 07:52:23 PM,,06/08/2026,12,252,UAA-147885,UAA102A030926,03/09/2026 07:52:22 PM,,bbuadoldsonuaa,bbuadoldsonuaa,12 Day Expiry Rule,03/09/2026,0
IBUAA1064737,Located,="71468",BIM WHITE HOT DOG BUNS 8P 14Z,03/09/2026 07:55:25 PM,252,252,0,03/09/2026 07:52:57 PM,FRZ-0-73-0,03/09/2026 07:52:58 PM,,06/08/2026,12,252,UAA-147885,UAA102A030926,03/09/2026 07:52:57 PM,,bbuajohnsonuaa,bbuajohnsonuaa,12 Day Expiry Rule,03/09/2026,0
IBUAA1064738,Located,="71468",BIM WHITE HOT DOG BUNS 8P 14Z,03/09/2026 07:55:24 PM,252,252,0,03/09/2026 07:53:04 PM,FRZ-0-73-0,03/09/2026 07:53:05 PM,,06/08/2026,12,252,UAA-147885,UAA102A030926,03/09/2026 07:53:04 PM,,bbuajohnsonuaa,bbuajohnsonuaa,12 Day Expiry Rule,03/09/2026,0
IBUAA1064755,Located,="71468",BIM WHITE HOT DOG BUNS 8P 14Z,03/09/2026 08:00:29 PM,252,252,0,03/09/2026 07:58:25 PM,FRZ-0-73-0,03/09/2026 07:58:27 PM,,06/08/2026,12,252,UAA-147885,UAA102A030926,03/09/2026 07:58:25 PM,,bbuajohnsonuaa,bbuajohnsonuaa,12 Day Expiry Rule,03/09/2026,0
IBUAA1064739,Located,="71468",BIM WHITE HOT DOG BUNS 8P 14Z,03/09/2026 08:03:17 PM,252,252,0,03/09/2026 07:58:29 PM,FRZ-0-73-0,03/09/2026 07:58:30 PM,,06/08/2026,12,252,UAA-147885,UAA102A030926,03/09/2026 07:58:29 PM,,bbuadoldsonuaa,bbuadoldsonuaa,12 Day Expiry Rule,03/09/2026,0
IBUAA1064740,Located,="71468",BIM WHITE HOT DOG BUNS 8P 14Z,03/09/2026 08:03:17 PM,252,252,0,03/09/2026 07:58:33 PM,FRZ-0-73-0,03/09/2026 07:58:34 PM,,06/08/2026,12,252,UAA-147885,UAA102A030926,03/09/2026 07:58:33 PM,,bbuadoldsonuaa,bbuadoldsonuaa,12 Day Expiry Rule,03/09/2026,0
IBUAA1064741,Located,="71468",BIM WHITE HOT DOG BUNS 8P 14Z,03/09/2026 08:03:17 PM,252,252,0,03/09/2026 07:58:38 PM,FRZ-0-73-0,03/09/2026 07:58:39 PM,,06/08/2026,12,252,UAA-147885,UAA102A030926,03/09/2026 07:58:38 PM,,bbuadoldsonuaa,bbuadoldsonuaa,12 Day Expiry Rule,03/09/2026,0
IBUAA1064757,Located,="71468",BIM WHITE HOT DOG BUNS 8P 14Z,03/09/2026 08:05:06 PM,252,252,0,03/09/2026 08:03:36 PM,FRZ-0-73-0,03/09/2026 08:03:37 PM,,06/08/2026,12,252,UAA-147885,UAA102A030926,03/09/2026 08:03:36 PM,,bbuajohnsonuaa,bbuajohnsonuaa,12 Day Expiry Rule,03/09/2026,0
IBUAA1064762,Located,="71468",BIM WHITE HOT DOG BUNS 8P 14Z,03/09/2026 08:11:17 PM,252,252,0,03/09/2026 08:08:14 PM,FRZ-0-73-0,03/09/2026 08:08:15 PM,,06/08/2026,12,252,UAA-147885,UAA102A030926,03/09/2026 08:08:14 PM,,bbuajohnsonuaa,bbuajohnsonuaa,12 Day Expiry Rule,03/09/2026,0
IBUAA1064772,Located,="71468",BIM WHITE HOT DOG BUNS 8P 14Z,03/09/2026 08:12:07 PM,252,252,0,03/09/2026 08:09:42 PM,FRZ-0-73-0,03/09/2026 08:09:43 PM,,06/08/2026,12,252,UAA-147885,UAA102A030926,03/09/2026 08:09:42 PM,,bbuadoldsonuaa,bbuadoldsonuaa,12 Day Expiry Rule,03/09/2026,0
IBUAA1064773,Located,="71468",BIM WHITE HOT DOG BUNS 8P 14Z,03/09/2026 08:12:07 PM,252,252,0,03/09/2026 08:09:47 PM,FRZ-0-73-0,03/09/2026 08:09:48 PM,,06/08/2026,12,252,UAA-147885,UAA102A030926,03/09/2026 08:09:47 PM,,bbuadoldsonuaa,bbuadoldsonuaa,12 Day Expiry Rule,03/09/2026,0
IBUAA1064812,Located,="71468",BIM WHITE HOT DOG BUNS 8P 14Z,03/09/2026 08:18:36 PM,252,252,0,03/09/2026 08:15:33 PM,FRZ-0-73-0,03/09/2026 08:15:34 PM,,06/08/2026,12,252,UAA-147885,UAA102A030926,03/09/2026 08:15:33 PM,,bbuadoldsonuaa,bbuadoldsonuaa,12 Day Expiry Rule,03/09/2026,0
IBUAA1064814,Located,="71468",BIM WHITE HOT DOG BUNS 8P 14Z,03/09/2026 08:21:38 PM,252,252,0,03/09/2026 08:20:00 PM,FRZ-0-73-0,03/09/2026 08:20:01 PM,,06/08/2026,12,252,UAA-147885,UAA102A030926,03/09/2026 08:20:00 PM,,bbuadoldsonuaa,bbuadoldsonuaa,12 Day Expiry Rule,03/09/2026,0
IBUAA1064852,Located,="71468",BIM WHITE HOT DOG BUNS 8P 14Z,03/09/2026 08:29:54 PM,252,252,0,03/09/2026 08:26:46 PM,FRZ-0-73-0,03/09/2026 08:26:47 PM,,06/08/2026,12,252,UAA-147885,UAA102A030926,03/09/2026 08:26:46 PM,,bbuadoldsonuaa,bbuadoldsonuaa,12 Day Expiry Rule,03/09/2026,0
IBUAA1064853,Located,="71468",BIM WHITE HOT DOG BUNS 8P 14Z,03/09/2026 08:29:54 PM,252,252,0,03/09/2026 08:26:54 PM,FRZ-0-73-0,03/09/2026 08:26:55 PM,,06/08/2026,12,252,UAA-147885,UAA102A030926,03/09/2026 08:26:54 PM,,bbuadoldsonuaa,bbuadoldsonuaa,12 Day Expiry Rule,03/09/2026,0
OBUAA0000988758,Located,="71468",BIM WHITE HOT DOG BUNS 8P 14Z,03/09/2026 08:35:57 PM,0,252,0,03/09/2026 08:27:42 PM,FRZ-0-73-0,03/09/2026 08:28:16 PM,INV-01-01-02,06/08/2026,12,0,,UAA102A030926,,,bbulvivancouaa,bbuhgarciauaa,12 Day Expiry Rule,,0
OBUAA0000988765,Located,="71468",BIM WHITE HOT DOG BUNS 8P 14Z,03/09/2026 08:35:56 PM,0,252,0,03/09/2026 08:27:47 PM,FRZ-0-73-0,03/09/2026 08:28:15 PM,INV-01-01-02,06/08/2026,12,0,,UAA102A030926,,,bbulvivancouaa,bbuhgarciauaa,12 Day Expiry Rule,,0
OBUAA0000988827,Located,="71468",BIM WHITE HOT DOG BUNS 8P 14Z,03/09/2026 08:37:37 PM,0,252,0,03/09/2026 08:27:52 PM,FRZ-0-73-0,03/09/2026 08:28:15 PM,INV-01-01-02,06/08/2026,12,0,,UAA102A030926,,,bbulvivancouaa,bbuajohnsonuaa,12 Day Expiry Rule,,0
IBUAA1064855,Located,="71468",BIM WHITE HOT DOG BUNS 8P 14Z,03/09/2026 08:33:11 PM,252,252,0,03/09/2026 08:32:05 PM,FRZ-0-73-0,03/09/2026 08:32:06 PM,,06/08/2026,12,252,UAA-147885,UAA102A030926,03/09/2026 08:32:05 PM,,bbuadoldsonuaa,bbuadoldsonuaa,12 Day Expiry Rule,03/09/2026,0
IBUAA1064857,Located,="71468",BIM WHITE HOT DOG BUNS 8P 14Z,03/09/2026 08:34:58 PM,252,252,0,03/09/2026 08:33:59 PM,FRZ-0-73-0,03/09/2026 08:34:00 PM,,06/08/2026,12,252,UAA-147885,UAA102A030926,03/09/2026 08:33:59 PM,,bbuadoldsonuaa,bbuadoldsonuaa,12 Day Expiry Rule,03/09/2026,0
IBUAA1064875,Located,="71468",BIM WHITE HOT DOG BUNS 8P 14Z,03/09/2026 08:47:07 PM,252,252,0,03/09/2026 08:40:58 PM,FRZ-0-73-0,03/09/2026 08:41:00 PM,,06/08/2026,12,252,UAA-147885,UAA102A030926,03/09/2026 08:40:58 PM,,bbuajohnsonuaa,bbuajohnsonuaa,12 Day Expiry Rule,03/09/2026,0
IBUAA1064876,Located,="71468",BIM WHITE HOT DOG BUNS 8P 14Z,03/09/2026 08:47:07 PM,252,252,0,03/09/2026 08:41:07 PM,FRZ-0-73-0,03/09/2026 08:41:08 PM,,06/08/2026,12,252,UAA-147885,UAA102A030926,03/09/2026 08:41:07 PM,,bbuajohnsonuaa,bbuajohnsonuaa,12 Day Expiry Rule,03/09/2026,0
IBUAA1064877,Located,="71468",BIM WHITE HOT DOG BUNS 8P 14Z,03/09/2026 08:44:01 PM,252,252,0,03/09/2026 08:41:10 PM,FRZ-0-73-0,03/09/2026 08:41:11 PM,,06/08/2026,12,252,UAA-147885,UAA102A030926,03/09/2026 08:41:10 PM,,bbuajohnsonuaa,bbuajohnsonuaa,12 Day Expiry Rule,03/09/2026,0
IBUAA1064878,Located,="71468",BIM WHITE HOT DOG BUNS 8P 14Z,03/09/2026 08:44:01 PM,252,252,0,03/09/2026 08:41:18 PM,FRZ-0-73-0,03/09/2026 08:41:19 PM,,06/08/2026,12,252,UAA-147885,UAA102A030926,03/09/2026 08:41:18 PM,,bbuajohnsonuaa,bbuajohnsonuaa,12 Day Expiry Rule,03/09/2026,0
IBUAA1064879,Located,="71468",BIM WHITE HOT DOG BUNS 8P 14Z,03/09/2026 08:44:01 PM,252,252,0,03/09/2026 08:41:23 PM,FRZ-0-73-0,03/09/2026 08:41:24 PM,,06/08/2026,12,252,UAA-147885,UAA102A030926,03/09/2026 08:41:23 PM,,bbuajohnsonuaa,bbuajohnsonuaa,12 Day Expiry Rule,03/09/2026,0
IBUAA1064886,Located,="71468",BIM WHITE HOT DOG BUNS 8P 14Z,03/09/2026 08:50:37 PM,252,252,0,03/09/2026 08:48:42 PM,FRZ-0-73-0,03/09/2026 08:48:44 PM,,06/08/2026,12,252,UAA-147885,UAA102A030926,03/09/2026 08:48:42 PM,,bbuadoldsonuaa,bbuadoldsonuaa,12 Day Expiry Rule,03/09/2026,0
IBUAA1064887,Located,="71468",BIM WHITE HOT DOG BUNS 8P 14Z,03/09/2026 08:50:37 PM,252,252,0,03/09/2026 08:48:50 PM,FRZ-0-73-0,03/09/2026 08:48:51 PM,,06/08/2026,12,252,UAA-147885,UAA102A030926,03/09/2026 08:48:50 PM,,bbuadoldsonuaa,bbuadoldsonuaa,12 Day Expiry Rule,03/09/2026,0
IBUAA1064888,Located,="71468",BIM WHITE HOT DOG BUNS 8P 14Z,03/09/2026 08:50:37 PM,252,252,0,03/09/2026 08:48:55 PM,FRZ-0-73-0,03/09/2026 08:48:56 PM,,06/08/2026,12,252,UAA-147885,UAA102A030926,03/09/2026 08:48:55 PM,,bbuadoldsonuaa,bbuadoldsonuaa,12 Day Expiry Rule,03/09/2026,0
IBUAA1064889,Located,="71468",BIM WHITE HOT DOG BUNS 8P 14Z,03/09/2026 08:50:37 PM,252,252,0,03/09/2026 08:49:02 PM,FRZ-0-73-0,03/09/2026 08:49:03 PM,,06/08/2026,12,252,UAA-147885,UAA102A030926,03/09/2026 08:49:02 PM,,bbuadoldsonuaa,bbuadoldsonuaa,12 Day Expiry Rule,03/09/2026,0
IBUAA1064891,Located,="71468",BIM WHITE HOT DOG BUNS 8P 14Z,03/09/2026 08:52:55 PM,252,252,0,03/09/2026 08:50:41 PM,FRZ-0-73-0,03/09/2026 08:50:42 PM,,06/08/2026,12,252,UAA-147885,UAA102A030926,03/09/2026 08:50:41 PM,,bbuajohnsonuaa,bbuajohnsonuaa,12 Day Expiry Rule,03/09/2026,0
IBUAA1064892,Located,="71468",BIM WHITE HOT DOG BUNS 8P 14Z,03/09/2026 08:52:55 PM,252,252,0,03/09/2026 08:50:44 PM,FRZ-0-73-0,03/09/2026 08:50:45 PM,,06/08/2026,12,252,UAA-147885,UAA102A030926,03/09/2026 08:50:44 PM,,bbuajohnsonuaa,bbuajohnsonuaa,12 Day Expiry Rule,03/09/2026,0
IBUAA1064859,Located,="71468",BIM WHITE HOT DOG BUNS 8P 14Z,03/09/2026 08:54:02 PM,252,252,0,03/09/2026 08:52:40 PM,FRZ-0-73-0,03/09/2026 08:52:43 PM,,06/08/2026,12,252,UAA-147885,UAA102A030926,03/09/2026 08:52:40 PM,,bbuadoldsonuaa,bbuadoldsonuaa,12 Day Expiry Rule,03/09/2026,0
IBUAA1064860,Located,="71468",BIM WHITE HOT DOG BUNS 8P 14Z,03/09/2026 08:54:02 PM,252,252,0,03/09/2026 08:52:46 PM,FRZ-0-73-0,03/09/2026 08:52:47 PM,,06/08/2026,12,252,UAA-147885,UAA102A030926,03/09/2026 08:52:46 PM,,bbuadoldsonuaa,bbuadoldsonuaa,12 Day Expiry Rule,03/09/2026,0
IBUAA1064932,Located,="71468",BIM WHITE HOT DOG BUNS 8P 14Z,03/09/2026 09:17:54 PM,252,252,0,03/09/2026 09:14:58 PM,FRZ-0-73-0,03/09/2026 09:15:00 PM,,06/08/2026,12,252,UAA-147885,UAA102A030926,03/09/2026 09:14:58 PM,,bbuajohnsonuaa,bbuajohnsonuaa,12 Day Expiry Rule,03/09/2026,0
IBUAA1064933,Located,="71468",BIM WHITE HOT DOG BUNS 8P 14Z,03/09/2026 09:17:54 PM,252,252,0,03/09/2026 09:15:02 PM,FRZ-0-73-0,03/09/2026 09:15:03 PM,,06/08/2026,12,252,UAA-147885,UAA102A030926,03/09/2026 09:15:02 PM,,bbuajohnsonuaa,bbuajohnsonuaa,12 Day Expiry Rule,03/09/2026,0
OBUAA0000988911,Located,="71468",BIM WHITE HOT DOG BUNS 8P 14Z,03/09/2026 09:25:17 PM,0,252,0,03/09/2026 09:23:15 PM,FRZ-0-73-0,03/09/2026 09:23:44 PM,,06/08/2026,12,0,,UAA102A030926,,,bbuajohnsonuaa,bbuajohnsonuaa,12 Day Expiry Rule,,0
IBUAA1064954,Located,="71468",BIM WHITE HOT DOG BUNS 8P 14Z,03/09/2026 09:27:10 PM,252,252,0,03/09/2026 09:25:22 PM,FRZ-0-73-0,03/09/2026 09:25:24 PM,,06/08/2026,12,252,UAA-147885,UAA102A030926,03/09/2026 09:25:22 PM,,bbuadoldsonuaa,bbuadoldsonuaa,12 Day Expiry Rule,03/09/2026,0
IBUAA1064955,Located,="71468",BIM WHITE HOT DOG BUNS 8P 14Z,03/09/2026 09:27:10 PM,252,252,0,03/09/2026 09:25:28 PM,FRZ-0-73-0,03/09/2026 09:25:29 PM,,06/08/2026,12,252,UAA-147885,UAA102A030926,03/09/2026 09:25:28 PM,,bbuadoldsonuaa,bbuadoldsonuaa,12 Day Expiry Rule,03/09/2026,0
IBUAA1064940,Located,="71468",BIM WHITE HOT DOG BUNS 8P 14Z,03/09/2026 09:30:25 PM,252,252,0,03/09/2026 09:28:49 PM,FRZ-0-73-0,03/09/2026 09:28:50 PM,,06/08/2026,12,252,UAA-147885,UAA102A030926,03/09/2026 09:28:49 PM,,bbuajohnsonuaa,bbuajohnsonuaa,12 Day Expiry Rule,03/09/2026,0
IBUAA1064956,Located,="71468",BIM WHITE HOT DOG BUNS 8P 14Z,03/09/2026 09:37:52 PM,252,252,0,03/09/2026 09:34:25 PM,FRZ-0-73-0,03/09/2026 09:34:26 PM,,06/08/2026,12,252,UAA-147885,UAA102A030926,03/09/2026 09:34:25 PM,,bbuadoldsonuaa,bbuadoldsonuaa,12 Day Expiry Rule,03/09/2026,0
IBUAA1064957,Located,="71468",BIM WHITE HOT DOG BUNS 8P 14Z,03/09/2026 09:37:52 PM,252,252,0,03/09/2026 09:35:39 PM,FRZ-0-73-0,03/09/2026 09:35:40 PM,,06/08/2026,12,252,UAA-147885,UAA102A030926,03/09/2026 09:35:39 PM,,bbuadoldsonuaa,bbuadoldsonuaa,12 Day Expiry Rule,03/09/2026,0
IBUAA1064584,Located,="71468",BIM WHITE HOT DOG BUNS 8P 14Z,03/09/2026 09:41:41 PM,252,252,0,03/09/2026 09:39:38 PM,FRZ-0-73-0,03/09/2026 09:39:40 PM,,06/08/2026,12,252,UAA-147885,UAA102A030926,03/09/2026 09:39:38 PM,,bbuajohnsonuaa,bbuajohnsonuaa,12 Day Expiry Rule,03/09/2026,0
IBUAA1064585,Located,="71468",BIM WHITE HOT DOG BUNS 8P 14Z,03/09/2026 09:41:41 PM,252,252,0,03/09/2026 09:39:42 PM,FRZ-0-73-0,03/09/2026 09:39:43 PM,,06/08/2026,12,252,UAA-147885,UAA102A030926,03/09/2026 09:39:42 PM,,bbuajohnsonuaa,bbuajohnsonuaa,12 Day Expiry Rule,03/09/2026,0
IBUAA1064946,Located,="71468",BIM WHITE HOT DOG BUNS 8P 14Z,03/09/2026 09:48:40 PM,252,252,0,03/09/2026 09:47:24 PM,FRZ-0-73-0,03/09/2026 09:47:26 PM,,06/08/2026,12,252,UAA-147885,UAA102A030926,03/09/2026 09:47:24 PM,,bbuadoldsonuaa,bbuadoldsonuaa,12 Day Expiry Rule,03/09/2026,0
IBUAA1064947,Located,="71468",BIM WHITE HOT DOG BUNS 8P 14Z,03/09/2026 09:48:40 PM,252,252,0,03/09/2026 09:47:30 PM,FRZ-0-73-0,03/09/2026 09:47:31 PM,,06/08/2026,12,252,UAA-147885,UAA102A030926,03/09/2026 09:47:30 PM,,bbuadoldsonuaa,bbuadoldsonuaa,12 Day Expiry Rule,03/09/2026,0
IBUAA1064587,Located,="71468",BIM WHITE HOT DOG BUNS 8P 14Z,03/09/2026 09:50:00 PM,252,252,0,03/09/2026 09:47:32 PM,FRZ-0-73-0,03/09/2026 09:47:33 PM,,06/08/2026,12,252,UAA-147885,UAA102A030926,03/09/2026 09:47:32 PM,,bbuajohnsonuaa,bbuajohnsonuaa,12 Day Expiry Rule,03/09/2026,0
IBUAA1064588,Located,="71468",BIM WHITE HOT DOG BUNS 8P 14Z,03/09/2026 09:50:00 PM,252,252,0,03/09/2026 09:47:35 PM,FRZ-0-73-0,03/09/2026 09:47:37 PM,,06/08/2026,12,252,UAA-147885,UAA102A030926,03/09/2026 09:47:35 PM,,bbuajohnsonuaa,bbuajohnsonuaa,12 Day Expiry Rule,03/09/2026,0
IBUAA1064948,Located,="71468",BIM WHITE HOT DOG BUNS 8P 14Z,03/09/2026 09:54:25 PM,252,252,0,03/09/2026 09:52:20 PM,FRZ-0-73-0,03/09/2026 09:52:21 PM,,06/08/2026,12,252,UAA-147885,UAA102A030926,03/09/2026 09:52:20 PM,,bbuadoldsonuaa,bbuadoldsonuaa,12 Day Expiry Rule,03/09/2026,0
IBUAA1064949,Located,="71468",BIM WHITE HOT DOG BUNS 8P 14Z,03/09/2026 09:54:25 PM,252,252,0,03/09/2026 09:52:24 PM,FRZ-0-73-0,03/09/2026 09:52:25 PM,,06/08/2026,12,252,UAA-147885,UAA102A030926,03/09/2026 09:52:24 PM,,bbuadoldsonuaa,bbuadoldsonuaa,12 Day Expiry Rule,03/09/2026,0
IBUAA1065012,Located,="71468",BIM WHITE HOT DOG BUNS 8P 14Z,03/09/2026 10:03:46 PM,252,252,0,03/09/2026 10:01:01 PM,FRZ-0-73-0,03/09/2026 10:01:23 PM,,06/08/2026,12,252,UAA-147885,UAA102A030926,03/09/2026 10:01:01 PM,,bbuajohnsonuaa,bbuajohnsonuaa,12 Day Expiry Rule,03/09/2026,0
IBUAA1065013,Located,="71468",BIM WHITE HOT DOG BUNS 8P 14Z,03/09/2026 10:03:46 PM,252,252,0,03/09/2026 10:01:31 PM,FRZ-0-73-0,03/09/2026 10:01:33 PM,,06/08/2026,12,252,UAA-147885,UAA102A030926,03/09/2026 10:01:31 PM,,bbuajohnsonuaa,bbuajohnsonuaa,12 Day Expiry Rule,03/09/2026,0
IBUAA1065014,Located,="71468",BIM WHITE HOT DOG BUNS 8P 14Z,03/09/2026 10:10:27 PM,252,252,0,03/09/2026 10:08:37 PM,FRZ-0-73-0,03/09/2026 10:08:38 PM,,06/08/2026,12,252,UAA-147885,UAA102A030926,03/09/2026 10:08:37 PM,,bbuadoldsonuaa,bbuddonaldsonuaa,12 Day Expiry Rule,03/09/2026,0
IBUAA1065015,Located,="71468",BIM WHITE HOT DOG BUNS 8P 14Z,03/09/2026 10:10:27 PM,252,252,0,03/09/2026 10:08:45 PM,FRZ-0-73-0,03/09/2026 10:08:46 PM,,06/08/2026,12,252,UAA-147885,UAA102A030926,03/09/2026 10:08:45 PM,,bbuadoldsonuaa,bbuddonaldsonuaa,12 Day Expiry Rule,03/09/2026,0
IBUAA1065016,Located,="71468",BIM WHITE HOT DOG BUNS 8P 14Z,03/09/2026 10:14:35 PM,252,252,0,03/09/2026 10:12:04 PM,FRZ-0-73-0,03/09/2026 10:12:05 PM,,06/08/2026,12,252,UAA-147885,UAA102A030926,03/09/2026 10:12:04 PM,,bbuajohnsonuaa,bbuajohnsonuaa,12 Day Expiry Rule,03/09/2026,0
IBUAA1065017,Located,="71468",BIM WHITE HOT DOG BUNS 8P 14Z,03/09/2026 10:14:34 PM,252,252,0,03/09/2026 10:12:09 PM,FRZ-0-73-0,03/09/2026 10:12:10 PM,,06/08/2026,12,252,UAA-147885,UAA102A030926,03/09/2026 10:12:09 PM,,bbuajohnsonuaa,bbuajohnsonuaa,12 Day Expiry Rule,03/09/2026,0
IBUAA1065018,Located,="71468",BIM WHITE HOT DOG BUNS 8P 14Z,03/09/2026 10:15:09 PM,252,252,0,03/09/2026 10:12:51 PM,FRZ-0-73-0,03/09/2026 10:12:52 PM,,06/08/2026,12,252,UAA-147885,UAA102A030926,03/09/2026 10:12:51 PM,,bbuadoldsonuaa,bbuadoldsonuaa,12 Day Expiry Rule,03/09/2026,0
IBUAA1065019,Located,="71468",BIM WHITE HOT DOG BUNS 8P 14Z,03/09/2026 10:17:46 PM,252,252,0,03/09/2026 10:16:37 PM,FRZ-0-73-0,03/09/2026 10:16:38 PM,,06/08/2026,12,252,UAA-147885,UAA102A030926,03/09/2026 10:16:37 PM,,bbuadoldsonuaa,bbuadoldsonuaa,12 Day Expiry Rule,03/09/2026,0
IBUAA1065020,Located,="71468",BIM WHITE HOT DOG BUNS 8P 14Z,03/09/2026 10:19:06 PM,252,252,0,03/09/2026 10:16:46 PM,FRZ-0-73-0,03/09/2026 10:16:47 PM,,06/08/2026,12,252,UAA-147885,UAA102A030926,03/09/2026 10:16:46 PM,,bbuajohnsonuaa,bbuadoldsonuaa,12 Day Expiry Rule,03/09/2026,0
IBUAA1065021,Located,="71468",BIM WHITE HOT DOG BUNS 8P 14Z,03/09/2026 10:19:06 PM,252,252,0,03/09/2026 10:16:52 PM,FRZ-0-73-0,03/09/2026 10:16:53 PM,,06/08/2026,12,252,UAA-147885,UAA102A030926,03/09/2026 10:16:52 PM,,bbuajohnsonuaa,bbuadoldsonuaa,12 Day Expiry Rule,03/09/2026,0
IBUAA1065052,Located,="71468",BIM WHITE HOT DOG BUNS 8P 14Z,03/09/2026 10:26:37 PM,252,252,0,03/09/2026 10:23:31 PM,FRZ-0-73-0,03/09/2026 10:23:32 PM,,06/08/2026,12,252,UAA-147885,UAA102A030926,03/09/2026 10:23:31 PM,,bbuadoldsonuaa,bbuadoldsonuaa,12 Day Expiry Rule,03/09/2026,0
IBUAA1065053,Located,="71468",BIM WHITE HOT DOG BUNS 8P 14Z,03/09/2026 10:26:37 PM,252,252,0,03/09/2026 10:24:44 PM,FRZ-0-73-0,03/09/2026 10:24:45 PM,,06/08/2026,12,252,UAA-147885,UAA102A030926,03/09/2026 10:24:44 PM,,bbuadoldsonuaa,bbuadoldsonuaa,12 Day Expiry Rule,03/09/2026,0
IBUAA1065054,Located,="71468",BIM WHITE HOT DOG BUNS 8P 14Z,03/09/2026 10:34:37 PM,252,252,0,03/09/2026 10:30:55 PM,FRZ-0-73-0,03/09/2026 10:30:56 PM,,06/08/2026,12,252,UAA-147885,UAA102A030926,03/09/2026 10:30:55 PM,,bbuadoldsonuaa,bbuadoldsonuaa,12 Day Expiry Rule,03/09/2026,0
IBUAA1065055,Located,="71468",BIM WHITE HOT DOG BUNS 8P 14Z,03/09/2026 10:34:37 PM,252,252,0,03/09/2026 10:31:00 PM,FRZ-0-73-0,03/09/2026 10:31:01 PM,,06/08/2026,12,252,UAA-147885,UAA102A030926,03/09/2026 10:31:00 PM,,bbuadoldsonuaa,bbuadoldsonuaa,12 Day Expiry Rule,03/09/2026,0
IBUAA1065056,Located,="71468",BIM WHITE HOT DOG BUNS 8P 14Z,03/09/2026 10:42:18 PM,252,252,0,03/09/2026 10:39:10 PM,FRZ-0-73-0,03/09/2026 10:39:11 PM,,06/08/2026,12,252,UAA-147885,UAA102A030926,03/09/2026 10:39:10 PM,,bbuadoldsonuaa,bbuadoldsonuaa,12 Day Expiry Rule,03/09/2026,0
IBUAA1065057,Located,="71468",BIM WHITE HOT DOG BUNS 8P 14Z,03/09/2026 10:42:18 PM,252,252,0,03/09/2026 10:39:15 PM,FRZ-0-73-0,03/09/2026 10:39:16 PM,,06/08/2026,12,252,UAA-147885,UAA102A030926,03/09/2026 10:39:15 PM,,bbuadoldsonuaa,bbuadoldsonuaa,12 Day Expiry Rule,03/09/2026,0
IBUAA1065035,Located,="71468",BIM WHITE HOT DOG BUNS 8P 14Z,03/09/2026 10:43:48 PM,252,252,0,03/09/2026 10:39:59 PM,FRZ-0-73-0,03/09/2026 10:41:19 PM,,06/08/2026,12,252,UAA-147885,UAA102A030926,03/09/2026 10:39:59 PM,,bbuajohnsonuaa,bbuajohnsonuaa,12 Day Expiry Rule,03/09/2026,0
IBUAA1065036,Located,="71468",BIM WHITE HOT DOG BUNS 8P 14Z,03/09/2026 10:43:48 PM,252,252,0,03/09/2026 10:40:07 PM,FRZ-0-73-0,03/09/2026 10:41:19 PM,,06/08/2026,12,252,UAA-147885,UAA102A030926,03/09/2026 10:40:07 PM,,bbuajohnsonuaa,bbuajohnsonuaa,12 Day Expiry Rule,03/09/2026,0
IBUAA1065037,Located,="71468",BIM WHITE HOT DOG BUNS 8P 14Z,03/09/2026 10:44:55 PM,252,252,0,03/09/2026 10:43:55 PM,FRZ-0-73-0,03/09/2026 10:43:57 PM,,06/08/2026,12,252,UAA-147885,UAA102A030926,03/09/2026 10:43:55 PM,,bbuadoldsonuaa,bbuadoldsonuaa,12 Day Expiry Rule,03/09/2026,0
IBUAA1065038,Located,="71468",BIM WHITE HOT DOG BUNS 8P 14Z,03/09/2026 10:47:04 PM,252,252,0,03/09/2026 10:44:55 PM,FRZ-0-73-0,03/09/2026 10:44:56 PM,,06/08/2026,12,252,UAA-147885,UAA102A030926,03/09/2026 10:44:55 PM,,bbuajohnsonuaa,bbuajohnsonuaa,12 Day Expiry Rule,03/09/2026,0
IBUAA1065039,Located,="71468",BIM WHITE HOT DOG BUNS 8P 14Z,03/09/2026 10:47:04 PM,252,252,0,03/09/2026 10:45:00 PM,FRZ-0-73-0,03/09/2026 10:45:01 PM,,06/08/2026,12,252,UAA-147885,UAA102A030926,03/09/2026 10:45:00 PM,,bbuajohnsonuaa,bbuajohnsonuaa,12 Day Expiry Rule,03/09/2026,0
IBUAA1065040,Located,="71468",BIM WHITE HOT DOG BUNS 8P 14Z,03/09/2026 10:47:04 PM,252,252,0,03/09/2026 10:45:07 PM,FRZ-0-73-0,03/09/2026 10:45:08 PM,,06/08/2026,12,252,UAA-147885,UAA102A030926,03/09/2026 10:45:07 PM,,bbuajohnsonuaa,bbuajohnsonuaa,12 Day Expiry Rule,03/09/2026,0
IBUAA1065041,Located,="71468",BIM WHITE HOT DOG BUNS 8P 14Z,03/09/2026 10:47:30 PM,252,252,0,03/09/2026 10:45:56 PM,FRZ-0-73-0,03/09/2026 10:45:57 PM,,06/08/2026,12,252,UAA-147885,UAA102A030926,03/09/2026 10:45:56 PM,,bbuadoldsonuaa,bbuadoldsonuaa,12 Day Expiry Rule,03/09/2026,0
IBUAA1065042,Located,="71468",BIM WHITE HOT DOG BUNS 8P 14Z,03/09/2026 10:50:52 PM,252,252,0,03/09/2026 10:49:00 PM,FRZ-0-73-0,03/09/2026 10:49:01 PM,,06/08/2026,12,252,UAA-147885,UAA102A030926,03/09/2026 10:49:00 PM,,bbuadoldsonuaa,bbuadoldsonuaa,12 Day Expiry Rule,03/09/2026,0
IBUAA1065043,Located,="71468",BIM WHITE HOT DOG BUNS 8P 14Z,03/09/2026 10:55:32 PM,252,252,0,03/09/2026 10:50:20 PM,FRZ-0-74-0,03/09/2026 10:50:55 PM,,06/08/2026,12,252,UAA-147877,UAA102A030926,03/09/2026 10:50:20 PM,,bbuajohnsonuaa,bbuajohnsonuaa,12 Day Expiry Rule,03/09/2026,0
IBUAA1065047,Located,="71468",BIM WHITE HOT DOG BUNS 8P 14Z,03/09/2026 11:00:09 PM,252,252,0,03/09/2026 10:55:49 PM,FRZ-0-74-0,03/09/2026 10:55:50 PM,,06/08/2026,12,252,UAA-147877,UAA102A030926,03/09/2026 10:55:49 PM,,bbuadoldsonuaa,bbuadoldsonuaa,12 Day Expiry Rule,03/09/2026,0
IBUAA1065048,Located,="71468",BIM WHITE HOT DOG BUNS 8P 14Z,03/09/2026 11:00:09 PM,252,252,0,03/09/2026 10:58:54 PM,FRZ-0-74-0,03/09/2026 10:58:55 PM,,06/08/2026,12,252,UAA-147877,UAA102A030926,03/09/2026 10:58:54 PM,,bbuadoldsonuaa,bbuadoldsonuaa,12 Day Expiry Rule,03/09/2026,0
IBUAA1065049,Located,="71468",BIM WHITE HOT DOG BUNS 8P 14Z,03/09/2026 11:01:35 PM,252,252,0,03/09/2026 10:59:41 PM,FRZ-0-74-0,03/09/2026 10:59:42 PM,,06/08/2026,12,252,UAA-147877,UAA102A030926,03/09/2026 10:59:41 PM,,bbuajohnsonuaa,bbuajohnsonuaa,12 Day Expiry Rule,03/09/2026,0
IBUAA1065050,Located,="71468",BIM WHITE HOT DOG BUNS 8P 14Z,03/09/2026 11:01:35 PM,252,252,0,03/09/2026 10:59:43 PM,FRZ-0-74-0,03/09/2026 10:59:44 PM,,06/08/2026,12,252,UAA-147877,UAA102A030926,03/09/2026 10:59:43 PM,,bbuajohnsonuaa,bbuajohnsonuaa,12 Day Expiry Rule,03/09/2026,0
IBUAA1065112,Located,="71468",BIM WHITE HOT DOG BUNS 8P 14Z,03/09/2026 11:06:30 PM,252,252,0,03/09/2026 11:04:02 PM,FRZ-0-74-0,03/09/2026 11:04:03 PM,,06/08/2026,12,252,UAA-147877,UAA102A030926,03/09/2026 11:04:02 PM,,bbuajohnsonuaa,bbuajohnsonuaa,12 Day Expiry Rule,03/09/2026,0
IBUAA1065113,Located,="71468",BIM WHITE HOT DOG BUNS 8P 14Z,03/09/2026 11:06:30 PM,252,252,0,03/09/2026 11:04:05 PM,FRZ-0-74-0,03/09/2026 11:04:06 PM,,06/08/2026,12,252,UAA-147877,UAA102A030926,03/09/2026 11:04:05 PM,,bbuajohnsonuaa,bbuajohnsonuaa,12 Day Expiry Rule,03/09/2026,0
IBUAA1065114,Located,="71468",BIM WHITE HOT DOG BUNS 8P 14Z,03/09/2026 11:07:21 PM,252,252,0,03/09/2026 11:06:02 PM,FRZ-0-74-0,03/09/2026 11:06:03 PM,,06/08/2026,12,252,UAA-147877,UAA102A030926,03/09/2026 11:06:02 PM,,bbuadoldsonuaa,bbuadoldsonuaa,12 Day Expiry Rule,03/09/2026,0
IBUAA1065115,Located,="71468",BIM WHITE HOT DOG BUNS 8P 14Z,03/09/2026 11:07:22 PM,252,252,0,03/09/2026 11:06:06 PM,FRZ-0-74-0,03/09/2026 11:06:07 PM,,06/08/2026,12,252,UAA-147877,UAA102A030926,03/09/2026 11:06:06 PM,,bbuadoldsonuaa,bbuadoldsonuaa,12 Day Expiry Rule,03/09/2026,0
IBUAA1065117,Located,="71468",BIM WHITE HOT DOG BUNS 8P 14Z,03/09/2026 11:14:52 PM,252,252,0,03/09/2026 11:10:52 PM,FRZ-0-74-0,03/09/2026 11:10:54 PM,,06/08/2026,12,252,UAA-147877,UAA102A030926,03/09/2026 11:10:52 PM,,bbuadoldsonuaa,bbuadoldsonuaa,12 Day Expiry Rule,03/09/2026,0
IBUAA1065118,Located,="71468",BIM WHITE HOT DOG BUNS 8P 14Z,03/09/2026 11:14:52 PM,252,252,0,03/09/2026 11:10:58 PM,FRZ-0-74-0,03/09/2026 11:10:59 PM,,06/08/2026,12,252,UAA-147877,UAA102A030926,03/09/2026 11:10:58 PM,,bbuadoldsonuaa,bbuadoldsonuaa,12 Day Expiry Rule,03/09/2026,0
IBUAA1065119,Located,="71468",BIM WHITE HOT DOG BUNS 8P 14Z,03/09/2026 11:14:02 PM,252,252,0,03/09/2026 11:12:10 PM,FRZ-0-74-0,03/09/2026 11:12:11 PM,,06/08/2026,12,252,UAA-147877,UAA102A030926,03/09/2026 11:12:10 PM,,bbuajohnsonuaa,bbuajohnsonuaa,12 Day Expiry Rule,03/09/2026,0
IBUAA1065120,Located,="71468",BIM WHITE HOT DOG BUNS 8P 14Z,03/09/2026 11:14:03 PM,252,252,0,03/09/2026 11:12:15 PM,FRZ-0-74-0,03/09/2026 11:12:16 PM,,06/08/2026,12,252,UAA-147877,UAA102A030926,03/09/2026 11:12:15 PM,,bbuajohnsonuaa,bbuajohnsonuaa,12 Day Expiry Rule,03/09/2026,0
IBUAA1065105,Located,="71468",BIM WHITE HOT DOG BUNS 8P 14Z,03/09/2026 11:38:50 PM,252,252,0,03/09/2026 11:36:22 PM,FRZ-0-74-0,03/09/2026 11:36:25 PM,,06/08/2026,12,252,UAA-147877,UAA102A030926,03/09/2026 11:36:22 PM,,bbuhgarciauaa,bbuhgarciauaa,12 Day Expiry Rule,03/09/2026,0
IBUAA1065107,Located,="71468",BIM WHITE HOT DOG BUNS 8P 14Z,03/09/2026 11:41:37 PM,252,252,0,03/09/2026 11:40:02 PM,FRZ-0-74-0,03/09/2026 11:40:04 PM,,06/08/2026,12,252,UAA-147877,UAA102A030926,03/09/2026 11:40:02 PM,,bbujjuarezuaa,bbujjuarezuaa,12 Day Expiry Rule,03/09/2026,0
IBUAA1065109,Located,="71468",BIM WHITE HOT DOG BUNS 8P 14Z,03/09/2026 11:49:48 PM,252,252,0,03/09/2026 11:44:07 PM,FRZ-0-74-0,03/09/2026 11:44:08 PM,,06/08/2026,12,252,UAA-147877,UAA102A030926,03/09/2026 11:44:07 PM,,bbuhgarciauaa,bbuhgarciauaa,12 Day Expiry Rule,03/09/2026,0
IBUAA1065155,Located,="71468",BIM WHITE HOT DOG BUNS 8P 14Z,03/09/2026 11:49:49 PM,252,252,0,03/09/2026 11:47:12 PM,FRZ-0-74-0,03/09/2026 11:47:13 PM,,06/08/2026,12,252,UAA-147877,UAA102A030926,03/09/2026 11:47:12 PM,,bbuhgarciauaa,bbuhgarciauaa,12 Day Expiry Rule,03/09/2026,0
IBUAA1065156,Located,="71468",BIM WHITE HOT DOG BUNS 8P 14Z,03/09/2026 11:52:19 PM,252,252,0,03/09/2026 11:49:46 PM,FRZ-0-74-0,03/09/2026 11:49:47 PM,,06/08/2026,12,252,UAA-147877,UAA102A030926,03/09/2026 11:49:46 PM,,bbujjuarezuaa,bbujjuarezuaa,12 Day Expiry Rule,03/09/2026,0
IBUAA1065158,Located,="71468",BIM WHITE HOT DOG BUNS 8P 14Z,03/09/2026 11:55:14 PM,252,252,0,03/09/2026 11:53:22 PM,FRZ-0-74-0,03/09/2026 11:53:23 PM,,06/08/2026,12,252,UAA-147877,UAA102A030926,03/09/2026 11:53:22 PM,,bbujjuarezuaa,bbujjuarezuaa,12 Day Expiry Rule,03/09/2026,0
IBUAA1065159,Located,="71468",BIM WHITE HOT DOG BUNS 8P 14Z,03/09/2026 11:55:14 PM,252,252,0,03/09/2026 11:53:28 PM,FRZ-0-74-0,03/09/2026 11:53:29 PM,,06/08/2026,12,252,UAA-147877,UAA102A030926,03/09/2026 11:53:28 PM,,bbujjuarezuaa,bbujjuarezuaa,12 Day Expiry Rule,03/09/2026,0
IBUAA1065138,Located,="71468",BIM WHITE HOT DOG BUNS 8P 14Z,03/10/2026 01:06:30 AM,252,252,0,03/10/2026 12:00:42 AM,FRZ-0-74-0,03/10/2026 12:50:37 AM,,06/08/2026,12,252,UAA-147877,UAA102A030926,03/10/2026 12:00:42 AM,,bbuhgarciauaa,bbuadoldsonuaa,12 Day Expiry Rule,03/10/2026,0
IBUAA1065139,Located,="71468",BIM WHITE HOT DOG BUNS 8P 14Z,03/10/2026 01:06:30 AM,252,252,0,03/10/2026 12:00:48 AM,FRZ-0-74-0,03/10/2026 12:50:37 AM,,06/08/2026,12,252,UAA-147877,UAA102A030926,03/10/2026 12:00:48 AM,,bbuhgarciauaa,bbuadoldsonuaa,12 Day Expiry Rule,03/10/2026,0
IBUAA1065176,Located,="71468",BIM WHITE HOT DOG BUNS 8P 14Z,03/10/2026 12:18:44 AM,252,252,0,03/10/2026 12:12:34 AM,FRZ-0-74-0,03/10/2026 12:12:36 AM,,06/08/2026,12,252,UAA-147877,UAA102A030926,03/10/2026 12:12:34 AM,,bbuajohnsonuaa,bbuajohnsonuaa,12 Day Expiry Rule,03/10/2026,0
IBUAA1065177,Located,="71468",BIM WHITE HOT DOG BUNS 8P 14Z,03/10/2026 12:18:43 AM,252,252,0,03/10/2026 12:12:38 AM,FRZ-0-74-0,03/10/2026 12:12:39 AM,,06/08/2026,12,252,UAA-147877,UAA102A030926,03/10/2026 12:12:38 AM,,bbuajohnsonuaa,bbuajohnsonuaa,12 Day Expiry Rule,03/10/2026,0
IBUAA1065178,Located,="71468",BIM WHITE HOT DOG BUNS 8P 14Z,03/10/2026 12:18:44 AM,252,252,0,03/10/2026 12:12:41 AM,FRZ-0-74-0,03/10/2026 12:12:41 AM,,06/08/2026,12,252,UAA-147877,UAA102A030926,03/10/2026 12:12:41 AM,,bbuajohnsonuaa,bbuajohnsonuaa,12 Day Expiry Rule,03/10/2026,0
IBUAA1065179,Located,="71468",BIM WHITE HOT DOG BUNS 8P 14Z,03/10/2026 12:23:35 AM,252,252,0,03/10/2026 12:12:43 AM,FRZ-0-74-0,03/10/2026 12:12:44 AM,,06/08/2026,12,252,UAA-147877,UAA102A030926,03/10/2026 12:12:43 AM,,bbuajohnsonuaa,bbuajohnsonuaa,12 Day Expiry Rule,03/10/2026,0
IBUAA1065005,Located,="71468",BIM WHITE HOT DOG BUNS 8P 14Z,03/10/2026 12:15:23 AM,252,252,0,03/10/2026 12:12:52 AM,FRZ-0-74-0,03/10/2026 12:12:54 AM,,06/08/2026,12,252,UAA-147877,UAA102A030926,03/10/2026 12:12:52 AM,,bbuadoldsonuaa,bbuadoldsonuaa,12 Day Expiry Rule,03/10/2026,0
IBUAA1065006,Located,="71468",BIM WHITE HOT DOG BUNS 8P 14Z,03/10/2026 12:15:23 AM,252,252,0,03/10/2026 12:13:00 AM,FRZ-0-74-0,03/10/2026 12:13:01 AM,,06/08/2026,12,252,UAA-147877,UAA102A030926,03/10/2026 12:13:00 AM,,bbuadoldsonuaa,bbuadoldsonuaa,12 Day Expiry Rule,03/10/2026,0
IBUAA1065180,Located,="71468",BIM WHITE HOT DOG BUNS 8P 14Z,03/10/2026 12:23:35 AM,252,252,0,03/10/2026 12:13:02 AM,FRZ-0-74-0,03/10/2026 12:13:03 AM,,06/08/2026,12,252,UAA-147877,UAA102A030926,03/10/2026 12:13:02 AM,,bbuajohnsonuaa,bbuajohnsonuaa,12 Day Expiry Rule,03/10/2026,0
IBUAA1065007,Located,="71468",BIM WHITE HOT DOG BUNS 8P 14Z,03/10/2026 12:15:23 AM,252,252,0,03/10/2026 12:13:06 AM,FRZ-0-74-0,03/10/2026 12:13:07 AM,,06/08/2026,12,252,UAA-147877,UAA102A030926,03/10/2026 12:13:06 AM,,bbuadoldsonuaa,bbuadoldsonuaa,12 Day Expiry Rule,03/10/2026,0
IBUAA1065008,Located,="71468",BIM WHITE HOT DOG BUNS 8P 14Z,03/10/2026 12:15:23 AM,252,252,0,03/10/2026 12:13:11 AM,FRZ-0-74-0,03/10/2026 12:13:12 AM,,06/08/2026,12,252,UAA-147877,UAA102A030926,03/10/2026 12:13:11 AM,,bbuadoldsonuaa,bbuadoldsonuaa,12 Day Expiry Rule,03/10/2026,0
IBUAA1065009,Located,="71468",BIM WHITE HOT DOG BUNS 8P 14Z,03/10/2026 12:26:16 AM,252,252,0,03/10/2026 12:21:56 AM,FRZ-0-74-0,03/10/2026 12:21:58 AM,,06/08/2026,12,252,UAA-147877,UAA102A030926,03/10/2026 12:21:56 AM,,bbuadoldsonuaa,bbuadoldsonuaa,12 Day Expiry Rule,03/10/2026,0
IBUAA1065213,Located,="71468",BIM WHITE HOT DOG BUNS 8P 14Z,03/10/2026 12:30:43 AM,252,252,0,03/10/2026 12:28:59 AM,FRZ-0-74-0,03/10/2026 12:29:00 AM,,06/08/2026,12,252,UAA-147877,UAA102A030926,03/10/2026 12:28:59 AM,,bbuadoldsonuaa,bbuadoldsonuaa,12 Day Expiry Rule,03/10/2026,0
IBUAA1065214,Located,="71468",BIM WHITE HOT DOG BUNS 8P 14Z,03/10/2026 12:30:42 AM,252,252,0,03/10/2026 12:29:05 AM,FRZ-0-74-0,03/10/2026 12:29:06 AM,,06/08/2026,12,252,UAA-147877,UAA102A030926,03/10/2026 12:29:05 AM,,bbuadoldsonuaa,bbuadoldsonuaa,12 Day Expiry Rule,03/10/2026,0
IBUAA1065181,Located,="71468",BIM WHITE HOT DOG BUNS 8P 14Z,03/10/2026 12:35:12 AM,252,252,0,03/10/2026 12:29:59 AM,FRZ-0-74-0,03/10/2026 12:30:00 AM,,06/08/2026,12,252,UAA-147877,UAA102A030926,03/10/2026 12:29:59 AM,,bbuajohnsonuaa,bbuajohnsonuaa,12 Day Expiry Rule,03/10/2026,0
IBUAA1065182,Located,="71468",BIM WHITE HOT DOG BUNS 8P 14Z,03/10/2026 12:35:12 AM,252,252,0,03/10/2026 12:30:09 AM,FRZ-0-74-0,03/10/2026 12:30:10 AM,,06/08/2026,12,252,UAA-147877,UAA102A030926,03/10/2026 12:30:09 AM,,bbuajohnsonuaa,bbuajohnsonuaa,12 Day Expiry Rule,03/10/2026,0
IBUAA1065183,Located,="71468",BIM WHITE HOT DOG BUNS 8P 14Z,03/10/2026 12:35:12 AM,252,252,0,03/10/2026 12:30:25 AM,FRZ-0-74-0,03/10/2026 12:30:26 AM,,06/08/2026,12,252,UAA-147877,UAA102A030926,03/10/2026 12:30:25 AM,,bbuajohnsonuaa,bbuajohnsonuaa,12 Day Expiry Rule,03/10/2026,0
IBUAA1065215,Located,="71468",BIM WHITE HOT DOG BUNS 8P 14Z,03/10/2026 12:36:33 AM,252,252,0,03/10/2026 12:35:29 AM,FRZ-0-74-0,03/10/2026 12:35:30 AM,,06/08/2026,12,252,UAA-147877,UAA102A030926,03/10/2026 12:35:29 AM,,bbuadoldsonuaa,bbuadoldsonuaa,12 Day Expiry Rule,03/10/2026,0
IBUAA1065185,Located,="71468",BIM WHITE HOT DOG BUNS 8P 14Z,03/10/2026 12:45:44 AM,252,252,0,03/10/2026 12:42:38 AM,FRZ-0-74-0,03/10/2026 12:42:39 AM,,06/08/2026,12,252,UAA-147877,UAA102A030926,03/10/2026 12:42:38 AM,,bbuajohnsonuaa,bbuajohnsonuaa,12 Day Expiry Rule,03/10/2026,0
IBUAA1065216,Located,="71468",BIM WHITE HOT DOG BUNS 8P 14Z,03/10/2026 12:52:28 AM,252,252,0,03/10/2026 12:50:50 AM,FRZ-0-74-0,03/10/2026 12:50:51 AM,,04/03/2026,12,252,UAA-147877,UAA102A031026,03/10/2026 12:50:50 AM,,bbuadoldsonuaa,bbuadoldsonuaa,12 Day Expiry Rule,03/10/2026,0
IBUAA1065217,Located,="71468",BIM WHITE HOT DOG BUNS 8P 14Z,03/10/2026 12:52:28 AM,252,252,0,03/10/2026 12:50:55 AM,FRZ-0-74-0,03/10/2026 12:50:56 AM,,04/03/2026,12,252,UAA-147877,UAA102A031026,03/10/2026 12:50:55 AM,,bbuadoldsonuaa,bbuadoldsonuaa,12 Day Expiry Rule,03/10/2026,0
IBUAA1065235,Located,="71468",BIM WHITE HOT DOG BUNS 8P 14Z,03/10/2026 12:58:57 AM,252,252,0,03/10/2026 12:55:43 AM,FRZ-0-74-0,03/10/2026 12:55:44 AM,,06/08/2026,12,252,UAA-147877,UAA102A030926,03/10/2026 12:55:43 AM,,bbuajohnsonuaa,bbuajohnsonuaa,12 Day Expiry Rule,03/10/2026,0
IBUAA1065236,Located,="71468",BIM WHITE HOT DOG BUNS 8P 14Z,03/10/2026 12:58:57 AM,252,252,0,03/10/2026 12:55:49 AM,FRZ-0-74-0,03/10/2026 12:55:49 AM,,06/08/2026,12,252,UAA-147877,UAA102A030926,03/10/2026 12:55:49 AM,,bbuajohnsonuaa,bbuajohnsonuaa,12 Day Expiry Rule,03/10/2026,0
IBUAA1065272,Located,="71468",BIM WHITE HOT DOG BUNS 8P 14Z,03/10/2026 01:06:30 AM,252,252,0,03/10/2026 12:59:48 AM,FRZ-0-74-0,03/10/2026 12:59:50 AM,,04/03/2026,12,252,UAA-147877,UAA102A031026,03/10/2026 12:59:48 AM,,bbuadoldsonuaa,bbuadoldsonuaa,12 Day Expiry Rule,03/10/2026,0
IBUAA1065273,Located,="71468",BIM WHITE HOT DOG BUNS 8P 14Z,03/10/2026 01:06:30 AM,252,252,0,03/10/2026 01:03:20 AM,FRZ-0-74-0,03/10/2026 01:03:21 AM,,04/03/2026,12,252,UAA-147877,UAA102A031026,03/10/2026 01:03:20 AM,,bbuadoldsonuaa,bbuadoldsonuaa,12 Day Expiry Rule,03/10/2026,0
IBUAA1065242,Located,="71468",BIM WHITE HOT DOG BUNS 8P 14Z,03/10/2026 01:09:46 AM,252,252,0,03/10/2026 01:04:19 AM,FRZ-0-74-0,03/10/2026 01:04:20 AM,,06/08/2026,12,252,UAA-147877,UAA102A030926,03/10/2026 01:04:19 AM,,bbuajohnsonuaa,bbuajohnsonuaa,12 Day Expiry Rule,03/10/2026,0
IBUAA1065243,Located,="71468",BIM WHITE HOT DOG BUNS 8P 14Z,03/10/2026 01:09:46 AM,252,252,0,03/10/2026 01:04:24 AM,FRZ-0-74-0,03/10/2026 01:04:24 AM,,06/08/2026,12,252,UAA-147877,UAA102A030926,03/10/2026 01:04:24 AM,,bbuajohnsonuaa,bbuajohnsonuaa,12 Day Expiry Rule,03/10/2026,0
IBUAA1065274,Located,="71468",BIM WHITE HOT DOG BUNS 8P 14Z,03/10/2026 01:21:47 AM,252,252,0,03/10/2026 01:12:16 AM,FRZ-0-74-0,03/10/2026 01:12:17 AM,,04/03/2026,12,252,UAA-147877,UAA102A031026,03/10/2026 01:12:16 AM,,bbuadoldsonuaa,bbuadoldsonuaa,12 Day Expiry Rule,03/10/2026,0
IBUAA1065250,Located,="71468",BIM WHITE HOT DOG BUNS 8P 14Z,03/10/2026 01:19:50 AM,252,252,0,03/10/2026 01:17:26 AM,FRZ-0-74-0,03/10/2026 01:17:27 AM,,06/08/2026,12,252,UAA-147877,UAA102A030926,03/10/2026 01:17:26 AM,,bbuajohnsonuaa,bbuajohnsonuaa,12 Day Expiry Rule,03/10/2026,0
IBUAA1065275,Located,="71468",BIM WHITE HOT DOG BUNS 8P 14Z,03/10/2026 01:21:47 AM,252,252,0,03/10/2026 01:19:40 AM,FRZ-0-74-0,03/10/2026 01:19:41 AM,,04/03/2026,12,252,UAA-147877,UAA102A031026,03/10/2026 01:19:40 AM,,bbuadoldsonuaa,bbuadoldsonuaa,12 Day Expiry Rule,03/10/2026,0
IBUAA1065276,Located,="71468",BIM WHITE HOT DOG BUNS 8P 14Z,03/10/2026 01:27:56 AM,252,252,0,03/10/2026 01:22:40 AM,FRZ-0-74-0,03/10/2026 01:22:41 AM,,04/03/2026,12,252,UAA-147877,UAA102A031026,03/10/2026 01:22:40 AM,,bbuadoldsonuaa,bbuadoldsonuaa,12 Day Expiry Rule,03/10/2026,0
IBUAA1065277,Located,="71468",BIM WHITE HOT DOG BUNS 8P 14Z,03/10/2026 01:32:34 AM,252,252,0,03/10/2026 01:31:02 AM,FRZ-0-74-0,03/10/2026 01:31:03 AM,,04/03/2026,12,252,UAA-147877,UAA102A031026,03/10/2026 01:31:02 AM,,bbuadoldsonuaa,bbuadoldsonuaa,12 Day Expiry Rule,03/10/2026,0
IBUAA1065142,Located,="71468",BIM WHITE HOT DOG BUNS 8P 14Z,03/10/2026 01:41:05 AM,252,252,0,03/10/2026 01:35:55 AM,FRZ-0-74-0,03/10/2026 01:35:57 AM,,06/08/2026,12,252,UAA-147877,UAA102A030926,03/10/2026 01:35:55 AM,,bbuajohnsonuaa,bbuajohnsonuaa,12 Day Expiry Rule,03/10/2026,0
IBUAA1065143,Located,="71468",BIM WHITE HOT DOG BUNS 8P 14Z,03/10/2026 01:41:05 AM,252,252,0,03/10/2026 01:35:59 AM,FRZ-0-74-0,03/10/2026 01:36:00 AM,,06/08/2026,12,252,UAA-147877,UAA102A030926,03/10/2026 01:35:59 AM,,bbuajohnsonuaa,bbuajohnsonuaa,12 Day Expiry Rule,03/10/2026,0
IBUAA1065144,Located,="71468",BIM WHITE HOT DOG BUNS 8P 14Z,03/10/2026 01:41:05 AM,252,252,0,03/10/2026 01:36:02 AM,FRZ-0-74-0,03/10/2026 01:36:03 AM,,06/08/2026,12,252,UAA-147877,UAA102A030926,03/10/2026 01:36:02 AM,,bbuajohnsonuaa,bbuajohnsonuaa,12 Day Expiry Rule,03/10/2026,0
IBUAA1065278,Located,="71468",BIM WHITE HOT DOG BUNS 8P 14Z,03/10/2026 01:38:58 AM,252,252,0,03/10/2026 01:37:56 AM,FRZ-0-74-0,03/10/2026 01:37:56 AM,,04/03/2026,12,252,UAA-147877,UAA102A031026,03/10/2026 01:37:56 AM,,bbuadoldsonuaa,bbuadoldsonuaa,12 Day Expiry Rule,03/10/2026,0
IBUAA1065145,Located,="71468",BIM WHITE HOT DOG BUNS 8P 14Z,03/10/2026 01:44:07 AM,252,252,0,03/10/2026 01:38:00 AM,FRZ-0-74-0,03/10/2026 01:38:01 AM,,06/08/2026,12,252,UAA-147877,UAA102A030926,03/10/2026 01:38:00 AM,,bbuajohnsonuaa,bbuajohnsonuaa,12 Day Expiry Rule,03/10/2026,0
IBUAA1065279,Located,="71468",BIM WHITE HOT DOG BUNS 8P 14Z,03/10/2026 01:45:56 AM,252,252,0,03/10/2026 01:43:31 AM,FRZ-0-74-0,03/10/2026 01:43:33 AM,,04/03/2026,12,252,UAA-147877,UAA102A031026,03/10/2026 01:43:31 AM,,bbuadoldsonuaa,bbuadoldsonuaa,12 Day Expiry Rule,03/10/2026,0
IBUAA1065225,Located,="71468",BIM WHITE HOT DOG BUNS 8P 14Z,03/10/2026 02:20:25 AM,252,252,0,03/10/2026 02:11:14 AM,FRZ-0-74-0,03/10/2026 02:11:16 AM,,06/08/2026,12,252,UAA-147877,UAA102A030926,03/10/2026 02:11:14 AM,,bbuhgarciauaa,bbuajohnsonuaa,12 Day Expiry Rule,03/10/2026,0
IBUAA1065226,Located,="71468",BIM WHITE HOT DOG BUNS 8P 14Z,03/10/2026 02:20:25 AM,252,252,0,03/10/2026 02:17:14 AM,FRZ-0-74-0,03/10/2026 02:17:16 AM,,06/08/2026,12,252,UAA-147877,UAA102A030926,03/10/2026 02:17:14 AM,,bbuajohnsonuaa,bbuajohnsonuaa,12 Day Expiry Rule,03/10/2026,0
IBUAA1065227,Located,="71468",BIM WHITE HOT DOG BUNS 8P 14Z,03/10/2026 02:24:34 AM,252,252,0,03/10/2026 02:23:17 AM,FRZ-0-74-0,03/10/2026 02:23:18 AM,,06/08/2026,12,252,UAA-147877,UAA102A030926,03/10/2026 02:23:17 AM,,bbuajohnsonuaa,bbuajohnsonuaa,12 Day Expiry Rule,03/10/2026,0
IBUAA1065228,Located,="71468",BIM WHITE HOT DOG BUNS 8P 14Z,03/10/2026 02:29:10 AM,252,252,0,03/10/2026 02:27:39 AM,FRZ-0-74-0,03/10/2026 02:27:40 AM,,06/08/2026,12,252,UAA-147877,UAA102A030926,03/10/2026 02:27:39 AM,,bbuajohnsonuaa,bbuajohnsonuaa,12 Day Expiry Rule,03/10/2026,0
IBUAA1065375,Located,="71468",BIM WHITE HOT DOG BUNS 8P 14Z,03/10/2026 02:31:00 AM,252,252,0,03/10/2026 02:28:42 AM,FRZ-0-74-0,03/10/2026 02:28:45 AM,,04/03/2026,12,252,UAA-147877,UAA102A031026,03/10/2026 02:28:42 AM,,bbuadoldsonuaa,bbuadoldsonuaa,12 Day Expiry Rule,03/10/2026,0
IBUAA1065376,Located,="71468",BIM WHITE HOT DOG BUNS 8P 14Z,03/10/2026 02:31:00 AM,252,252,0,03/10/2026 02:28:48 AM,FRZ-0-74-0,03/10/2026 02:28:49 AM,,04/03/2026,12,252,UAA-147877,UAA102A031026,03/10/2026 02:28:48 AM,,bbuadoldsonuaa,bbuadoldsonuaa,12 Day Expiry Rule,03/10/2026,0
IBUAA1065414,Located,="71468",BIM WHITE HOT DOG BUNS 8P 14Z,03/10/2026 02:40:21 AM,252,252,0,03/10/2026 02:39:03 AM,FRZ-0-74-0,03/10/2026 02:39:05 AM,,04/03/2026,12,252,UAA-147877,UAA102A031026,03/10/2026 02:39:03 AM,,bbuadoldsonuaa,bbuadoldsonuaa,12 Day Expiry Rule,03/10/2026,0
IBUAA1065415,Located,="71468",BIM WHITE HOT DOG BUNS 8P 14Z,03/10/2026 02:40:21 AM,252,252,0,03/10/2026 02:39:09 AM,FRZ-0-74-0,03/10/2026 02:39:10 AM,,04/03/2026,12,252,UAA-147877,UAA102A031026,03/10/2026 02:39:09 AM,,bbuadoldsonuaa,bbuadoldsonuaa,12 Day Expiry Rule,03/10/2026,0
IBUAA1065420,Located,="71468",BIM WHITE HOT DOG BUNS 8P 14Z,03/10/2026 02:48:37 AM,252,252,0,03/10/2026 02:46:02 AM,FRZ-0-74-0,03/10/2026 02:46:04 AM,,04/03/2026,12,252,UAA-147877,UAA102A031026,03/10/2026 02:46:02 AM,,bbuajohnsonuaa,bbuajohnsonuaa,12 Day Expiry Rule,03/10/2026,0
IBUAA1065421,Located,="71468",BIM WHITE HOT DOG BUNS 8P 14Z,03/10/2026 02:48:37 AM,252,252,0,03/10/2026 02:46:06 AM,FRZ-0-74-0,03/10/2026 02:46:06 AM,,04/03/2026,12,252,UAA-147877,UAA102A031026,03/10/2026 02:46:06 AM,,bbuajohnsonuaa,bbuajohnsonuaa,12 Day Expiry Rule,03/10/2026,0
IBUAA1065346,Located,="71468",BIM WHITE HOT DOG BUNS 8P 14Z,03/10/2026 02:54:07 AM,252,252,0,03/10/2026 02:51:50 AM,FRZ-0-74-0,03/10/2026 02:51:53 AM,,04/03/2026,12,252,UAA-147877,UAA102A031026,03/10/2026 02:51:50 AM,,bbuadoldsonuaa,bbuadoldsonuaa,12 Day Expiry Rule,03/10/2026,0
IBUAA1065441,Located,="71468",BIM WHITE HOT DOG BUNS 8P 14Z,03/10/2026 03:35:42 AM,252,252,0,03/10/2026 03:34:28 AM,FRZ-0-74-0,03/10/2026 03:34:29 AM,,04/03/2026,12,252,UAA-147877,UAA102A031026,03/10/2026 03:34:28 AM,,bbuadoldsonuaa,bbuadoldsonuaa,12 Day Expiry Rule,03/10/2026,0
IBUAA1065443,Located,="71468",BIM WHITE HOT DOG BUNS 8P 14Z,03/10/2026 03:40:45 AM,252,252,0,03/10/2026 03:38:17 AM,FRZ-0-74-0,03/10/2026 03:38:19 AM,,04/03/2026,12,252,UAA-147877,UAA102A031026,03/10/2026 03:38:17 AM,,bbuajohnsonuaa,bbuajohnsonuaa,12 Day Expiry Rule,03/10/2026,0
IBUAA1065444,Located,="71468",BIM WHITE HOT DOG BUNS 8P 14Z,03/10/2026 03:40:45 AM,252,252,0,03/10/2026 03:38:33 AM,FRZ-0-74-0,03/10/2026 03:38:34 AM,,04/03/2026,12,252,UAA-147877,UAA102A031026,03/10/2026 03:38:33 AM,,bbuajohnsonuaa,bbuajohnsonuaa,12 Day Expiry Rule,03/10/2026,0
IBUAA1065447,Located,="71468",BIM WHITE HOT DOG BUNS 8P 14Z,03/10/2026 03:46:45 AM,252,252,0,03/10/2026 03:44:37 AM,FRZ-0-74-0,03/10/2026 03:44:38 AM,,04/03/2026,12,252,UAA-147877,UAA102A031026,03/10/2026 03:44:37 AM,,bbuadoldsonuaa,bbuadoldsonuaa,12 Day Expiry Rule,03/10/2026,0
IBUAA1065448,Located,="71468",BIM WHITE HOT DOG BUNS 8P 14Z,03/10/2026 03:49:10 AM,252,252,0,03/10/2026 03:47:20 AM,FRZ-0-74-0,03/10/2026 03:47:21 AM,,04/03/2026,12,252,UAA-147877,UAA102A031026,03/10/2026 03:47:20 AM,,bbuajohnsonuaa,bbuajohnsonuaa,12 Day Expiry Rule,03/10/2026,0
IBUAA1065449,Located,="71468",BIM WHITE HOT DOG BUNS 8P 14Z,03/10/2026 03:49:10 AM,252,252,0,03/10/2026 03:47:26 AM,FRZ-0-74-0,03/10/2026 03:47:27 AM,,04/03/2026,12,252,UAA-147877,UAA102A031026,03/10/2026 03:47:26 AM,,bbuajohnsonuaa,bbuajohnsonuaa,12 Day Expiry Rule,03/10/2026,0
IBUAA1065450,Located,="71468",BIM WHITE HOT DOG BUNS 8P 14Z,03/10/2026 03:50:07 AM,252,252,0,03/10/2026 03:49:15 AM,FRZ-0-74-0,03/10/2026 03:49:16 AM,,04/03/2026,12,252,UAA-147877,UAA102A031026,03/10/2026 03:49:15 AM,,bbuadoldsonuaa,bbuadoldsonuaa,12 Day Expiry Rule,03/10/2026,0
IBUAA1065451,Located,="71468",BIM WHITE HOT DOG BUNS 8P 14Z,03/10/2026 03:56:53 AM,252,252,0,03/10/2026 03:54:06 AM,FRZ-0-74-0,03/10/2026 03:54:07 AM,,04/03/2026,12,252,UAA-147877,UAA102A031026,03/10/2026 03:54:06 AM,,bbuajohnsonuaa,bbuajohnsonuaa,12 Day Expiry Rule,03/10/2026,0
IBUAA1065512,Located,="71468",BIM WHITE HOT DOG BUNS 8P 14Z,03/10/2026 03:59:14 AM,252,252,0,03/10/2026 03:55:24 AM,FRZ-0-74-0,03/10/2026 03:55:25 AM,,04/03/2026,12,252,UAA-147877,UAA102A031026,03/10/2026 03:55:24 AM,,bbuajohnsonuaa,bbuadoldsonuaa,12 Day Expiry Rule,03/10/2026,0
IBUAA1065513,Located,="71468",BIM WHITE HOT DOG BUNS 8P 14Z,03/10/2026 04:00:27 AM,252,252,0,03/10/2026 03:58:38 AM,FRZ-0-74-0,03/10/2026 03:58:38 AM,,04/03/2026,12,252,UAA-147877,UAA102A031026,03/10/2026 03:58:38 AM,,bbuajohnsonuaa,bbuajohnsonuaa,12 Day Expiry Rule,03/10/2026,0
IBUAA1065514,Located,="71468",BIM WHITE HOT DOG BUNS 8P 14Z,03/10/2026 04:01:34 AM,252,252,0,03/10/2026 04:00:24 AM,FRZ-0-74-0,03/10/2026 04:00:25 AM,,04/03/2026,12,252,UAA-147877,UAA102A031026,03/10/2026 04:00:24 AM,,bbuadoldsonuaa,bbuadoldsonuaa,12 Day Expiry Rule,03/10/2026,0
IBUAA1065380,Located,="71468",BIM WHITE HOT DOG BUNS 8P 14Z,03/10/2026 04:07:49 AM,252,252,0,03/10/2026 04:05:44 AM,FRZ-0-74-0,03/10/2026 04:05:46 AM,,04/03/2026,12,252,UAA-147877,UAA102A031026,03/10/2026 04:05:44 AM,,bbuhgarciauaa,bbuhgarciauaa,12 Day Expiry Rule,03/10/2026,0
IBUAA1065534,Located,="71468",BIM WHITE HOT DOG BUNS 8P 14Z,03/10/2026 04:09:11 AM,252,252,0,03/10/2026 04:08:14 AM,FRZ-0-74-0,03/10/2026 04:08:16 AM,,04/03/2026,12,252,UAA-147877,UAA102A031026,03/10/2026 04:08:14 AM,,bbujjuarezuaa,bbujjuarezuaa,12 Day Expiry Rule,03/10/2026,0
IBUAA1065381,Located,="71468",BIM WHITE HOT DOG BUNS 8P 14Z,03/10/2026 04:15:35 AM,252,252,0,03/10/2026 04:13:24 AM,FRZ-0-74-0,03/10/2026 04:13:25 AM,,04/03/2026,12,252,UAA-147877,UAA102A031026,03/10/2026 04:13:24 AM,,bbuhgarciauaa,bbuhgarciauaa,12 Day Expiry Rule,03/10/2026,0
IBUAA1065382,Located,="71468",BIM WHITE HOT DOG BUNS 8P 14Z,03/10/2026 04:21:18 AM,252,252,0,03/10/2026 04:19:10 AM,FRZ-0-74-0,03/10/2026 04:19:11 AM,,04/03/2026,12,252,UAA-147877,UAA102A031026,03/10/2026 04:19:10 AM,,bbuhgarciauaa,bbuhgarciauaa,12 Day Expiry Rule,03/10/2026,0
IBUAA1065490,Located,="71468",BIM WHITE HOT DOG BUNS 8P 14Z,03/10/2026 05:04:33 AM,252,252,0,03/10/2026 05:03:04 AM,FRZ-0-74-0,03/10/2026 05:03:06 AM,,04/03/2026,12,252,UAA-147877,UAA102A031026,03/10/2026 05:03:04 AM,,bbuajohnsonuaa,bbuajohnsonuaa,12 Day Expiry Rule,03/10/2026,0
IBUAA1065491,Located,="71468",BIM WHITE HOT DOG BUNS 8P 14Z,03/10/2026 05:10:46 AM,252,252,0,03/10/2026 05:09:08 AM,FRZ-0-74-0,03/10/2026 05:09:09 AM,,04/03/2026,12,252,UAA-147877,UAA102A031026,03/10/2026 05:09:08 AM,,bbuajohnsonuaa,bbuajohnsonuaa,12 Day Expiry Rule,03/10/2026,0
IBUAA1065612,Located,="71468",BIM WHITE HOT DOG BUNS 8P 14Z,03/10/2026 05:39:32 AM,252,252,0,03/10/2026 05:18:20 AM,FRZ-0-74-0,03/10/2026 05:18:21 AM,,04/03/2026,12,252,UAA-147877,UAA102A031026,03/10/2026 05:18:20 AM,,bbuajohnsonuaa,bbuajohnsonuaa,12 Day Expiry Rule,03/10/2026,0
IBUAA1065632,Located,="71468",BIM WHITE HOT DOG BUNS 8P 14Z,03/10/2026 05:39:32 AM,252,252,0,03/10/2026 05:36:54 AM,FRZ-0-74-0,03/10/2026 05:36:55 AM,,04/03/2026,12,252,UAA-147877,UAA102A031026,03/10/2026 05:36:54 AM,,bbuajohnsonuaa,bbuajohnsonuaa,12 Day Expiry Rule,03/10/2026,0
IBUAA1065637,Located,="71468",BIM WHITE HOT DOG BUNS 8P 14Z,03/10/2026 05:45:27 AM,252,252,0,03/10/2026 05:43:42 AM,FRZ-0-74-0,03/10/2026 05:43:43 AM,,04/03/2026,12,252,UAA-147877,UAA102A031026,03/10/2026 05:43:42 AM,,bbuajohnsonuaa,bbuajohnsonuaa,12 Day Expiry Rule,03/10/2026,0
IBUAA1065546,Located,="72561",GV WHITE HOT DOG BUNS 8P 11Z,03/10/2026 08:57:43 AM,252,252,0,03/10/2026 08:01:37 AM,FRZ-0-75-0,03/10/2026 08:01:51 AM,,06/08/2026,12,252,UAA-147882,UAA102A031026,03/10/2026 08:01:37 AM,,bbumkentgenuaa,bbukhilluaa,9 Day Expiry Rule,03/10/2026,0
IBUAA1065774,Located,="72561",GV WHITE HOT DOG BUNS 8P 11Z,03/10/2026 09:07:08 AM,252,252,0,03/10/2026 09:03:11 AM,FRZ-0-75-0,03/10/2026 09:03:12 AM,,06/08/2026,12,252,UAA-147882,UAA102A031026,03/10/2026 09:03:11 AM,,bbuscobbuaa,bbuscobbuaa,9 Day Expiry Rule,03/10/2026,0
IBUAA1065727,Located,="72561",GV WHITE HOT DOG BUNS 8P 11Z,03/10/2026 09:12:46 AM,252,252,0,03/10/2026 09:11:00 AM,FRZ-0-75-0,03/10/2026 09:11:03 AM,,06/08/2026,12,252,UAA-147882,UAA102A031026,03/10/2026 09:11:00 AM,,bbukhilluaa,bbukhilluaa,9 Day Expiry Rule,03/10/2026,0
IBUAA1065631,Located,="72561",GV WHITE HOT DOG BUNS 8P 11Z,03/10/2026 09:16:03 AM,252,252,0,03/10/2026 09:14:27 AM,FRZ-0-75-0,03/10/2026 09:14:29 AM,,06/08/2026,12,252,UAA-147882,UAA102A031026,03/10/2026 09:14:27 AM,,bbukhilluaa,bbuscobbuaa,9 Day Expiry Rule,03/10/2026,0
IBUAA1065782,Located,="72561",GV WHITE HOT DOG BUNS 8P 11Z,03/10/2026 09:26:18 AM,252,252,0,03/10/2026 09:24:47 AM,FRZ-0-75-0,03/10/2026 09:24:48 AM,,06/08/2026,12,252,UAA-147882,UAA102A031026,03/10/2026 09:24:47 AM,,bbuscobbuaa,bbuscobbuaa,9 Day Expiry Rule,03/10/2026,0
IBUAA1065799,Located,="72561",GV WHITE HOT DOG BUNS 8P 11Z,03/10/2026 10:06:05 AM,252,252,0,03/10/2026 10:04:21 AM,FRZ-0-75-0,03/10/2026 10:04:24 AM,,06/08/2026,12,252,UAA-147882,UAA102A031026,03/10/2026 10:04:21 AM,,bbukhilluaa,bbukhilluaa,9 Day Expiry Rule,03/10/2026,0
IBUAA1065800,Located,="72561",GV WHITE HOT DOG BUNS 8P 11Z,03/10/2026 10:11:19 AM,252,252,0,03/10/2026 10:09:39 AM,FRZ-0-75-0,03/10/2026 10:09:40 AM,,06/08/2026,12,252,UAA-147882,UAA102A031026,03/10/2026 10:09:39 AM,,bbukhilluaa,bbukhilluaa,9 Day Expiry Rule,03/10/2026,0
IBUAA1065838,Located,="72561",GV WHITE HOT DOG BUNS 8P 11Z,03/10/2026 10:20:36 AM,252,252,0,03/10/2026 10:15:20 AM,FRZ-0-75-0,03/10/2026 10:15:21 AM,,06/08/2026,12,252,UAA-147882,UAA102A031026,03/10/2026 10:15:20 AM,,bbuscobbuaa,bbuscobbuaa,9 Day Expiry Rule,03/10/2026,0
IBUAA1065839,Located,="72561",GV WHITE HOT DOG BUNS 8P 11Z,03/10/2026 10:20:36 AM,252,252,0,03/10/2026 10:15:23 AM,FRZ-0-75-0,03/10/2026 10:15:24 AM,,06/08/2026,12,252,UAA-147882,UAA102A031026,03/10/2026 10:15:23 AM,,bbuscobbuaa,bbuscobbuaa,9 Day Expiry Rule,03/10/2026,0
IBUAA1065801,Located,="72561",GV WHITE HOT DOG BUNS 8P 11Z,03/10/2026 10:19:30 AM,252,252,0,03/10/2026 10:17:02 AM,FRZ-0-75-0,03/10/2026 10:17:03 AM,,06/08/2026,12,252,UAA-147882,UAA102A031026,03/10/2026 10:17:02 AM,,bbukhilluaa,bbukhilluaa,9 Day Expiry Rule,03/10/2026,0
IBUAA1065802,Located,="72561",GV WHITE HOT DOG BUNS 8P 11Z,03/10/2026 10:25:47 AM,252,252,0,03/10/2026 10:22:19 AM,FRZ-0-75-0,03/10/2026 10:22:22 AM,,06/08/2026,12,252,UAA-147882,UAA102A031026,03/10/2026 10:22:19 AM,,bbukhilluaa,bbukhilluaa,9 Day Expiry Rule,03/10/2026,0
IBUAA1065840,Located,="72561",GV WHITE HOT DOG BUNS 8P 11Z,03/10/2026 10:32:50 AM,252,252,0,03/10/2026 10:31:24 AM,FRZ-0-75-0,03/10/2026 10:31:25 AM,,06/08/2026,12,252,UAA-147882,UAA102A031026,03/10/2026 10:31:24 AM,,bbuscobbuaa,bbuscobbuaa,9 Day Expiry Rule,03/10/2026,0
IBUAA1065804,Located,="72561",GV WHITE HOT DOG BUNS 8P 11Z,03/10/2026 10:39:57 AM,252,252,0,03/10/2026 10:38:24 AM,FRZ-0-75-0,03/10/2026 10:38:26 AM,,06/08/2026,12,252,UAA-147882,UAA102A031026,03/10/2026 10:38:24 AM,,bbumhopkinsuaa,bbumhopkinsuaa,9 Day Expiry Rule,03/10/2026,0
IBUAA1065805,Located,="72561",GV WHITE HOT DOG BUNS 8P 11Z,03/10/2026 10:39:57 AM,252,252,0,03/10/2026 10:38:28 AM,FRZ-0-75-0,03/10/2026 10:38:30 AM,,06/08/2026,12,252,UAA-147882,UAA102A031026,03/10/2026 10:38:28 AM,,bbumhopkinsuaa,bbumhopkinsuaa,9 Day Expiry Rule,03/10/2026,0
IBUAA1065807,Located,="72561",GV WHITE HOT DOG BUNS 8P 11Z,03/10/2026 10:43:13 AM,252,252,0,03/10/2026 10:41:34 AM,FRZ-0-75-0,03/10/2026 10:41:35 AM,,06/08/2026,12,252,UAA-147882,UAA102A031026,03/10/2026 10:41:34 AM,,bbumhopkinsuaa,bbumhopkinsuaa,9 Day Expiry Rule,03/10/2026,0
IBUAA1065790,Located,="72561",GV WHITE HOT DOG BUNS 8P 11Z,03/10/2026 10:44:47 AM,252,252,0,03/10/2026 10:42:47 AM,FRZ-0-75-0,03/10/2026 10:42:48 AM,,06/08/2026,12,252,UAA-147882,UAA102A031026,03/10/2026 10:42:47 AM,,bbudnagyuaa,bbudnagyuaa,9 Day Expiry Rule,03/10/2026,0
IBUAA1065893,Located,="72561",GV WHITE HOT DOG BUNS 8P 11Z,03/10/2026 10:48:04 AM,252,252,0,03/10/2026 10:45:52 AM,FRZ-0-75-0,03/10/2026 10:45:53 AM,,06/08/2026,12,252,UAA-147882,UAA102A031026,03/10/2026 10:45:52 AM,,bbudnagyuaa,bbudnagyuaa,9 Day Expiry Rule,03/10/2026,0
IBUAA1065894,Located,="72561",GV WHITE HOT DOG BUNS 8P 11Z,03/10/2026 10:50:06 AM,252,252,0,03/10/2026 10:45:59 AM,FRZ-0-75-0,03/10/2026 10:46:00 AM,,06/08/2026,12,252,UAA-147882,UAA102A031026,03/10/2026 10:45:59 AM,,bbudnagyuaa,bbudnagyuaa,9 Day Expiry Rule,03/10/2026,0
IBUAA1065808,Located,="72561",GV WHITE HOT DOG BUNS 8P 11Z,03/10/2026 10:49:07 AM,252,252,0,03/10/2026 10:47:51 AM,FRZ-0-75-0,03/10/2026 10:47:52 AM,,06/08/2026,12,252,UAA-147882,UAA102A031026,03/10/2026 10:47:51 AM,,bbumhopkinsuaa,bbumhopkinsuaa,9 Day Expiry Rule,03/10/2026,0
IBUAA1065809,Located,="72561",GV WHITE HOT DOG BUNS 8P 11Z,03/10/2026 10:53:02 AM,252,252,0,03/10/2026 10:50:12 AM,FRZ-0-75-0,03/10/2026 10:50:13 AM,,06/08/2026,12,252,UAA-147882,UAA102A031026,03/10/2026 10:50:12 AM,,bbumhopkinsuaa,bbumhopkinsuaa,9 Day Expiry Rule,03/10/2026,0
IBUAA1065895,Located,="72561",GV WHITE HOT DOG BUNS 8P 11Z,03/10/2026 10:53:02 AM,252,252,0,03/10/2026 10:51:20 AM,FRZ-0-75-0,03/10/2026 10:51:20 AM,,06/08/2026,12,252,UAA-147882,UAA102A031026,03/10/2026 10:51:20 AM,,bbudnagyuaa,bbumhopkinsuaa,9 Day Expiry Rule,03/10/2026,0
IBUAA1065868,Located,="72561",GV WHITE HOT DOG BUNS 8P 11Z,03/10/2026 10:57:50 AM,252,252,0,03/10/2026 10:54:32 AM,FRZ-0-75-0,03/10/2026 10:54:33 AM,,06/08/2026,12,252,UAA-147882,UAA102A031026,03/10/2026 10:54:32 AM,,bbudnagyuaa,bbudnagyuaa,9 Day Expiry Rule,03/10/2026,0
IBUAA1065810,Located,="72561",GV WHITE HOT DOG BUNS 8P 11Z,03/10/2026 11:04:16 AM,252,252,0,03/10/2026 10:57:35 AM,FRZ-0-75-0,03/10/2026 10:57:36 AM,,06/08/2026,12,252,UAA-147882,UAA102A031026,03/10/2026 10:57:35 AM,,bbumhopkinsuaa,bbumhopkinsuaa,9 Day Expiry Rule,03/10/2026,0
IBUAA1065811,Located,="72561",GV WHITE HOT DOG BUNS 8P 11Z,03/10/2026 10:59:44 AM,252,252,0,03/10/2026 10:57:41 AM,FRZ-0-75-0,03/10/2026 10:57:42 AM,,06/08/2026,12,252,UAA-147882,UAA102A031026,03/10/2026 10:57:41 AM,,bbumhopkinsuaa,bbumhopkinsuaa,9 Day Expiry Rule,03/10/2026,0
IBUAA1065870,Located,="72561",GV WHITE HOT DOG BUNS 8P 11Z,03/10/2026 11:02:11 AM,252,252,0,03/10/2026 10:59:30 AM,FRZ-0-75-0,03/10/2026 10:59:31 AM,,06/08/2026,12,252,UAA-147882,UAA102A031026,03/10/2026 10:59:30 AM,,bbudnagyuaa,bbudnagyuaa,9 Day Expiry Rule,03/10/2026,0
IBUAA1065924,Located,="72561",GV WHITE HOT DOG BUNS 8P 11Z,03/10/2026 11:15:44 AM,252,252,0,03/10/2026 11:14:05 AM,FRZ-0-75-0,03/10/2026 11:14:07 AM,,06/08/2026,12,252,UAA-147882,UAA102A031026,03/10/2026 11:14:05 AM,,bbukhilluaa,bbukhilluaa,9 Day Expiry Rule,03/10/2026,0
IBUAA1065925,Located,="72561",GV WHITE HOT DOG BUNS 8P 11Z,03/10/2026 11:21:27 AM,252,252,0,03/10/2026 11:19:21 AM,FRZ-0-75-0,03/10/2026 11:19:23 AM,,06/08/2026,12,252,UAA-147882,UAA102A031026,03/10/2026 11:19:21 AM,,bbukhilluaa,bbukhilluaa,9 Day Expiry Rule,03/10/2026,0
IBUAA1065940,Located,="72561",GV WHITE HOT DOG BUNS 8P 11Z,03/10/2026 11:26:25 AM,252,252,0,03/10/2026 11:24:00 AM,FRZ-0-75-0,03/10/2026 11:24:02 AM,,06/08/2026,12,252,UAA-147882,UAA102A031026,03/10/2026 11:24:00 AM,,bbuscobbuaa,bbuscobbuaa,9 Day Expiry Rule,03/10/2026,0
IBUAA1065941,Located,="72561",GV WHITE HOT DOG BUNS 8P 11Z,03/10/2026 11:26:25 AM,252,252,0,03/10/2026 11:24:03 AM,FRZ-0-75-0,03/10/2026 11:24:04 AM,,06/08/2026,12,252,UAA-147882,UAA102A031026,03/10/2026 11:24:03 AM,,bbuscobbuaa,bbuscobbuaa,9 Day Expiry Rule,03/10/2026,0
IBUAA1065926,Located,="72561",GV WHITE HOT DOG BUNS 8P 11Z,03/10/2026 11:35:55 AM,252,252,0,03/10/2026 11:34:35 AM,FRZ-0-75-0,03/10/2026 11:34:36 AM,,06/08/2026,12,252,UAA-147882,UAA102A031026,03/10/2026 11:34:35 AM,,bbukhilluaa,bbukhilluaa,9 Day Expiry Rule,03/10/2026,0
IBUAA1065928,Located,="72561",GV WHITE HOT DOG BUNS 8P 11Z,03/10/2026 11:39:36 AM,252,252,0,03/10/2026 11:38:17 AM,FRZ-0-75-0,03/10/2026 11:38:18 AM,,06/08/2026,12,252,UAA-147882,UAA102A031026,03/10/2026 11:38:17 AM,,bbukhilluaa,bbukhilluaa,9 Day Expiry Rule,03/10/2026,0
IBUAA1065978,Located,="72561",GV WHITE HOT DOG BUNS 8P 11Z,03/10/2026 11:48:23 AM,252,252,0,03/10/2026 11:44:35 AM,FRZ-0-75-0,03/10/2026 11:44:37 AM,,06/08/2026,12,252,UAA-147882,UAA102A031026,03/10/2026 11:44:35 AM,,bbukhilluaa,bbukhilluaa,9 Day Expiry Rule,03/10/2026,0
IBUAA1065980,Located,="72561",GV WHITE HOT DOG BUNS 8P 11Z,03/10/2026 11:48:23 AM,252,252,0,03/10/2026 11:46:22 AM,FRZ-0-75-0,03/10/2026 11:46:23 AM,,06/08/2026,12,252,UAA-147882,UAA102A031026,03/10/2026 11:46:22 AM,,bbukhilluaa,bbukhilluaa,9 Day Expiry Rule,03/10/2026,0
IBUAA1065985,Located,="72561",GV WHITE HOT DOG BUNS 8P 11Z,03/10/2026 11:56:45 AM,252,252,0,03/10/2026 11:55:17 AM,FRZ-0-75-0,03/10/2026 11:55:17 AM,,06/08/2026,12,252,UAA-147882,UAA102A031026,03/10/2026 11:55:17 AM,,bbukhilluaa,bbukhilluaa,9 Day Expiry Rule,03/10/2026,0
IBUAA1065986,Located,="72561",GV WHITE HOT DOG BUNS 8P 11Z,03/10/2026 11:58:09 AM,252,252,0,03/10/2026 11:55:26 AM,FRZ-0-75-0,03/10/2026 11:55:28 AM,,06/08/2026,12,252,UAA-147882,UAA102A031026,03/10/2026 11:55:26 AM,,bbuscobbuaa,bbuscobbuaa,9 Day Expiry Rule,03/10/2026,0
IBUAA1065987,Located,="72561",GV WHITE HOT DOG BUNS 8P 11Z,03/10/2026 11:58:09 AM,252,252,0,03/10/2026 11:55:30 AM,FRZ-0-75-0,03/10/2026 11:55:30 AM,,06/08/2026,12,252,UAA-147882,UAA102A031026,03/10/2026 11:55:30 AM,,bbuscobbuaa,bbuscobbuaa,9 Day Expiry Rule,03/10/2026,0
IBUAA1065988,Located,="72561",GV WHITE HOT DOG BUNS 8P 11Z,03/10/2026 11:58:09 AM,252,252,0,03/10/2026 11:55:34 AM,FRZ-0-75-0,03/10/2026 11:55:34 AM,,06/08/2026,12,252,UAA-147882,UAA102A031026,03/10/2026 11:55:34 AM,,bbuscobbuaa,bbuscobbuaa,9 Day Expiry Rule,03/10/2026,0
IBUAA1065989,Located,="72561",GV WHITE HOT DOG BUNS 8P 11Z,03/10/2026 12:01:00 PM,252,252,0,03/10/2026 11:58:36 AM,FRZ-0-75-0,03/10/2026 11:58:37 AM,,06/08/2026,12,252,UAA-147882,UAA102A031026,03/10/2026 11:58:36 AM,,bbukhilluaa,bbukhilluaa,9 Day Expiry Rule,03/10/2026,0
IBUAA1065992,Located,="72561",GV WHITE HOT DOG BUNS 8P 11Z,03/10/2026 12:06:12 PM,252,252,0,03/10/2026 12:01:46 PM,FRZ-0-75-0,03/10/2026 12:01:47 PM,,06/08/2026,12,252,UAA-147882,UAA102A031026,03/10/2026 12:01:46 PM,,bbuscobbuaa,bbuscobbuaa,9 Day Expiry Rule,03/10/2026,0
IBUAA1065993,Located,="72561",GV WHITE HOT DOG BUNS 8P 11Z,03/10/2026 12:06:12 PM,252,252,0,03/10/2026 12:01:49 PM,FRZ-0-75-0,03/10/2026 12:01:50 PM,,06/08/2026,12,252,UAA-147882,UAA102A031026,03/10/2026 12:01:49 PM,,bbuscobbuaa,bbuscobbuaa,9 Day Expiry Rule,03/10/2026,0
IBUAA1065996,Located,="72561",GV WHITE HOT DOG BUNS 8P 11Z,03/10/2026 12:07:41 PM,252,252,0,03/10/2026 12:05:23 PM,FRZ-0-75-0,03/10/2026 12:05:24 PM,,06/08/2026,12,252,UAA-147882,UAA102A031026,03/10/2026 12:05:23 PM,,bbukhilluaa,bbukhilluaa,9 Day Expiry Rule,03/10/2026,0
IBUAA1066013,Located,="72561",GV WHITE HOT DOG BUNS 8P 11Z,03/10/2026 12:13:49 PM,252,252,0,03/10/2026 12:09:56 PM,FRZ-0-75-0,03/10/2026 12:09:58 PM,,06/08/2026,12,252,UAA-147882,UAA102A031026,03/10/2026 12:09:56 PM,,bbukhilluaa,bbukhilluaa,9 Day Expiry Rule,03/10/2026,0
IBUAA1065998,Located,="72561",GV WHITE HOT DOG BUNS 8P 11Z,03/10/2026 12:13:51 PM,252,252,0,03/10/2026 12:11:15 PM,FRZ-0-75-0,03/10/2026 12:11:16 PM,,06/08/2026,12,252,UAA-147882,UAA102A031026,03/10/2026 12:11:15 PM,,bbuscobbuaa,bbuscobbuaa,9 Day Expiry Rule,03/10/2026,0
IBUAA1065999,Located,="72561",GV WHITE HOT DOG BUNS 8P 11Z,03/10/2026 12:13:51 PM,252,252,0,03/10/2026 12:11:18 PM,FRZ-0-75-0,03/10/2026 12:11:19 PM,,06/08/2026,12,252,UAA-147882,UAA102A031026,03/10/2026 12:11:18 PM,,bbuscobbuaa,bbuscobbuaa,9 Day Expiry Rule,03/10/2026,0
IBUAA1066002,Located,="72561",GV WHITE HOT DOG BUNS 8P 11Z,03/10/2026 12:20:06 PM,252,252,0,03/10/2026 12:16:34 PM,FRZ-0-75-0,03/10/2026 12:16:35 PM,,06/08/2026,12,252,UAA-147882,UAA102A031026,03/10/2026 12:16:34 PM,,bbuscobbuaa,bbuscobbuaa,9 Day Expiry Rule,03/10/2026,0
IBUAA1066015,Located,="72561",GV WHITE HOT DOG BUNS 8P 11Z,03/10/2026 12:23:01 PM,252,252,0,03/10/2026 12:20:39 PM,FRZ-0-75-0,03/10/2026 12:20:40 PM,,06/08/2026,12,252,UAA-147882,UAA102A031026,03/10/2026 12:20:39 PM,,bbukhilluaa,bbukhilluaa,9 Day Expiry Rule,03/10/2026,0
IBUAA1066003,Located,="72561",GV WHITE HOT DOG BUNS 8P 11Z,03/10/2026 12:29:03 PM,252,252,0,03/10/2026 12:24:19 PM,FRZ-0-75-0,03/10/2026 12:24:20 PM,,06/08/2026,12,252,UAA-147882,UAA102A031026,03/10/2026 12:24:19 PM,,bbuscobbuaa,bbuscobbuaa,9 Day Expiry Rule,03/10/2026,0
IBUAA1066005,Located,="72561",GV WHITE HOT DOG BUNS 8P 11Z,03/10/2026 12:29:03 PM,252,252,0,03/10/2026 12:25:03 PM,FRZ-0-75-0,03/10/2026 12:25:04 PM,,06/08/2026,12,252,UAA-147882,UAA102A031026,03/10/2026 12:25:03 PM,,bbuscobbuaa,bbuscobbuaa,9 Day Expiry Rule,03/10/2026,0
IBUAA1066007,Located,="72561",GV WHITE HOT DOG BUNS 8P 11Z,03/10/2026 12:35:54 PM,252,252,0,03/10/2026 12:34:15 PM,FRZ-0-75-0,03/10/2026 12:34:17 PM,,06/08/2026,12,252,UAA-147882,UAA102A031026,03/10/2026 12:34:15 PM,,bbukhilluaa,bbukhilluaa,9 Day Expiry Rule,03/10/2026,0
IBUAA1065929,Located,="72561",GV WHITE HOT DOG BUNS 8P 11Z,03/10/2026 12:50:26 PM,252,252,0,03/10/2026 12:48:09 PM,FRZ-0-75-0,03/10/2026 12:48:11 PM,,06/08/2026,12,252,UAA-147882,UAA102A031026,03/10/2026 12:48:09 PM,,bbuscobbuaa,bbuscobbuaa,9 Day Expiry Rule,03/10/2026,0
IBUAA1066019,Located,="72561",GV WHITE HOT DOG BUNS 8P 11Z,03/10/2026 01:11:50 PM,252,252,0,03/10/2026 01:10:17 PM,FRZ-0-75-0,03/10/2026 01:10:19 PM,,06/08/2026,12,252,UAA-147882,UAA102A031026,03/10/2026 01:10:17 PM,,bbuscobbuaa,bbuscobbuaa,9 Day Expiry Rule,03/10/2026,0
IBUAA1065930,Located,="72561",GV WHITE HOT DOG BUNS 8P 11Z,03/10/2026 01:13:43 PM,252,252,0,03/10/2026 01:11:30 PM,FRZ-0-75-0,03/10/2026 01:11:32 PM,,06/08/2026,12,252,UAA-147882,UAA102A031026,03/10/2026 01:11:30 PM,,bbukhilluaa,bbukhilluaa,9 Day Expiry Rule,03/10/2026,0
IBUAA1065931,Located,="72561",GV WHITE HOT DOG BUNS 8P 11Z,03/10/2026 01:16:17 PM,252,252,0,03/10/2026 01:14:59 PM,FRZ-0-75-0,03/10/2026 01:15:00 PM,,06/08/2026,12,252,UAA-147882,UAA102A031026,03/10/2026 01:14:59 PM,,bbukhilluaa,bbukhilluaa,9 Day Expiry Rule,03/10/2026,0
OBUAA0000989806,Located,="72561",GV WHITE HOT DOG BUNS 8P 11Z,03/10/2026 01:22:59 PM,0,252,0,03/10/2026 01:20:19 PM,FRZ-0-75-0,03/10/2026 01:20:56 PM,,06/08/2026,12,0,,UAA102A031026,,,bbutmullinsuaa,bbudnagyuaa,9 Day Expiry Rule,,0
IBUAA1065963,Located,="72561",GV WHITE HOT DOG BUNS 8P 11Z,03/10/2026 01:26:28 PM,252,252,0,03/10/2026 01:25:00 PM,FRZ-0-75-0,03/10/2026 01:25:01 PM,,06/08/2026,12,252,UAA-147882,UAA102A031026,03/10/2026 01:25:00 PM,,bbudnagyuaa,bbudnagyuaa,9 Day Expiry Rule,03/10/2026,0
IBUAA1066112,Located,="72561",GV WHITE HOT DOG BUNS 8P 11Z,03/10/2026 01:40:01 PM,252,252,0,03/10/2026 01:37:33 PM,FRZ-0-75-0,03/10/2026 01:37:34 PM,,06/08/2026,12,252,UAA-147882,UAA102A031026,03/10/2026 01:37:33 PM,,bbumhopkinsuaa,bbukhilluaa,9 Day Expiry Rule,03/10/2026,0
IBUAA1066113,Located,="72561",GV WHITE HOT DOG BUNS 8P 11Z,03/10/2026 02:09:11 PM,252,252,0,03/10/2026 02:06:15 PM,FRZ-0-75-0,03/10/2026 02:06:19 PM,,06/08/2026,12,252,UAA-147882,UAA102A031026,03/10/2026 02:06:15 PM,,bbukhilluaa,bbukhilluaa,9 Day Expiry Rule,03/10/2026,0
IBUAA1066115,Located,="72561",GV WHITE HOT DOG BUNS 8P 11Z,03/10/2026 02:17:08 PM,252,252,0,03/10/2026 02:14:51 PM,FRZ-0-75-0,03/10/2026 02:14:53 PM,,06/08/2026,12,252,UAA-147882,UAA102A031026,03/10/2026 02:14:51 PM,,bbuscobbuaa,bbuscobbuaa,9 Day Expiry Rule,03/10/2026,0
IBUAA1066116,Located,="72561",GV WHITE HOT DOG BUNS 8P 11Z,03/10/2026 02:17:08 PM,252,252,0,03/10/2026 02:14:55 PM,FRZ-0-75-0,03/10/2026 02:14:55 PM,,06/08/2026,12,252,UAA-147882,UAA102A031026,03/10/2026 02:14:55 PM,,bbuscobbuaa,bbuscobbuaa,9 Day Expiry Rule,03/10/2026,0
IBUAA1066117,Located,="72561",GV WHITE HOT DOG BUNS 8P 11Z,03/10/2026 02:19:56 PM,252,252,0,03/10/2026 02:17:56 PM,FRZ-0-75-0,03/10/2026 02:17:57 PM,,06/08/2026,12,252,UAA-147882,UAA102A031026,03/10/2026 02:17:56 PM,,bbukhilluaa,bbukhilluaa,9 Day Expiry Rule,03/10/2026,0
IBUAA1066120,Located,="72561",GV WHITE HOT DOG BUNS 8P 11Z,03/10/2026 02:25:11 PM,252,252,0,03/10/2026 02:23:05 PM,FRZ-0-75-0,03/10/2026 02:23:06 PM,,06/08/2026,12,252,UAA-147882,UAA102A031026,03/10/2026 02:23:05 PM,,bbukhilluaa,bbukhilluaa,9 Day Expiry Rule,03/10/2026,0
IBUAA1066122,Located,="72561",GV WHITE HOT DOG BUNS 8P 11Z,03/10/2026 02:34:39 PM,252,252,0,03/10/2026 02:31:51 PM,FRZ-0-75-0,03/10/2026 02:31:53 PM,,06/08/2026,12,252,UAA-147882,UAA102A031026,03/10/2026 02:31:51 PM,,bbuscobbuaa,bbuscobbuaa,9 Day Expiry Rule,03/10/2026,0
IBUAA1066123,Located,="72561",GV WHITE HOT DOG BUNS 8P 11Z,03/10/2026 02:34:39 PM,252,252,0,03/10/2026 02:31:55 PM,FRZ-0-75-0,03/10/2026 02:31:56 PM,,06/08/2026,12,252,UAA-147882,UAA102A031026,03/10/2026 02:31:55 PM,,bbuscobbuaa,bbuscobbuaa,9 Day Expiry Rule,03/10/2026,0
IBUAA1066124,Located,="72561",GV WHITE HOT DOG BUNS 8P 11Z,03/10/2026 02:35:10 PM,252,252,0,03/10/2026 02:33:10 PM,FRZ-0-75-0,03/10/2026 02:33:11 PM,,06/08/2026,12,252,UAA-147882,UAA102A031026,03/10/2026 02:33:10 PM,,bbukhilluaa,bbuscobbuaa,9 Day Expiry Rule,03/10/2026,0
IBUAA1066125,Located,="72561",GV WHITE HOT DOG BUNS 8P 11Z,03/10/2026 02:42:25 PM,252,252,0,03/10/2026 02:36:48 PM,FRZ-0-75-0,03/10/2026 02:36:49 PM,,06/08/2026,12,252,UAA-147882,UAA102A031026,03/10/2026 02:36:48 PM,,bbuscobbuaa,bbuscobbuaa,9 Day Expiry Rule,03/10/2026,0
IBUAA1066126,Located,="72561",GV WHITE HOT DOG BUNS 8P 11Z,03/10/2026 02:39:21 PM,252,252,0,03/10/2026 02:37:05 PM,FRZ-0-75-0,03/10/2026 02:37:06 PM,,06/08/2026,12,252,UAA-147882,UAA102A031026,03/10/2026 02:37:05 PM,,bbukhilluaa,bbukhilluaa,9 Day Expiry Rule,03/10/2026,0
IBUAA1066128,Located,="72561",GV WHITE HOT DOG BUNS 8P 11Z,03/10/2026 02:48:25 PM,252,252,0,03/10/2026 02:45:52 PM,FRZ-0-75-0,03/10/2026 02:45:54 PM,,06/08/2026,12,252,UAA-147882,UAA102A031026,03/10/2026 02:45:52 PM,,bbukhilluaa,bbuscobbuaa,9 Day Expiry Rule,03/10/2026,0
IBUAA1066129,Located,="72561",GV WHITE HOT DOG BUNS 8P 11Z,03/10/2026 02:52:13 PM,252,252,0,03/10/2026 02:49:31 PM,FRZ-0-75-0,03/10/2026 02:49:32 PM,,06/08/2026,12,252,UAA-147882,UAA102A031026,03/10/2026 02:49:31 PM,,bbuscobbuaa,bbuscobbuaa,9 Day Expiry Rule,03/10/2026,0
IBUAA1066130,Located,="72561",GV WHITE HOT DOG BUNS 8P 11Z,03/10/2026 03:00:59 PM,252,252,0,03/10/2026 02:58:05 PM,FRZ-0-75-0,03/10/2026 02:58:06 PM,,06/08/2026,12,252,UAA-147882,UAA102A031026,03/10/2026 02:58:05 PM,,bbuscobbuaa,bbuscobbuaa,9 Day Expiry Rule,03/10/2026,0
IBUAA1065966,Located,="72561",GV WHITE HOT DOG BUNS 8P 11Z,03/10/2026 03:01:36 PM,252,252,0,03/10/2026 02:59:34 PM,FRZ-0-75-0,03/10/2026 02:59:36 PM,,06/08/2026,12,252,UAA-147882,UAA102A031026,03/10/2026 02:59:34 PM,,bbukhilluaa,bbuscobbuaa,9 Day Expiry Rule,03/10/2026,0
IBUAA1066131,Located,="72561",GV WHITE HOT DOG BUNS 8P 11Z,03/10/2026 03:07:05 PM,252,252,0,03/10/2026 03:05:23 PM,FRZ-0-75-0,03/10/2026 03:05:24 PM,,06/08/2026,12,252,UAA-147882,UAA102A031026,03/10/2026 03:05:23 PM,,bbuscobbuaa,bbuscobbuaa,9 Day Expiry Rule,03/10/2026,0
IBUAA1066172,Located,="72561",GV WHITE HOT DOG BUNS 8P 11Z,03/10/2026 03:10:17 PM,252,252,0,03/10/2026 03:08:11 PM,FRZ-0-75-0,03/10/2026 03:08:13 PM,,06/08/2026,12,252,UAA-147882,UAA102A031026,03/10/2026 03:08:11 PM,,bbukhilluaa,bbukhilluaa,9 Day Expiry Rule,03/10/2026,0
IBUAA1066192,Located,="72561",GV WHITE HOT DOG BUNS 8P 11Z,03/10/2026 03:10:44 PM,252,252,0,03/10/2026 03:09:33 PM,FRZ-0-75-0,03/10/2026 03:09:34 PM,,06/08/2026,12,252,UAA-147882,UAA102A031026,03/10/2026 03:09:33 PM,,bbuscobbuaa,bbuscobbuaa,9 Day Expiry Rule,03/10/2026,0
IBUAA1066194,Located,="72561",GV WHITE HOT DOG BUNS 8P 11Z,03/10/2026 03:23:46 PM,252,252,0,03/10/2026 03:21:04 PM,FRZ-0-75-0,03/10/2026 03:21:06 PM,,06/08/2026,12,252,UAA-147882,UAA102A031026,03/10/2026 03:21:04 PM,,bbumhopkinsuaa,bbudnagyuaa,9 Day Expiry Rule,03/10/2026,0
IBUAA1066195,Located,="72561",GV WHITE HOT DOG BUNS 8P 11Z,03/10/2026 03:45:34 PM,252,252,0,03/10/2026 03:21:25 PM,FRZ-0-75-0,03/10/2026 03:21:26 PM,,06/08/2026,12,252,UAA-147882,UAA102A031026,03/10/2026 03:21:25 PM,,bbumhopkinsuaa,bbukhilluaa,9 Day Expiry Rule,03/10/2026,0
IBUAA1066196,Located,="72561",GV WHITE HOT DOG BUNS 8P 11Z,03/10/2026 03:24:36 PM,252,252,0,03/10/2026 03:21:29 PM,FRZ-0-75-0,03/10/2026 03:21:30 PM,,06/08/2026,12,252,UAA-147882,UAA102A031026,03/10/2026 03:21:29 PM,,bbumhopkinsuaa,bbumhopkinsuaa,9 Day Expiry Rule,03/10/2026,0
IBUAA1066197,Located,="72561",GV WHITE HOT DOG BUNS 8P 11Z,03/10/2026 03:24:36 PM,252,252,0,03/10/2026 03:21:34 PM,FRZ-0-75-0,03/10/2026 03:21:35 PM,,06/08/2026,12,252,UAA-147882,UAA102A031026,03/10/2026 03:21:34 PM,,bbumhopkinsuaa,bbumhopkinsuaa,9 Day Expiry Rule,03/10/2026,0
IBUAA1066198,Located,="72561",GV WHITE HOT DOG BUNS 8P 11Z,03/10/2026 03:24:36 PM,252,252,0,03/10/2026 03:21:38 PM,FRZ-0-75-0,03/10/2026 03:21:39 PM,,06/08/2026,12,252,UAA-147882,UAA102A031026,03/10/2026 03:21:38 PM,,bbumhopkinsuaa,bbumhopkinsuaa,9 Day Expiry Rule,03/10/2026,0
IBUAA1066199,Located,="72561",GV WHITE HOT DOG BUNS 8P 11Z,03/10/2026 03:23:46 PM,252,252,0,03/10/2026 03:21:43 PM,FRZ-0-75-0,03/10/2026 03:21:44 PM,,06/08/2026,12,252,UAA-147882,UAA102A031026,03/10/2026 03:21:43 PM,,bbumhopkinsuaa,bbudnagyuaa,9 Day Expiry Rule,03/10/2026,0
IBUAA1066202,Located,="72561",GV WHITE HOT DOG BUNS 8P 11Z,03/10/2026 03:28:53 PM,252,252,0,03/10/2026 03:26:55 PM,FRZ-0-75-0,03/10/2026 03:26:56 PM,,06/08/2026,12,252,UAA-147882,UAA102A031026,03/10/2026 03:26:55 PM,,bbumhopkinsuaa,bbudnagyuaa,9 Day Expiry Rule,03/10/2026,0
IBUAA1066234,Located,="72561",GV WHITE HOT DOG BUNS 8P 11Z,03/10/2026 03:37:12 PM,252,252,0,03/10/2026 03:35:33 PM,FRZ-0-75-0,03/10/2026 03:35:35 PM,,06/08/2026,12,252,UAA-147882,UAA102A031026,03/10/2026 03:35:33 PM,,bbumhopkinsuaa,bbumhopkinsuaa,9 Day Expiry Rule,03/10/2026,0
IBUAA1065971,Located,="72561",GV WHITE HOT DOG BUNS 8P 11Z,03/10/2026 03:39:09 PM,252,252,0,03/10/2026 03:37:03 PM,FRZ-0-75-0,03/10/2026 03:37:06 PM,,06/08/2026,12,252,UAA-147882,UAA102A031026,03/10/2026 03:37:03 PM,,bbudnagyuaa,bbudnagyuaa,9 Day Expiry Rule,03/10/2026,0
IBUAA1066207,Located,="72561",GV WHITE HOT DOG BUNS 8P 11Z,03/10/2026 03:40:54 PM,252,252,0,03/10/2026 03:39:08 PM,FRZ-0-75-0,03/10/2026 03:39:09 PM,,06/08/2026,12,252,UAA-147882,UAA102A031026,03/10/2026 03:39:08 PM,,bbumhopkinsuaa,bbumhopkinsuaa,9 Day Expiry Rule,03/10/2026,0
IBUAA1066241,Located,="72561",GV WHITE HOT DOG BUNS 8P 11Z,03/10/2026 03:48:58 PM,252,252,0,03/10/2026 03:46:22 PM,FRZ-0-75-0,03/10/2026 03:46:24 PM,,06/08/2026,12,252,UAA-147882,UAA102A031026,03/10/2026 03:46:22 PM,,bbuscobbuaa,bbuscobbuaa,9 Day Expiry Rule,03/10/2026,0
IBUAA1066242,Located,="72561",GV WHITE HOT DOG BUNS 8P 11Z,03/10/2026 03:48:58 PM,252,252,0,03/10/2026 03:46:26 PM,FRZ-0-75-0,03/10/2026 03:46:27 PM,,06/08/2026,12,252,UAA-147882,UAA102A031026,03/10/2026 03:46:26 PM,,bbuscobbuaa,bbuscobbuaa,9 Day Expiry Rule,03/10/2026,0
IBUAA1066243,Located,="72561",GV WHITE HOT DOG BUNS 8P 11Z,03/10/2026 04:09:29 PM,108,108,0,03/10/2026 04:07:31 PM,FRZ-0-75-0,03/10/2026 04:07:32 PM,,06/08/2026,12,108,UAA-147882,UAA102A031026,03/10/2026 04:07:31 PM,,bbukhilluaa,bbukhilluaa,9 Day Expiry Rule,03/10/2026,0
IBUAA1066511,Located,="72561",GV WHITE HOT DOG BUNS 8P 11Z,03/10/2026 10:44:08 PM,144,144,0,03/10/2026 10:18:48 PM,FRZ-0-75-0,03/10/2026 10:34:23 PM,,06/08/2026,12,144,UAA-148062,UAA102A031026,03/10/2026 10:18:48 PM,,bbulvivancouaa,bbulvivancouaa,9 Day Expiry Rule,03/10/2026,0
IBUAA1066661,Located,="72561",GV WHITE HOT DOG BUNS 8P 11Z,03/10/2026 10:44:08 PM,252,252,0,03/10/2026 10:23:08 PM,FRZ-0-75-0,03/10/2026 10:34:23 PM,,06/08/2026,12,252,UAA-148062,UAA102A031026,03/10/2026 10:23:08 PM,,bbuddonaldsonuaa,bbulvivancouaa,9 Day Expiry Rule,03/10/2026,0
IBUAA1066672,Located,="72561",GV WHITE HOT DOG BUNS 8P 11Z,03/10/2026 10:44:08 PM,252,252,0,03/10/2026 10:31:15 PM,FRZ-0-75-0,03/10/2026 10:34:24 PM,,06/08/2026,12,252,UAA-148062,UAA102A031026,03/10/2026 10:31:15 PM,,bbunbartonuaa,bbulvivancouaa,9 Day Expiry Rule,03/10/2026,0
IBUAA1066675,Located,="72561",GV WHITE HOT DOG BUNS 8P 11Z,03/10/2026 10:44:08 PM,252,252,0,03/10/2026 10:33:52 PM,FRZ-0-75-0,03/10/2026 10:34:24 PM,,06/08/2026,12,252,UAA-148062,UAA102A031026,03/10/2026 10:33:52 PM,,bbunbartonuaa,bbulvivancouaa,9 Day Expiry Rule,03/10/2026,0
IBUAA1066712,Located,="72561",GV WHITE HOT DOG BUNS 8P 11Z,03/10/2026 10:53:54 PM,252,252,0,03/10/2026 10:48:55 PM,FRZ2-0-51-0,03/10/2026 10:48:57 PM,,06/08/2026,12,252,UAA-148062,UAA102A031026,03/10/2026 10:48:55 PM,,bbunbartonuaa,bbuhgarciauaa,9 Day Expiry Rule,03/10/2026,0
IBUAA1066713,Located,="72561",GV WHITE HOT DOG BUNS 8P 11Z,03/10/2026 10:53:54 PM,252,252,0,03/10/2026 10:51:01 PM,FRZ2-0-51-0,03/10/2026 10:51:02 PM,,06/08/2026,12,252,UAA-148062,UAA102A031026,03/10/2026 10:51:01 PM,,bbunbartonuaa,bbuhgarciauaa,9 Day Expiry Rule,03/10/2026,0
IBUAA1066677,Located,="72561",GV WHITE HOT DOG BUNS 8P 11Z,03/10/2026 10:53:54 PM,252,252,0,03/10/2026 10:51:41 PM,FRZ2-0-51-0,03/10/2026 10:51:43 PM,,06/08/2026,12,252,UAA-148062,UAA102A031026,03/10/2026 10:51:41 PM,,bbuhgarciauaa,bbuhgarciauaa,9 Day Expiry Rule,03/10/2026,0
IBUAA1066752,Located,="72561",GV WHITE HOT DOG BUNS 8P 11Z,03/10/2026 11:01:05 PM,252,252,0,03/10/2026 10:57:57 PM,FRZ2-0-51-0,03/10/2026 10:57:58 PM,,06/08/2026,12,252,UAA-148062,UAA102A031026,03/10/2026 10:57:57 PM,,bbuhgarciauaa,bbuhgarciauaa,9 Day Expiry Rule,03/10/2026,0
IBUAA1066715,Located,="72561",GV WHITE HOT DOG BUNS 8P 11Z,03/10/2026 11:01:33 PM,252,252,0,03/10/2026 10:59:04 PM,FRZ2-0-51-0,03/10/2026 10:59:05 PM,,06/08/2026,12,252,UAA-148062,UAA102A031026,03/10/2026 10:59:04 PM,,bbunbartonuaa,bbunbartonuaa,9 Day Expiry Rule,03/10/2026,0
IBUAA1066738,Located,="72561",GV WHITE HOT DOG BUNS 8P 11Z,03/10/2026 11:08:34 PM,252,252,0,03/10/2026 11:06:01 PM,FRZ2-0-51-0,03/10/2026 11:06:03 PM,,06/08/2026,12,252,UAA-148062,UAA102A031026,03/10/2026 11:06:01 PM,,bbunbartonuaa,bbunbartonuaa,9 Day Expiry Rule,03/10/2026,0
IBUAA1066739,Located,="72561",GV WHITE HOT DOG BUNS 8P 11Z,03/10/2026 11:08:34 PM,252,252,0,03/10/2026 11:06:37 PM,FRZ2-0-51-0,03/10/2026 11:06:37 PM,,06/08/2026,12,252,UAA-148062,UAA102A031026,03/10/2026 11:06:37 PM,,bbunbartonuaa,bbunbartonuaa,9 Day Expiry Rule,03/10/2026,0
IBUAA1066740,Located,="72561",GV WHITE HOT DOG BUNS 8P 11Z,03/10/2026 11:13:03 PM,252,252,0,03/10/2026 11:11:21 PM,FRZ2-0-51-0,03/10/2026 11:11:22 PM,,06/08/2026,12,252,UAA-148062,UAA102A031026,03/10/2026 11:11:21 PM,,bbunbartonuaa,bbunbartonuaa,9 Day Expiry Rule,03/10/2026,0
IBUAA1066741,Located,="72561",GV WHITE HOT DOG BUNS 8P 11Z,03/10/2026 11:17:06 PM,252,252,0,03/10/2026 11:14:58 PM,FRZ2-0-51-0,03/10/2026 11:14:59 PM,,06/08/2026,12,252,UAA-148062,UAA102A031026,03/10/2026 11:14:58 PM,,bbunbartonuaa,bbunbartonuaa,9 Day Expiry Rule,03/10/2026,0
IBUAA1066718,Located,="72561",GV WHITE HOT DOG BUNS 8P 11Z,03/10/2026 11:20:49 PM,252,252,0,03/10/2026 11:18:41 PM,FRZ2-0-51-0,03/10/2026 11:18:43 PM,,06/08/2026,12,252,UAA-148062,UAA102A031026,03/10/2026 11:18:41 PM,,bbunbartonuaa,bbunbartonuaa,9 Day Expiry Rule,03/10/2026,0
IBUAA1066742,Located,="72561",GV WHITE HOT DOG BUNS 8P 11Z,03/10/2026 11:33:35 PM,252,252,0,03/10/2026 11:19:25 PM,FRZ2-0-51-0,03/10/2026 11:19:26 PM,,06/08/2026,12,252,UAA-148062,UAA102A031026,03/10/2026 11:19:25 PM,,bbuhgarciauaa,bbuhgarciauaa,9 Day Expiry Rule,03/10/2026,0
IBUAA1066743,Located,="72561",GV WHITE HOT DOG BUNS 8P 11Z,03/10/2026 11:33:35 PM,252,252,0,03/10/2026 11:19:38 PM,FRZ2-0-51-0,03/10/2026 11:19:39 PM,,06/08/2026,12,252,UAA-148062,UAA102A031026,03/10/2026 11:19:38 PM,,bbuhgarciauaa,bbuhgarciauaa,9 Day Expiry Rule,03/10/2026,0
IBUAA1066744,Located,="72561",GV WHITE HOT DOG BUNS 8P 11Z,03/10/2026 11:45:05 PM,252,252,0,03/10/2026 11:19:53 PM,FRZ2-0-51-0,03/10/2026 11:19:54 PM,FRZ2-0-51-0,06/08/2026,12,252,UAA-148062,UAA102A031026,03/10/2026 11:19:53 PM,,bbuhgarciauaa,bbunbartonuaa,9 Day Expiry Rule,03/10/2026,0
IBUAA1066745,Located,="72561",GV WHITE HOT DOG BUNS 8P 11Z,03/10/2026 11:27:44 PM,252,252,0,03/10/2026 11:20:05 PM,FRZ2-0-51-0,03/10/2026 11:20:06 PM,,06/08/2026,12,252,UAA-148062,UAA102A031026,03/10/2026 11:20:05 PM,,bbuhgarciauaa,bbuhgarciauaa,9 Day Expiry Rule,03/10/2026,0
IBUAA1066746,Located,="72561",GV WHITE HOT DOG BUNS 8P 11Z,03/10/2026 11:27:44 PM,252,252,0,03/10/2026 11:20:22 PM,FRZ2-0-51-0,03/10/2026 11:20:23 PM,,06/08/2026,12,252,UAA-148062,UAA102A031026,03/10/2026 11:20:22 PM,,bbuhgarciauaa,bbuhgarciauaa,9 Day Expiry Rule,03/10/2026,0
IBUAA1066776,Located,="72561",GV WHITE HOT DOG BUNS 8P 11Z,03/10/2026 11:27:45 PM,252,252,0,03/10/2026 11:25:37 PM,FRZ2-0-51-0,03/10/2026 11:25:39 PM,,06/08/2026,12,252,UAA-148062,UAA102A031026,03/10/2026 11:25:37 PM,,bbunbartonuaa,bbuhgarciauaa,9 Day Expiry Rule,03/10/2026,0
IBUAA1066777,Located,="72561",GV WHITE HOT DOG BUNS 8P 11Z,03/10/2026 11:27:45 PM,252,252,0,03/10/2026 11:25:47 PM,FRZ2-0-51-0,03/10/2026 11:25:48 PM,,06/08/2026,12,252,UAA-148062,UAA102A031026,03/10/2026 11:25:47 PM,,bbunbartonuaa,bbuhgarciauaa,9 Day Expiry Rule,03/10/2026,0
IBUAA1066747,Located,="72561",GV WHITE HOT DOG BUNS 8P 11Z,03/10/2026 11:33:35 PM,252,252,0,03/10/2026 11:30:19 PM,FRZ2-0-51-0,03/10/2026 11:30:21 PM,,06/08/2026,12,252,UAA-148062,UAA102A031026,03/10/2026 11:30:19 PM,,bbunbartonuaa,bbuhgarciauaa,9 Day Expiry Rule,03/10/2026,0
IBUAA1066748,Located,="72561",GV WHITE HOT DOG BUNS 8P 11Z,03/10/2026 11:33:35 PM,252,252,0,03/10/2026 11:30:28 PM,FRZ2-0-51-0,03/10/2026 11:30:30 PM,,06/08/2026,12,252,UAA-148062,UAA102A031026,03/10/2026 11:30:27 PM,,bbunbartonuaa,bbuhgarciauaa,9 Day Expiry Rule,03/10/2026,0
IBUAA1066749,Located,="72561",GV WHITE HOT DOG BUNS 8P 11Z,03/10/2026 11:36:47 PM,252,252,0,03/10/2026 11:35:17 PM,FRZ2-0-51-0,03/10/2026 11:35:18 PM,,06/08/2026,12,252,UAA-148062,UAA102A031026,03/10/2026 11:35:17 PM,,bbunbartonuaa,bbunbartonuaa,9 Day Expiry Rule,03/10/2026,0
IBUAA1066750,Located,="72561",GV WHITE HOT DOG BUNS 8P 11Z,03/10/2026 11:49:44 PM,252,252,0,03/10/2026 11:36:45 PM,FRZ2-0-51-0,03/10/2026 11:36:46 PM,,06/08/2026,12,252,UAA-148062,UAA102A031026,03/10/2026 11:36:45 PM,,bbuhgarciauaa,bbunbartonuaa,9 Day Expiry Rule,03/10/2026,0
IBUAA1066751,Located,="72561",GV WHITE HOT DOG BUNS 8P 11Z,03/10/2026 11:51:51 PM,252,252,0,03/10/2026 11:36:54 PM,FRZ2-0-51-0,03/10/2026 11:36:55 PM,,06/08/2026,12,252,UAA-148062,UAA102A031026,03/10/2026 11:36:54 PM,,bbuhgarciauaa,bbunbartonuaa,9 Day Expiry Rule,03/10/2026,0
IBUAA1066812,Located,="72561",GV WHITE HOT DOG BUNS 8P 11Z,03/10/2026 11:45:05 PM,252,252,0,03/10/2026 11:37:09 PM,FRZ2-0-51-0,03/10/2026 11:37:09 PM,FRZ2-0-51-0,06/08/2026,12,252,UAA-148062,UAA102A031026,03/10/2026 11:37:09 PM,,bbuhgarciauaa,bbunbartonuaa,9 Day Expiry Rule,03/10/2026,0
IBUAA1066813,Located,="72561",GV WHITE HOT DOG BUNS 8P 11Z,03/10/2026 11:45:06 PM,252,252,0,03/10/2026 11:37:25 PM,FRZ2-0-51-0,03/10/2026 11:37:26 PM,,06/08/2026,12,252,UAA-148062,UAA102A031026,03/10/2026 11:37:25 PM,,bbuhgarciauaa,bbunbartonuaa,9 Day Expiry Rule,03/10/2026,0
IBUAA1066833,Located,="72561",GV WHITE HOT DOG BUNS 8P 11Z,03/10/2026 11:56:22 PM,252,252,0,03/10/2026 11:55:09 PM,FRZ2-0-51-0,03/10/2026 11:55:11 PM,,06/08/2026,12,252,UAA-148062,UAA102A031026,03/10/2026 11:55:09 PM,,bbunbartonuaa,bbunbartonuaa,9 Day Expiry Rule,03/10/2026,0
IBUAA1066834,Located,="72561",GV WHITE HOT DOG BUNS 8P 11Z,03/10/2026 11:59:16 PM,252,252,0,03/10/2026 11:57:36 PM,FRZ2-0-51-0,03/10/2026 11:57:37 PM,,06/08/2026,12,252,UAA-148062,UAA102A031026,03/10/2026 11:57:36 PM,,bbunbartonuaa,bbunbartonuaa,9 Day Expiry Rule,03/10/2026,0
IBUAA1066806,Located,="72561",GV WHITE HOT DOG BUNS 8P 11Z,03/11/2026 12:03:16 AM,252,252,0,03/11/2026 12:00:30 AM,FRZ2-0-51-0,03/11/2026 12:00:32 AM,,06/08/2026,12,252,UAA-148062,UAA102A031026,03/11/2026 12:00:30 AM,,bbuhgarciauaa,bbuhgarciauaa,9 Day Expiry Rule,03/11/2026,0
IBUAA1066807,Located,="72561",GV WHITE HOT DOG BUNS 8P 11Z,03/11/2026 12:08:07 AM,252,252,0,03/11/2026 12:06:22 AM,FRZ2-0-51-0,03/11/2026 12:06:23 AM,,06/08/2026,12,252,UAA-148062,UAA102A031026,03/11/2026 12:06:22 AM,,bbuhgarciauaa,bbuhgarciauaa,9 Day Expiry Rule,03/11/2026,0
IBUAA1066835,Located,="72561",GV WHITE HOT DOG BUNS 8P 11Z,03/11/2026 12:14:04 AM,252,252,0,03/11/2026 12:12:39 AM,FRZ2-0-51-0,03/11/2026 12:12:41 AM,,04/04/2026,12,252,UAA-148062,UAA102A031126,03/11/2026 12:12:39 AM,,bbunbartonuaa,bbunbartonuaa,9 Day Expiry Rule,03/11/2026,0
IBUAA1066836,Located,="72561",GV WHITE HOT DOG BUNS 8P 11Z,03/11/2026 12:17:35 AM,252,252,0,03/11/2026 12:16:10 AM,FRZ2-0-51-0,03/11/2026 12:16:11 AM,,04/04/2026,12,252,UAA-148062,UAA102A031126,03/11/2026 12:16:10 AM,,bbunbartonuaa,bbunbartonuaa,9 Day Expiry Rule,03/11/2026,0
IBUAA1066855,Located,="72561",GV WHITE HOT DOG BUNS 8P 11Z,03/11/2026 12:23:49 AM,252,252,0,03/11/2026 12:21:50 AM,FRZ2-0-51-0,03/11/2026 12:21:51 AM,,06/08/2026,12,252,UAA-148062,UAA102A031026,03/11/2026 12:21:50 AM,,bbuhgarciauaa,bbuhgarciauaa,9 Day Expiry Rule,03/11/2026,0
IBUAA1066856,Located,="72561",GV WHITE HOT DOG BUNS 8P 11Z,03/11/2026 01:34:25 AM,252,252,0,03/11/2026 01:33:22 AM,FRZ2-0-51-0,03/11/2026 01:33:24 AM,,04/04/2026,12,252,UAA-148062,UAA102A031126,03/11/2026 01:33:22 AM,,bbunbartonuaa,bbunbartonuaa,9 Day Expiry Rule,03/11/2026,0
IBUAA1066857,Located,="72561",GV WHITE HOT DOG BUNS 8P 11Z,03/11/2026 01:43:15 AM,252,252,0,03/11/2026 01:41:32 AM,FRZ2-0-51-0,03/11/2026 01:41:32 AM,,04/04/2026,12,252,UAA-148062,UAA102A031126,03/11/2026 01:41:32 AM,,bbunbartonuaa,bbunbartonuaa,9 Day Expiry Rule,03/11/2026,0
IBUAA1066858,Located,="72561",GV WHITE HOT DOG BUNS 8P 11Z,03/11/2026 01:43:15 AM,252,252,0,03/11/2026 01:41:37 AM,FRZ2-0-51-0,03/11/2026 01:41:38 AM,,04/04/2026,12,252,UAA-148062,UAA102A031126,03/11/2026 01:41:37 AM,,bbunbartonuaa,bbunbartonuaa,9 Day Expiry Rule,03/11/2026,0
IBUAA1066904,Located,="72561",GV WHITE HOT DOG BUNS 8P 11Z,03/11/2026 01:57:07 AM,252,252,0,03/11/2026 01:42:35 AM,FRZ2-0-51-0,03/11/2026 01:42:37 AM,,06/08/2026,12,252,UAA-148062,UAA102A031026,03/11/2026 01:42:35 AM,,bbuhgarciauaa,bbuhgarciauaa,9 Day Expiry Rule,03/11/2026,0
IBUAA1066905,Located,="72561",GV WHITE HOT DOG BUNS 8P 11Z,03/11/2026 01:57:06 AM,252,252,0,03/11/2026 01:42:51 AM,FRZ2-0-51-0,03/11/2026 01:49:34 AM,,06/08/2026,12,252,UAA-148062,UAA102A031026,03/11/2026 01:42:51 AM,,bbuhgarciauaa,bbuhgarciauaa,9 Day Expiry Rule,03/11/2026,0
IBUAA1066859,Located,="72561",GV WHITE HOT DOG BUNS 8P 11Z,03/11/2026 02:03:08 AM,252,252,0,03/11/2026 02:01:56 AM,FRZ2-0-51-0,03/11/2026 02:01:57 AM,,04/04/2026,12,252,UAA-148062,UAA102A031126,03/11/2026 02:01:56 AM,,bbunbartonuaa,bbunbartonuaa,9 Day Expiry Rule,03/11/2026,0
IBUAA1066860,Located,="72561",GV WHITE HOT DOG BUNS 8P 11Z,03/11/2026 02:07:11 AM,252,252,0,03/11/2026 02:04:39 AM,FRZ2-0-51-0,03/11/2026 02:04:40 AM,,04/04/2026,12,252,UAA-148062,UAA102A031126,03/11/2026 02:04:39 AM,,bbunbartonuaa,bbunbartonuaa,9 Day Expiry Rule,03/11/2026,0
IBUAA1066861,Located,="72561",GV WHITE HOT DOG BUNS 8P 11Z,03/11/2026 02:14:41 AM,252,252,0,03/11/2026 02:06:18 AM,FRZ2-0-51-0,03/11/2026 02:06:20 AM,,06/08/2026,12,252,UAA-148062,UAA102A031026,03/11/2026 02:06:18 AM,,bbuhgarciauaa,bbuhgarciauaa,9 Day Expiry Rule,03/11/2026,0
IBUAA1066862,Located,="72561",GV WHITE HOT DOG BUNS 8P 11Z,03/11/2026 02:14:41 AM,252,252,0,03/11/2026 02:06:36 AM,FRZ2-0-51-0,03/11/2026 02:06:37 AM,,06/08/2026,12,252,UAA-148062,UAA102A031026,03/11/2026 02:06:36 AM,,bbuhgarciauaa,bbuhgarciauaa,9 Day Expiry Rule,03/11/2026,0
IBUAA1066863,Located,="72561",GV WHITE HOT DOG BUNS 8P 11Z,03/11/2026 02:14:41 AM,252,252,0,03/11/2026 02:06:46 AM,FRZ2-0-51-0,03/11/2026 02:06:47 AM,,06/08/2026,12,252,UAA-148062,UAA102A031026,03/11/2026 02:06:46 AM,,bbuhgarciauaa,bbuhgarciauaa,9 Day Expiry Rule,03/11/2026,0
IBUAA1066864,Located,="72561",GV WHITE HOT DOG BUNS 8P 11Z,03/11/2026 02:41:34 AM,252,252,0,03/11/2026 02:07:04 AM,FRZ2-0-51-0,03/11/2026 02:36:28 AM,,06/08/2026,12,252,UAA-148062,UAA102A031026,03/11/2026 02:07:04 AM,,bbuhgarciauaa,bbunbartonuaa,9 Day Expiry Rule,03/11/2026,0
IBUAA1066850,Located,="72561",GV WHITE HOT DOG BUNS 8P 11Z,03/11/2026 02:10:48 AM,252,252,0,03/11/2026 02:09:15 AM,FRZ2-0-51-0,03/11/2026 02:09:17 AM,,04/04/2026,12,252,UAA-148062,UAA102A031126,03/11/2026 02:09:15 AM,,bbunbartonuaa,bbunbartonuaa,9 Day Expiry Rule,03/11/2026,0
IBUAA1066851,Located,="72561",GV WHITE HOT DOG BUNS 8P 11Z,03/11/2026 02:10:48 AM,252,252,0,03/11/2026 02:09:23 AM,FRZ2-0-51-0,03/11/2026 02:09:24 AM,,04/04/2026,12,252,UAA-148062,UAA102A031126,03/11/2026 02:09:23 AM,,bbunbartonuaa,bbunbartonuaa,9 Day Expiry Rule,03/11/2026,0
IBUAA1066932,Located,="72561",GV WHITE HOT DOG BUNS 8P 11Z,03/11/2026 02:17:15 AM,252,252,0,03/11/2026 02:15:51 AM,FRZ2-0-51-0,03/11/2026 02:15:51 AM,,04/04/2026,12,252,UAA-148062,UAA102A031126,03/11/2026 02:15:51 AM,,bbunbartonuaa,bbunbartonuaa,9 Day Expiry Rule,03/11/2026,0
IBUAA1066933,Located,="72561",GV WHITE HOT DOG BUNS 8P 11Z,03/11/2026 02:20:26 AM,252,252,0,03/11/2026 02:18:23 AM,FRZ2-0-51-0,03/11/2026 02:18:24 AM,,04/04/2026,12,252,UAA-148062,UAA102A031126,03/11/2026 02:18:23 AM,,bbunbartonuaa,bbunbartonuaa,9 Day Expiry Rule,03/11/2026,0
IBUAA1066867,Located,="72561",GV WHITE HOT DOG BUNS 8P 11Z,03/11/2026 02:31:20 AM,252,252,0,03/11/2026 02:25:13 AM,FRZ2-0-51-0,03/11/2026 02:25:14 AM,,06/08/2026,12,252,UAA-148062,UAA102A031026,03/11/2026 02:25:13 AM,,bbuhgarciauaa,bbuhgarciauaa,9 Day Expiry Rule,03/11/2026,0
IBUAA1066868,Located,="72561",GV WHITE HOT DOG BUNS 8P 11Z,03/11/2026 02:31:20 AM,252,252,0,03/11/2026 02:25:35 AM,FRZ2-0-51-0,03/11/2026 02:25:36 AM,,06/08/2026,12,252,UAA-148062,UAA102A031026,03/11/2026 02:25:35 AM,,bbuhgarciauaa,bbuhgarciauaa,9 Day Expiry Rule,03/11/2026,0
IBUAA1066934,Located,="72561",GV WHITE HOT DOG BUNS 8P 11Z,03/11/2026 02:27:09 AM,252,252,0,03/11/2026 02:25:48 AM,FRZ2-0-51-0,03/11/2026 02:25:49 AM,,04/04/2026,12,252,UAA-148062,UAA102A031126,03/11/2026 02:25:48 AM,,bbunbartonuaa,bbunbartonuaa,9 Day Expiry Rule,03/11/2026,0
IBUAA1066935,Located,="72561",GV WHITE HOT DOG BUNS 8P 11Z,03/11/2026 02:27:09 AM,252,252,0,03/11/2026 02:25:53 AM,FRZ2-0-51-0,03/11/2026 02:25:54 AM,,04/04/2026,12,252,UAA-148062,UAA102A031126,03/11/2026 02:25:53 AM,,bbunbartonuaa,bbunbartonuaa,9 Day Expiry Rule,03/11/2026,0
IBUAA1066869,Located,="72561",GV WHITE HOT DOG BUNS 8P 11Z,03/11/2026 02:31:20 AM,252,252,0,03/11/2026 02:25:57 AM,FRZ2-0-51-0,03/11/2026 02:25:58 AM,,06/08/2026,12,252,UAA-148062,UAA102A031026,03/11/2026 02:25:57 AM,,bbuhgarciauaa,bbuhgarciauaa,9 Day Expiry Rule,03/11/2026,0
IBUAA1066870,Located,="72561",GV WHITE HOT DOG BUNS 8P 11Z,03/11/2026 02:31:20 AM,252,252,0,03/11/2026 02:26:17 AM,FRZ2-0-51-0,03/11/2026 02:26:17 AM,,06/08/2026,12,252,UAA-148062,UAA102A031026,03/11/2026 02:26:17 AM,,bbuhgarciauaa,bbuhgarciauaa,9 Day Expiry Rule,03/11/2026,0
IBUAA1066936,Located,="72561",GV WHITE HOT DOG BUNS 8P 11Z,03/11/2026 02:34:46 AM,252,252,0,03/11/2026 02:32:42 AM,FRZ2-0-51-0,03/11/2026 02:32:42 AM,,04/04/2026,12,252,UAA-148062,UAA102A031126,03/11/2026 02:32:42 AM,,bbunbartonuaa,bbunbartonuaa,9 Day Expiry Rule,03/11/2026,0
IBUAA1066937,Located,="72561",GV WHITE HOT DOG BUNS 8P 11Z,03/11/2026 02:34:46 AM,252,252,0,03/11/2026 02:32:47 AM,FRZ2-0-51-0,03/11/2026 02:32:48 AM,,04/04/2026,12,252,UAA-148062,UAA102A031126,03/11/2026 02:32:47 AM,,bbunbartonuaa,bbunbartonuaa,9 Day Expiry Rule,03/11/2026,0
IBUAA1066938,Located,="72561",GV WHITE HOT DOG BUNS 8P 11Z,03/11/2026 02:41:19 AM,252,252,0,03/11/2026 02:38:07 AM,FRZ2-0-51-0,03/11/2026 02:38:08 AM,,04/04/2026,12,252,UAA-148062,UAA102A031126,03/11/2026 02:38:07 AM,,bbunbartonuaa,bbunbartonuaa,9 Day Expiry Rule,03/11/2026,0
IBUAA1066731,Located,="72561",GV WHITE HOT DOG BUNS 8P 11Z,03/11/2026 02:53:32 AM,252,252,0,03/11/2026 02:46:37 AM,FRZ2-0-51-0,03/11/2026 02:46:39 AM,,06/08/2026,12,252,UAA-148062,UAA102A031026,03/11/2026 02:46:37 AM,,bbuhgarciauaa,bbuhgarciauaa,9 Day Expiry Rule,03/11/2026,0
IBUAA1066972,Located,="72561",GV WHITE HOT DOG BUNS 8P 11Z,03/11/2026 02:53:32 AM,252,252,0,03/11/2026 02:47:08 AM,FRZ2-0-51-0,03/11/2026 02:47:08 AM,,06/08/2026,12,252,UAA-148062,UAA102A031026,03/11/2026 02:47:08 AM,,bbuhgarciauaa,bbuhgarciauaa,9 Day Expiry Rule,03/11/2026,0
IBUAA1066973,Located,="72561",GV WHITE HOT DOG BUNS 8P 11Z,03/11/2026 02:53:32 AM,252,252,0,03/11/2026 02:47:18 AM,FRZ2-0-51-0,03/11/2026 02:47:19 AM,,06/08/2026,12,252,UAA-148062,UAA102A031026,03/11/2026 02:47:18 AM,,bbuhgarciauaa,bbuhgarciauaa,9 Day Expiry Rule,03/11/2026,0
IBUAA1066974,Located,="72561",GV WHITE HOT DOG BUNS 8P 11Z,03/11/2026 03:11:17 AM,252,252,0,03/11/2026 02:47:34 AM,FRZ2-0-51-0,03/11/2026 02:47:35 AM,,06/08/2026,12,252,UAA-148062,UAA102A031026,03/11/2026 02:47:34 AM,,bbuhgarciauaa,bbunbartonuaa,9 Day Expiry Rule,03/11/2026,0
IBUAA1066941,Located,="72561",GV WHITE HOT DOG BUNS 8P 11Z,03/11/2026 02:49:24 AM,252,252,0,03/11/2026 02:48:08 AM,FRZ2-0-51-0,03/11/2026 02:48:08 AM,,04/04/2026,12,252,UAA-148062,UAA102A031126,03/11/2026 02:48:08 AM,,bbunbartonuaa,bbunbartonuaa,9 Day Expiry Rule,03/11/2026,0
IBUAA1066906,Located,="72561",GV WHITE HOT DOG BUNS 8P 11Z,03/11/2026 02:54:24 AM,252,252,0,03/11/2026 02:50:47 AM,FRZ2-0-51-0,03/11/2026 02:50:49 AM,,04/04/2026,12,252,UAA-148062,UAA102A031126,03/11/2026 02:50:47 AM,,bbunbartonuaa,bbunbartonuaa,9 Day Expiry Rule,03/11/2026,0
IBUAA1066958,Located,="72561",GV WHITE HOT DOG BUNS 8P 11Z,03/11/2026 02:58:35 AM,252,252,0,03/11/2026 02:57:01 AM,FRZ2-0-51-0,03/11/2026 02:57:03 AM,,04/04/2026,12,252,UAA-148062,UAA102A031126,03/11/2026 02:57:01 AM,,bbunbartonuaa,bbunbartonuaa,9 Day Expiry Rule,03/11/2026,0
IBUAA1066959,Located,="72561",GV WHITE HOT DOG BUNS 8P 11Z,03/11/2026 03:01:06 AM,252,252,0,03/11/2026 02:59:45 AM,FRZ2-0-51-0,03/11/2026 02:59:46 AM,,04/04/2026,12,252,UAA-148062,UAA102A031126,03/11/2026 02:59:45 AM,,bbunbartonuaa,bbunbartonuaa,9 Day Expiry Rule,03/11/2026,0
IBUAA1066960,Located,="72561",GV WHITE HOT DOG BUNS 8P 11Z,03/11/2026 03:01:06 AM,252,252,0,03/11/2026 02:59:50 AM,FRZ2-0-51-0,03/11/2026 02:59:50 AM,,04/04/2026,12,252,UAA-148062,UAA102A031126,03/11/2026 02:59:50 AM,,bbunbartonuaa,bbunbartonuaa,9 Day Expiry Rule,03/11/2026,0
IBUAA1066946,Located,="72561",GV WHITE HOT DOG BUNS 8P 11Z,03/11/2026 03:03:58 AM,252,252,0,03/11/2026 03:02:41 AM,FRZ2-0-51-0,03/11/2026 03:02:43 AM,,04/04/2026,12,252,UAA-148062,UAA102A031126,03/11/2026 03:02:41 AM,,bbunbartonuaa,bbunbartonuaa,9 Day Expiry Rule,03/11/2026,0
IBUAA1066948,Located,="72561",GV WHITE HOT DOG BUNS 8P 11Z,03/11/2026 03:08:43 AM,252,252,0,03/11/2026 03:04:59 AM,FRZ2-0-51-0,03/11/2026 03:05:00 AM,,04/04/2026,12,252,UAA-148062,UAA102A031126,03/11/2026 03:04:59 AM,,bbunbartonuaa,bbunbartonuaa,9 Day Expiry Rule,03/11/2026,0
IBUAA1066949,Located,="72561",GV WHITE HOT DOG BUNS 8P 11Z,03/11/2026 03:08:43 AM,252,252,0,03/11/2026 03:05:05 AM,FRZ2-0-51-0,03/11/2026 03:05:06 AM,,04/04/2026,12,252,UAA-148062,UAA102A031126,03/11/2026 03:05:05 AM,,bbunbartonuaa,bbunbartonuaa,9 Day Expiry Rule,03/11/2026,0
IBUAA1066992,Located,="72561",GV WHITE HOT DOG BUNS 8P 11Z,03/11/2026 03:11:17 AM,252,252,0,03/11/2026 03:09:54 AM,FRZ2-0-51-0,03/11/2026 03:09:55 AM,,04/04/2026,12,252,UAA-148062,UAA102A031126,03/11/2026 03:09:54 AM,,bbunbartonuaa,bbunbartonuaa,9 Day Expiry Rule,03/11/2026,0
IBUAA1066907,Located,="72561",GV WHITE HOT DOG BUNS 8P 11Z,03/11/2026 03:14:43 AM,252,252,0,03/11/2026 03:11:46 AM,FRZ2-0-51-0,03/11/2026 03:11:48 AM,,06/08/2026,12,252,UAA-148062,UAA102A031026,03/11/2026 03:11:46 AM,,bbuhgarciauaa,bbunbartonuaa,9 Day Expiry Rule,03/11/2026,0
IBUAA1066982,Located,="72561",GV WHITE HOT DOG BUNS 8P 11Z,03/11/2026 03:14:43 AM,252,252,0,03/11/2026 03:13:03 AM,FRZ2-0-51-0,03/11/2026 03:13:05 AM,,04/04/2026,12,252,UAA-148062,UAA102A031126,03/11/2026 03:13:03 AM,,bbunbartonuaa,bbunbartonuaa,9 Day Expiry Rule,03/11/2026,0
IBUAA1066908,Located,="72561",GV WHITE HOT DOG BUNS 8P 11Z,03/11/2026 03:18:21 AM,252,252,0,03/11/2026 03:15:45 AM,FRZ2-0-51-0,03/11/2026 03:15:46 AM,,06/08/2026,12,252,UAA-148062,UAA102A031026,03/11/2026 03:15:45 AM,,bbuhgarciauaa,bbuhgarciauaa,9 Day Expiry Rule,03/11/2026,0
IBUAA1066988,Located,="72561",GV WHITE HOT DOG BUNS 8P 11Z,03/11/2026 03:20:50 AM,252,252,0,03/11/2026 03:19:57 AM,FRZ2-0-51-0,03/11/2026 03:19:58 AM,,04/04/2026,12,252,UAA-148062,UAA102A031126,03/11/2026 03:19:57 AM,,bbunbartonuaa,bbunbartonuaa,9 Day Expiry Rule,03/11/2026,0
IBUAA1066909,Located,="72561",GV WHITE HOT DOG BUNS 8P 11Z,03/11/2026 03:27:10 AM,252,252,0,03/11/2026 03:22:27 AM,FRZ2-0-51-0,03/11/2026 03:22:28 AM,,06/08/2026,12,252,UAA-148062,UAA102A031026,03/11/2026 03:22:27 AM,,bbuhgarciauaa,bbuhgarciauaa,9 Day Expiry Rule,03/11/2026,0
IBUAA1066910,Located,="72561",GV WHITE HOT DOG BUNS 8P 11Z,03/11/2026 03:27:10 AM,252,252,0,03/11/2026 03:22:32 AM,FRZ2-0-51-0,03/11/2026 03:22:33 AM,,06/08/2026,12,252,UAA-148062,UAA102A031026,03/11/2026 03:22:32 AM,,bbuhgarciauaa,bbuhgarciauaa,9 Day Expiry Rule,03/11/2026,0
IBUAA1066911,Located,="72561",GV WHITE HOT DOG BUNS 8P 11Z,03/11/2026 03:27:10 AM,252,252,0,03/11/2026 03:22:37 AM,FRZ2-0-51-0,03/11/2026 03:22:37 AM,,06/08/2026,12,252,UAA-148062,UAA102A031026,03/11/2026 03:22:37 AM,,bbuhgarciauaa,bbuhgarciauaa,9 Day Expiry Rule,03/11/2026,0
IBUAA1067012,Located,="72561",GV WHITE HOT DOG BUNS 8P 11Z,03/11/2026 03:35:11 AM,252,252,0,03/11/2026 03:22:41 AM,FRZ2-0-51-0,03/11/2026 03:22:42 AM,,06/08/2026,12,252,UAA-148062,UAA102A031026,03/11/2026 03:22:41 AM,,bbuhgarciauaa,bbuddonaldsonuaa,9 Day Expiry Rule,03/11/2026,0
IBUAA1067013,Located,="72561",GV WHITE HOT DOG BUNS 8P 11Z,03/11/2026 03:49:33 AM,252,252,0,03/11/2026 03:22:46 AM,FRZ2-0-51-0,03/11/2026 03:22:47 AM,,06/08/2026,12,252,UAA-148062,UAA102A031026,03/11/2026 03:22:46 AM,,bbuhgarciauaa,bbunbartonuaa,9 Day Expiry Rule,03/11/2026,0
IBUAA1066990,Located,="72561",GV WHITE HOT DOG BUNS 8P 11Z,03/11/2026 03:30:19 AM,252,252,0,03/11/2026 03:26:29 AM,FRZ2-0-51-0,03/11/2026 03:26:33 AM,,04/04/2026,12,252,UAA-148062,UAA102A031126,03/11/2026 03:26:29 AM,,bbunbartonuaa,bbunbartonuaa,9 Day Expiry Rule,03/11/2026,0
IBUAA1067032,Located,="72561",GV WHITE HOT DOG BUNS 8P 11Z,03/11/2026 03:30:19 AM,252,252,0,03/11/2026 03:26:46 AM,FRZ2-0-51-0,03/11/2026 03:26:47 AM,,04/04/2026,12,252,UAA-148062,UAA102A031126,03/11/2026 03:26:46 AM,,bbunbartonuaa,bbunbartonuaa,9 Day Expiry Rule,03/11/2026,0
IBUAA1067014,Located,="72561",GV WHITE HOT DOG BUNS 8P 11Z,03/11/2026 03:30:51 AM,252,252,0,03/11/2026 03:29:20 AM,FRZ2-0-51-0,03/11/2026 03:29:22 AM,,06/08/2026,12,252,UAA-148062,UAA102A031026,03/11/2026 03:29:20 AM,,bbuddonaldsonuaa,bbuddonaldsonuaa,9 Day Expiry Rule,03/11/2026,0
IBUAA1067015,Located,="72561",GV WHITE HOT DOG BUNS 8P 11Z,03/12/2026 09:01:18 AM,252,252,0,03/11/2026 03:29:29 AM,FRZ2-0-51-0,03/11/2026 03:29:29 AM,,04/03/2026,12,252,UAA-148062,UAA-148062,03/11/2026 03:29:29 AM,,bbuddonaldsonuaa,bbuamurillouaa,9 Day Expiry Rule,03/10/2026,0
IBUAA1067037,Located,="72561",GV WHITE HOT DOG BUNS 8P 11Z,03/11/2026 03:44:37 AM,252,252,0,03/11/2026 03:37:36 AM,FRZ2-0-51-0,03/11/2026 03:37:38 AM,,06/08/2026,12,252,UAA-148062,UAA102A031026,03/11/2026 03:37:36 AM,,bbuddonaldsonuaa,bbuddonaldsonuaa,9 Day Expiry Rule,03/11/2026,0
IBUAA1067038,Located,="72561",GV WHITE HOT DOG BUNS 8P 11Z,03/11/2026 03:43:07 AM,252,252,0,03/11/2026 03:38:35 AM,FRZ2-0-51-0,03/11/2026 03:38:36 AM,,04/04/2026,12,252,UAA-148062,UAA102A031126,03/11/2026 03:38:35 AM,,bbunbartonuaa,bbuddonaldsonuaa,9 Day Expiry Rule,03/11/2026,0
IBUAA1067039,Located,="72561",GV WHITE HOT DOG BUNS 8P 11Z,03/11/2026 03:43:07 AM,252,252,0,03/11/2026 03:38:41 AM,FRZ2-0-51-0,03/11/2026 03:38:41 AM,,04/04/2026,12,252,UAA-148062,UAA102A031126,03/11/2026 03:38:41 AM,,bbunbartonuaa,bbuddonaldsonuaa,9 Day Expiry Rule,03/11/2026,0
IBUAA1067040,Located,="72561",GV WHITE HOT DOG BUNS 8P 11Z,03/11/2026 03:43:07 AM,252,252,0,03/11/2026 03:39:19 AM,FRZ2-0-51-0,03/11/2026 03:39:19 AM,,04/04/2026,12,252,UAA-148062,UAA102A031126,03/11/2026 03:39:19 AM,,bbuddonaldsonuaa,bbuddonaldsonuaa,9 Day Expiry Rule,03/11/2026,0
IBUAA1067042,Located,="72561",GV WHITE HOT DOG BUNS 8P 11Z,03/11/2026 03:47:12 AM,252,252,0,03/11/2026 03:39:59 AM,FRZ2-0-51-0,03/11/2026 03:39:59 AM,,04/04/2026,12,252,UAA-148062,UAA102A031126,03/11/2026 03:39:59 AM,,bbuddonaldsonuaa,bbuhgarciauaa,9 Day Expiry Rule,03/11/2026,0
IBUAA1066970,Located,="72561",GV WHITE HOT DOG BUNS 8P 11Z,03/11/2026 03:49:33 AM,252,252,0,03/11/2026 03:46:48 AM,FRZ2-0-51-0,03/11/2026 03:46:49 AM,,04/04/2026,12,252,UAA-148062,UAA102A031126,03/11/2026 03:46:48 AM,,bbunbartonuaa,bbunbartonuaa,9 Day Expiry Rule,03/11/2026,0
IBUAA1066926,Located,="72561",GV WHITE HOT DOG BUNS 8P 11Z,03/11/2026 03:52:38 AM,252,252,0,03/11/2026 03:49:47 AM,FRZ2-0-51-0,03/11/2026 03:49:49 AM,,06/08/2026,12,252,UAA-148062,UAA102A031026,03/11/2026 03:49:47 AM,,bbuhgarciauaa,bbuhgarciauaa,9 Day Expiry Rule,03/11/2026,0
IBUAA1067052,Located,="72561",GV WHITE HOT DOG BUNS 8P 11Z,03/11/2026 03:52:50 AM,252,252,0,03/11/2026 03:51:43 AM,FRZ2-0-51-0,03/11/2026 03:51:44 AM,,04/04/2026,12,252,UAA-148062,UAA102A031126,03/11/2026 03:51:43 AM,,bbunbartonuaa,bbunbartonuaa,9 Day Expiry Rule,03/11/2026,0
IBUAA1067055,Located,="72561",GV WHITE HOT DOG BUNS 8P 11Z,03/11/2026 04:02:57 AM,252,252,0,03/11/2026 03:54:24 AM,ROFRZ-0-001-0,03/11/2026 03:54:56 AM,,04/04/2026,12,252,UAA-148058,UAA102A031126,03/11/2026 03:54:24 AM,,bbunbartonuaa,bbunbartonuaa,9 Day Expiry Rule,03/11/2026,0
IBUAA1067059,Located,="72561",GV WHITE HOT DOG BUNS 8P 11Z,03/11/2026 04:02:57 AM,252,252,0,03/11/2026 04:01:21 AM,ROFRZ-0-001-0,03/11/2026 04:01:22 AM,,04/04/2026,12,252,UAA-148058,UAA102A031126,03/11/2026 04:01:21 AM,,bbunbartonuaa,bbunbartonuaa,9 Day Expiry Rule,03/11/2026,0
IBUAA1067051,Located,="72561",GV WHITE HOT DOG BUNS 8P 11Z,03/11/2026 05:29:27 AM,252,252,0,03/11/2026 04:20:10 AM,ROFRZ-0-001-0,03/11/2026 04:20:12 AM,,04/04/2026,12,252,UAA-148058,UAA102A031126,03/11/2026 04:20:10 AM,,bbuhgarciauaa,bbuhgarciauaa,9 Day Expiry Rule,03/11/2026,0
IBUAA1067092,Located,="72561",GV WHITE HOT DOG BUNS 8P 11Z,03/11/2026 05:29:27 AM,252,252,0,03/11/2026 04:20:18 AM,ROFRZ-0-001-0,03/11/2026 04:20:19 AM,,04/04/2026,12,252,UAA-148058,UAA102A031126,03/11/2026 04:20:18 AM,,bbuhgarciauaa,bbuhgarciauaa,9 Day Expiry Rule,03/11/2026,0
IBUAA1067094,Located,="72561",GV WHITE HOT DOG BUNS 8P 11Z,03/11/2026 04:50:11 AM,252,252,0,03/11/2026 04:47:17 AM,ROFRZ-0-001-0,03/11/2026 04:47:19 AM,,04/04/2026,12,252,UAA-148058,UAA102A031126,03/11/2026 04:47:17 AM,,bbuhgarciauaa,bbuhgarciauaa,9 Day Expiry Rule,03/11/2026,0
IBUAA1067123,Located,="72561",GV WHITE HOT DOG BUNS 8P 11Z,03/11/2026 04:49:33 AM,252,252,0,03/11/2026 04:48:06 AM,ROFRZ-0-001-0,03/11/2026 04:48:08 AM,,04/04/2026,12,252,UAA-148058,UAA102A031126,03/11/2026 04:48:06 AM,,bbunbartonuaa,bbunbartonuaa,9 Day Expiry Rule,03/11/2026,0
IBUAA1067126,Located,="72561",GV WHITE HOT DOG BUNS 8P 11Z,03/11/2026 04:53:43 AM,252,252,0,03/11/2026 04:52:40 AM,ROFRZ-0-001-0,03/11/2026 04:52:41 AM,,04/04/2026,12,252,UAA-148058,UAA102A031126,03/11/2026 04:52:40 AM,,bbunbartonuaa,bbunbartonuaa,9 Day Expiry Rule,03/11/2026,0
IBUAA1067095,Located,="72561",GV WHITE HOT DOG BUNS 8P 11Z,03/11/2026 05:29:27 AM,252,252,0,03/11/2026 05:01:23 AM,ROFRZ-0-001-0,03/11/2026 05:01:25 AM,,04/04/2026,12,252,UAA-148058,UAA102A031126,03/11/2026 05:01:23 AM,,bbuhgarciauaa,bbuhgarciauaa,9 Day Expiry Rule,03/11/2026,0
IBUAA1067096,Located,="72561",GV WHITE HOT DOG BUNS 8P 11Z,03/11/2026 05:29:27 AM,252,252,0,03/11/2026 05:01:31 AM,ROFRZ-0-001-0,03/11/2026 05:01:32 AM,,04/04/2026,12,252,UAA-148058,UAA102A031126,03/11/2026 05:01:31 AM,,bbuhgarciauaa,bbuhgarciauaa,9 Day Expiry Rule,03/11/2026,0
IBUAA1067132,Located,="72561",GV WHITE HOT DOG BUNS 8P 11Z,03/11/2026 05:06:33 AM,252,252,0,03/11/2026 05:05:26 AM,ROFRZ-0-001-0,03/11/2026 05:05:26 AM,,04/04/2026,12,252,UAA-148058,UAA102A031126,03/11/2026 05:05:26 AM,,bbunbartonuaa,bbunbartonuaa,9 Day Expiry Rule,03/11/2026,0
IBUAA1067133,Located,="72561",GV WHITE HOT DOG BUNS 8P 11Z,03/11/2026 05:06:33 AM,252,252,0,03/11/2026 05:05:38 AM,ROFRZ-0-001-0,03/11/2026 05:05:39 AM,,04/04/2026,12,252,UAA-148058,UAA102A031126,03/11/2026 05:05:38 AM,,bbunbartonuaa,bbunbartonuaa,9 Day Expiry Rule,03/11/2026,0
IBUAA1067134,Located,="72561",GV WHITE HOT DOG BUNS 8P 11Z,03/11/2026 05:15:36 AM,252,252,0,03/11/2026 05:11:04 AM,ROFRZ-0-001-0,03/11/2026 05:11:05 AM,,04/04/2026,12,252,UAA-148058,UAA102A031126,03/11/2026 05:11:04 AM,,bbunbartonuaa,bbunbartonuaa,9 Day Expiry Rule,03/11/2026,0
IBUAA1067135,Located,="72561",GV WHITE HOT DOG BUNS 8P 11Z,03/11/2026 05:15:36 AM,252,252,0,03/11/2026 05:14:24 AM,ROFRZ-0-001-0,03/11/2026 05:14:25 AM,,04/04/2026,12,252,UAA-148058,UAA102A031126,03/11/2026 05:14:24 AM,,bbunbartonuaa,bbunbartonuaa,9 Day Expiry Rule,03/11/2026,0
IBUAA1067137,Located,="72561",GV WHITE HOT DOG BUNS 8P 11Z,03/11/2026 05:19:09 AM,252,252,0,03/11/2026 05:16:19 AM,ROFRZ-0-001-0,03/11/2026 05:16:21 AM,,04/04/2026,12,252,UAA-148058,UAA102A031126,03/11/2026 05:16:19 AM,,bbuhgarciauaa,bbuhgarciauaa,9 Day Expiry Rule,03/11/2026,0
IBUAA1067138,Located,="72561",GV WHITE HOT DOG BUNS 8P 11Z,03/11/2026 05:19:09 AM,252,252,0,03/11/2026 05:16:30 AM,ROFRZ-0-001-0,03/11/2026 05:16:30 AM,,04/04/2026,12,252,UAA-148058,UAA102A031126,03/11/2026 05:16:30 AM,,bbuhgarciauaa,bbuhgarciauaa,9 Day Expiry Rule,03/11/2026,0
IBUAA1067139,Located,="72561",GV WHITE HOT DOG BUNS 8P 11Z,03/11/2026 05:19:45 AM,252,252,0,03/11/2026 05:18:26 AM,ROFRZ-0-001-0,03/11/2026 05:18:27 AM,,04/04/2026,12,252,UAA-148058,UAA102A031126,03/11/2026 05:18:26 AM,,bbunbartonuaa,bbunbartonuaa,9 Day Expiry Rule,03/11/2026,0
IBUAA1067140,Located,="72561",GV WHITE HOT DOG BUNS 8P 11Z,03/11/2026 05:22:43 AM,252,252,0,03/11/2026 05:21:30 AM,ROFRZ-0-001-0,03/11/2026 05:21:31 AM,,04/04/2026,12,252,UAA-148058,UAA102A031126,03/11/2026 05:21:30 AM,,bbunbartonuaa,bbunbartonuaa,9 Day Expiry Rule,03/11/2026,0
IBUAA1067141,Located,="72561",GV WHITE HOT DOG BUNS 8P 11Z,03/11/2026 05:29:14 AM,252,252,0,03/11/2026 05:28:24 AM,ROFRZ-0-001-0,03/11/2026 05:28:24 AM,,04/04/2026,12,252,UAA-148058,UAA102A031126,03/11/2026 05:28:24 AM,,bbunbartonuaa,bbunbartonuaa,9 Day Expiry Rule,03/11/2026,0
IBUAA1067142,Located,="72561",GV WHITE HOT DOG BUNS 8P 11Z,03/11/2026 05:34:29 AM,252,252,0,03/11/2026 05:32:10 AM,ROFRZ-0-001-0,03/11/2026 05:32:11 AM,,04/04/2026,12,252,UAA-148058,UAA102A031126,03/11/2026 05:32:10 AM,,bbunbartonuaa,bbunbartonuaa,9 Day Expiry Rule,03/11/2026,0
IBUAA1067143,Located,="72561",GV WHITE HOT DOG BUNS 8P 11Z,03/11/2026 05:34:29 AM,252,252,0,03/11/2026 05:32:17 AM,ROFRZ-0-001-0,03/11/2026 05:32:18 AM,,04/04/2026,12,252,UAA-148058,UAA102A031126,03/11/2026 05:32:17 AM,,bbunbartonuaa,bbunbartonuaa,9 Day Expiry Rule,03/11/2026,0
IBUAA1067083,Located,="72561",GV WHITE HOT DOG BUNS 8P 11Z,03/11/2026 05:39:31 AM,252,252,0,03/11/2026 05:36:24 AM,ROFRZ-0-001-0,03/11/2026 05:36:26 AM,,04/04/2026,12,252,UAA-148058,UAA102A031126,03/11/2026 05:36:24 AM,,bbuhgarciauaa,bbuhgarciauaa,9 Day Expiry Rule,03/11/2026,0
IBUAA1067084,Located,="72561",GV WHITE HOT DOG BUNS 8P 11Z,03/11/2026 05:39:31 AM,252,252,0,03/11/2026 05:37:03 AM,ROFRZ-0-001-0,03/11/2026 05:37:04 AM,,04/04/2026,12,252,UAA-148058,UAA102A031126,03/11/2026 05:37:03 AM,,bbuhgarciauaa,bbuhgarciauaa,9 Day Expiry Rule,03/11/2026,0
IBUAA1067145,Located,="72561",GV WHITE HOT DOG BUNS 8P 11Z,03/11/2026 05:46:34 AM,252,252,0,03/11/2026 05:44:38 AM,ROFRZ-0-001-0,03/11/2026 05:44:38 AM,,04/04/2026,12,252,UAA-148058,UAA102A031126,03/11/2026 05:44:38 AM,,bbunbartonuaa,bbunbartonuaa,9 Day Expiry Rule,03/11/2026,0
IBUAA1067146,Located,="72561",GV WHITE HOT DOG BUNS 8P 11Z,03/11/2026 05:46:33 AM,252,252,0,03/11/2026 05:44:59 AM,ROFRZ-0-001-0,03/11/2026 05:45:00 AM,,04/04/2026,12,252,UAA-148058,UAA102A031126,03/11/2026 05:44:59 AM,,bbunbartonuaa,bbunbartonuaa,9 Day Expiry Rule,03/11/2026,0
IBUAA1067085,Located,="72561",GV WHITE HOT DOG BUNS 8P 11Z,03/11/2026 05:48:27 AM,252,252,0,03/11/2026 05:45:49 AM,ROFRZ-0-001-0,03/11/2026 05:45:50 AM,,04/04/2026,12,252,UAA-148058,UAA102A031126,03/11/2026 05:45:49 AM,,bbuhgarciauaa,bbuhgarciauaa,9 Day Expiry Rule,03/11/2026,0
IBUAA1067086,Located,="72561",GV WHITE HOT DOG BUNS 8P 11Z,03/11/2026 05:48:27 AM,252,252,0,03/11/2026 05:46:00 AM,ROFRZ-0-001-0,03/11/2026 05:46:01 AM,,04/04/2026,12,252,UAA-148058,UAA102A031126,03/11/2026 05:46:00 AM,,bbuhgarciauaa,bbuhgarciauaa,9 Day Expiry Rule,03/11/2026,0
IBUAA1067147,Located,="72561",GV WHITE HOT DOG BUNS 8P 11Z,03/11/2026 05:49:56 AM,252,252,0,03/11/2026 05:48:49 AM,ROFRZ-0-001-0,03/11/2026 05:48:50 AM,,04/04/2026,12,252,UAA-148058,UAA102A031126,03/11/2026 05:48:49 AM,,bbunbartonuaa,bbunbartonuaa,9 Day Expiry Rule,03/11/2026,0
IBUAA1067097,Located,="72561",GV WHITE HOT DOG BUNS 8P 11Z,03/11/2026 06:15:18 AM,252,252,0,03/11/2026 06:04:08 AM,ROFRZ-0-001-0,03/11/2026 06:04:11 AM,,04/04/2026,12,252,UAA-148058,UAA102A031126,03/11/2026 06:04:08 AM,,bburastorgauaa,bburastorgauaa,9 Day Expiry Rule,03/11/2026,0
IBUAA1067098,Located,="72561",GV WHITE HOT DOG BUNS 8P 11Z,03/11/2026 06:06:53 AM,252,252,0,03/11/2026 06:04:20 AM,ROFRZ-0-001-0,03/11/2026 06:04:21 AM,,04/04/2026,12,252,UAA-148058,UAA102A031126,03/11/2026 06:04:20 AM,,bburastorgauaa,bbudnagyuaa,9 Day Expiry Rule,03/11/2026,0
IBUAA1067099,Located,="72561",GV WHITE HOT DOG BUNS 8P 11Z,03/11/2026 06:06:53 AM,252,252,0,03/11/2026 06:04:30 AM,ROFRZ-0-001-0,03/11/2026 06:04:31 AM,,04/04/2026,12,252,UAA-148058,UAA102A031126,03/11/2026 06:04:30 AM,,bburastorgauaa,bbudnagyuaa,9 Day Expiry Rule,03/11/2026,0
IBUAA1067088,Located,="72561",GV WHITE HOT DOG BUNS 8P 11Z,03/11/2026 06:06:54 AM,252,252,0,03/11/2026 06:04:35 AM,ROFRZ-0-001-0,03/11/2026 06:04:37 AM,,04/04/2026,12,252,UAA-148058,UAA102A031126,03/11/2026 06:04:35 AM,,bbudnagyuaa,bbudnagyuaa,9 Day Expiry Rule,03/11/2026,0
IBUAA1067089,Located,="72561",GV WHITE HOT DOG BUNS 8P 11Z,03/11/2026 06:06:53 AM,252,252,0,03/11/2026 06:04:48 AM,ROFRZ-0-001-0,03/11/2026 06:04:49 AM,,04/04/2026,12,252,UAA-148058,UAA102A031126,03/11/2026 06:04:48 AM,,bbudnagyuaa,bbudnagyuaa,9 Day Expiry Rule,03/11/2026,0
IBUAA1067090,Located,="72561",GV WHITE HOT DOG BUNS 8P 11Z,03/11/2026 06:09:43 AM,252,252,0,03/11/2026 06:08:52 AM,ROFRZ-0-001-0,03/11/2026 06:08:53 AM,,04/04/2026,12,252,UAA-148058,UAA102A031126,03/11/2026 06:08:52 AM,,bbudnagyuaa,bbudnagyuaa,9 Day Expiry Rule,03/11/2026,0
IBUAA1067101,Located,="72561",GV WHITE HOT DOG BUNS 8P 11Z,03/11/2026 06:13:28 AM,252,252,0,03/11/2026 06:11:20 AM,ROFRZ-0-001-0,03/11/2026 06:11:21 AM,,04/04/2026,12,252,UAA-148058,UAA102A031126,03/11/2026 06:11:20 AM,,bburastorgauaa,bburastorgauaa,9 Day Expiry Rule,03/11/2026,0
IBUAA1067102,Located,="72561",GV WHITE HOT DOG BUNS 8P 11Z,03/11/2026 06:13:28 AM,252,252,0,03/11/2026 06:11:29 AM,ROFRZ-0-001-0,03/11/2026 06:11:30 AM,,04/04/2026,12,252,UAA-148058,UAA102A031126,03/11/2026 06:11:29 AM,,bburastorgauaa,bburastorgauaa,9 Day Expiry Rule,03/11/2026,0
IBUAA1067103,Located,="72561",GV WHITE HOT DOG BUNS 8P 11Z,03/11/2026 06:15:18 AM,252,252,0,03/11/2026 06:11:40 AM,ROFRZ-0-001-0,03/11/2026 06:11:42 AM,,04/04/2026,12,252,UAA-148058,UAA102A031126,03/11/2026 06:11:40 AM,,bburastorgauaa,bbudnagyuaa,9 Day Expiry Rule,03/11/2026,0
IBUAA1067104,Located,="72561",GV WHITE HOT DOG BUNS 8P 11Z,03/11/2026 06:15:18 AM,252,252,0,03/11/2026 06:11:47 AM,ROFRZ-0-001-0,03/11/2026 06:11:48 AM,,04/04/2026,12,252,UAA-148058,UAA102A031126,03/11/2026 06:11:47 AM,,bburastorgauaa,bbudnagyuaa,9 Day Expiry Rule,03/11/2026,0
IBUAA1067106,Located,="72561",GV WHITE HOT DOG BUNS 8P 11Z,03/11/2026 06:24:54 AM,252,252,0,03/11/2026 06:18:48 AM,ROFRZ-0-001-0,03/11/2026 06:18:49 AM,,04/04/2026,12,252,UAA-148058,UAA102A031126,03/11/2026 06:18:48 AM,,bburastorgauaa,bburastorgauaa,9 Day Expiry Rule,03/11/2026,0
IBUAA1067107,Located,="72561",GV WHITE HOT DOG BUNS 8P 11Z,03/11/2026 06:24:54 AM,252,252,0,03/11/2026 06:22:32 AM,ROFRZ-0-001-0,03/11/2026 06:22:33 AM,,04/04/2026,12,252,UAA-148058,UAA102A031126,03/11/2026 06:22:32 AM,,bburastorgauaa,bburastorgauaa,9 Day Expiry Rule,03/11/2026,0
IBUAA1067108,Located,="72561",GV WHITE HOT DOG BUNS 8P 11Z,03/11/2026 06:27:21 AM,252,252,0,03/11/2026 06:22:41 AM,ROFRZ-0-001-0,03/11/2026 06:22:42 AM,,04/04/2026,12,252,UAA-148058,UAA102A031126,03/11/2026 06:22:41 AM,,bburastorgauaa,bbudnagyuaa,9 Day Expiry Rule,03/11/2026,0
IBUAA1067232,Located,="72561",GV WHITE HOT DOG BUNS 8P 11Z,03/11/2026 06:27:21 AM,252,252,0,03/11/2026 06:25:38 AM,ROFRZ-0-001-0,03/11/2026 06:25:40 AM,,04/04/2026,12,252,UAA-148058,UAA102A031126,03/11/2026 06:25:38 AM,,bbudnagyuaa,bbudnagyuaa,9 Day Expiry Rule,03/11/2026,0
IBUAA1067111,Located,="72561",GV WHITE HOT DOG BUNS 8P 11Z,03/11/2026 06:36:24 AM,252,252,0,03/11/2026 06:28:17 AM,ROFRZ-0-001-0,03/11/2026 06:28:17 AM,,04/04/2026,12,252,UAA-148058,UAA102A031126,03/11/2026 06:28:17 AM,,bburastorgauaa,bbudnagyuaa,9 Day Expiry Rule,03/11/2026,0
IBUAA1067252,Located,="72561",GV WHITE HOT DOG BUNS 8P 11Z,03/11/2026 06:40:59 AM,252,252,0,03/11/2026 06:30:45 AM,ROFRZ-0-001-0,03/11/2026 06:30:46 AM,,04/04/2026,12,252,UAA-148058,UAA102A031126,03/11/2026 06:30:45 AM,,bburastorgauaa,bburastorgauaa,9 Day Expiry Rule,03/11/2026,0
IBUAA1067233,Located,="72561",GV WHITE HOT DOG BUNS 8P 11Z,03/11/2026 06:34:23 AM,252,252,0,03/11/2026 06:32:01 AM,ROFRZ-0-001-0,03/11/2026 06:32:02 AM,,04/04/2026,12,252,UAA-148058,UAA102A031126,03/11/2026 06:32:01 AM,,bbudnagyuaa,bbudnagyuaa,9 Day Expiry Rule,03/11/2026,0
IBUAA1067234,Located,="72561",GV WHITE HOT DOG BUNS 8P 11Z,03/11/2026 06:34:23 AM,252,252,0,03/11/2026 06:32:08 AM,ROFRZ-0-001-0,03/11/2026 06:32:09 AM,,04/04/2026,12,252,UAA-148058,UAA102A031126,03/11/2026 06:32:08 AM,,bbudnagyuaa,bbudnagyuaa,9 Day Expiry Rule,03/11/2026,0
IBUAA1067263,Located,="72561",GV WHITE HOT DOG BUNS 8P 11Z,03/11/2026 07:21:14 AM,252,252,0,03/11/2026 06:36:17 AM,ROFRZ-0-001-0,03/11/2026 06:36:18 AM,,04/04/2026,12,252,UAA-148058,UAA102A031126,03/11/2026 06:36:17 AM,,bburastorgauaa,bburastorgauaa,9 Day Expiry Rule,03/11/2026,0
IBUAA1067211,Located,="72561",GV WHITE HOT DOG BUNS 8P 11Z,03/11/2026 07:19:16 AM,252,252,0,03/11/2026 07:13:32 AM,ROFRZ-0-001-0,03/11/2026 07:13:35 AM,,04/04/2026,12,252,UAA-148058,UAA102A031126,03/11/2026 07:13:32 AM,,bbushunteruaa,bbudnagyuaa,9 Day Expiry Rule,03/11/2026,0
IBUAA1067292,Located,="72561",GV WHITE HOT DOG BUNS 8P 11Z,03/11/2026 07:21:14 AM,252,252,0,03/11/2026 07:13:42 AM,ROFRZ-0-001-0,03/11/2026 07:13:43 AM,,04/04/2026,12,252,UAA-148058,UAA102A031126,03/11/2026 07:13:42 AM,,bbushunteruaa,bburastorgauaa,9 Day Expiry Rule,03/11/2026,0
IBUAA1067284,Located,="72561",GV WHITE HOT DOG BUNS 8P 11Z,03/11/2026 07:32:07 AM,252,252,0,03/11/2026 07:24:22 AM,ROFRZ-0-001-0,03/11/2026 07:24:24 AM,,04/04/2026,12,252,UAA-148058,UAA102A031126,03/11/2026 07:24:22 AM,,bburastorgauaa,bburastorgauaa,9 Day Expiry Rule,03/11/2026,0
IBUAA1067285,Located,="72561",GV WHITE HOT DOG BUNS 8P 11Z,03/11/2026 07:36:44 AM,252,252,0,03/11/2026 07:31:05 AM,ROFRZ-0-001-0,03/11/2026 07:31:06 AM,,04/04/2026,12,252,UAA-148058,UAA102A031126,03/11/2026 07:31:05 AM,,bburastorgauaa,bburastorgauaa,9 Day Expiry Rule,03/11/2026,0
IBUAA1067286,Located,="72561",GV WHITE HOT DOG BUNS 8P 11Z,03/11/2026 07:36:44 AM,252,252,0,03/11/2026 07:31:15 AM,ROFRZ-0-001-0,03/11/2026 07:31:16 AM,,04/04/2026,12,252,UAA-148058,UAA102A031126,03/11/2026 07:31:15 AM,,bburastorgauaa,bburastorgauaa,9 Day Expiry Rule,03/11/2026,0
IBUAA1067287,Located,="72561",GV WHITE HOT DOG BUNS 8P 11Z,03/11/2026 07:39:54 AM,252,252,0,03/11/2026 07:31:28 AM,ROFRZ-0-001-0,03/11/2026 07:31:29 AM,,04/04/2026,12,252,UAA-148058,UAA102A031126,03/11/2026 07:31:28 AM,,bburastorgauaa,bburastorgauaa,9 Day Expiry Rule,03/11/2026,0
IBUAA1067289,Located,="72561",GV WHITE HOT DOG BUNS 8P 11Z,03/11/2026 07:44:19 AM,252,252,0,03/11/2026 07:38:58 AM,ROFRZ-0-001-0,03/11/2026 07:38:59 AM,,04/04/2026,12,252,UAA-148058,UAA102A031126,03/11/2026 07:38:58 AM,,bburastorgauaa,bburastorgauaa,9 Day Expiry Rule,03/11/2026,0
IBUAA1067290,Located,="72561",GV WHITE HOT DOG BUNS 8P 11Z,03/11/2026 07:42:51 AM,252,252,0,03/11/2026 07:39:10 AM,ROFRZ-0-001-0,03/11/2026 07:39:11 AM,,04/04/2026,12,252,UAA-148058,UAA102A031126,03/11/2026 07:39:10 AM,,bburastorgauaa,bbudnagyuaa,9 Day Expiry Rule,03/11/2026,0
IBUAA1067333,Located,="72561",GV WHITE HOT DOG BUNS 8P 11Z,03/11/2026 07:50:29 AM,252,252,0,03/11/2026 07:43:28 AM,ROFRZ-0-001-0,03/11/2026 07:43:29 AM,,04/04/2026,12,252,UAA-148058,UAA102A031126,03/11/2026 07:43:28 AM,,bburastorgauaa,bbudnagyuaa,9 Day Expiry Rule,03/11/2026,0
IBUAA1067336,Located,="72561",GV WHITE HOT DOG BUNS 8P 11Z,03/11/2026 07:53:39 AM,252,252,0,03/11/2026 07:48:12 AM,ROFRZ-0-001-0,03/11/2026 07:48:13 AM,,04/04/2026,12,252,UAA-148058,UAA102A031126,03/11/2026 07:48:12 AM,,bburastorgauaa,bbudnagyuaa,9 Day Expiry Rule,03/11/2026,0
IBUAA1067337,Located,="72561",GV WHITE HOT DOG BUNS 8P 11Z,03/11/2026 07:49:33 AM,252,252,0,03/11/2026 07:48:25 AM,ROFRZ-0-001-0,03/11/2026 07:48:26 AM,,04/04/2026,12,252,UAA-148058,UAA102A031126,03/11/2026 07:48:25 AM,,bburastorgauaa,bburastorgauaa,9 Day Expiry Rule,03/11/2026,0
IBUAA1067340,Located,="72561",GV WHITE HOT DOG BUNS 8P 11Z,03/11/2026 07:56:13 AM,252,252,0,03/11/2026 07:52:16 AM,ROFRZ-0-001-0,03/11/2026 07:52:17 AM,,04/04/2026,12,252,UAA-148058,UAA102A031126,03/11/2026 07:52:16 AM,,bburastorgauaa,bburastorgauaa,9 Day Expiry Rule,03/11/2026,0
IBUAA1067341,Located,="72561",GV WHITE HOT DOG BUNS 8P 11Z,03/11/2026 07:53:24 AM,252,252,0,03/11/2026 07:52:27 AM,ROFRZ-0-001-0,03/11/2026 07:52:27 AM,,04/04/2026,12,252,UAA-148058,UAA102A031126,03/11/2026 07:52:27 AM,,bburastorgauaa,bburastorgauaa,9 Day Expiry Rule,03/11/2026,0
IBUAA1067356,Located,="72561",GV WHITE HOT DOG BUNS 8P 11Z,03/11/2026 07:57:28 AM,252,252,0,03/11/2026 07:55:53 AM,ROFRZ-0-001-0,03/11/2026 07:55:56 AM,,04/04/2026,12,252,UAA-148058,UAA102A031126,03/11/2026 07:55:53 AM,,bbudnagyuaa,bbudnagyuaa,9 Day Expiry Rule,03/11/2026,0
IBUAA1067320,Located,="72561",GV WHITE HOT DOG BUNS 8P 11Z,03/11/2026 07:58:14 AM,252,252,0,03/11/2026 07:57:14 AM,ROFRZ-0-001-0,03/11/2026 07:57:17 AM,,04/04/2026,12,252,UAA-148058,UAA102A031126,03/11/2026 07:57:14 AM,,bburastorgauaa,bburastorgauaa,9 Day Expiry Rule,03/11/2026,0
IBUAA1067322,Located,="72561",GV WHITE HOT DOG BUNS 8P 11Z,03/11/2026 08:01:34 AM,252,252,0,03/11/2026 07:59:59 AM,ROFRZ-0-001-0,03/11/2026 08:00:00 AM,,04/04/2026,12,252,UAA-148058,UAA102A031126,03/11/2026 07:59:59 AM,,bburastorgauaa,bbudnagyuaa,9 Day Expiry Rule,03/11/2026,0
IBUAA1067323,Located,="72561",GV WHITE HOT DOG BUNS 8P 11Z,03/11/2026 08:02:25 AM,252,252,0,03/11/2026 08:00:07 AM,ROFRZ-0-001-0,03/11/2026 08:00:08 AM,,04/04/2026,12,252,UAA-148058,UAA102A031126,03/11/2026 08:00:07 AM,,bburastorgauaa,bburastorgauaa,9 Day Expiry Rule,03/11/2026,0
IBUAA1067324,Located,="72561",GV WHITE HOT DOG BUNS 8P 11Z,03/11/2026 08:06:38 AM,252,252,0,03/11/2026 08:01:38 AM,ROFRZ-0-001-0,03/11/2026 08:01:39 AM,,04/04/2026,12,252,UAA-148058,UAA102A031126,03/11/2026 08:01:38 AM,,bburastorgauaa,bbudnagyuaa,9 Day Expiry Rule,03/11/2026,0
IBUAA1067325,Located,="72561",GV WHITE HOT DOG BUNS 8P 11Z,03/11/2026 08:07:54 AM,252,252,0,03/11/2026 08:01:48 AM,ROFRZ-0-001-0,03/11/2026 08:01:50 AM,,04/04/2026,12,252,UAA-148058,UAA102A031126,03/11/2026 08:01:48 AM,,bburastorgauaa,bburastorgauaa,9 Day Expiry Rule,03/11/2026,0
IBUAA1067347,Located,="72561",GV WHITE HOT DOG BUNS 8P 11Z,03/11/2026 08:04:50 AM,252,252,0,03/11/2026 08:03:09 AM,ROFRZ-0-001-0,03/11/2026 08:03:11 AM,,04/04/2026,12,252,UAA-148058,UAA102A031126,03/11/2026 08:03:09 AM,,bbudnagyuaa,bburastorgauaa,9 Day Expiry Rule,03/11/2026,0
IBUAA1067349,Located,="72561",GV WHITE HOT DOG BUNS 8P 11Z,03/11/2026 08:09:05 AM,252,252,0,03/11/2026 08:03:26 AM,ROFRZ-0-001-0,03/11/2026 08:03:27 AM,,04/04/2026,12,252,UAA-148058,UAA102A031126,03/11/2026 08:03:26 AM,,bbudnagyuaa,bbudnagyuaa,9 Day Expiry Rule,03/11/2026,0
IBUAA1067328,Located,="72561",GV WHITE HOT DOG BUNS 8P 11Z,03/11/2026 08:10:09 AM,252,252,0,03/11/2026 08:06:26 AM,ROFRZ-0-001-0,03/11/2026 08:06:27 AM,,04/04/2026,12,252,UAA-148058,UAA102A031126,03/11/2026 08:06:26 AM,,bburastorgauaa,bburastorgauaa,9 Day Expiry Rule,03/11/2026,0
IBUAA1067372,Located,="72561",GV WHITE HOT DOG BUNS 8P 11Z,03/11/2026 08:13:09 AM,252,252,0,03/11/2026 08:11:34 AM,ROFRZ-0-001-0,03/11/2026 08:11:36 AM,,04/04/2026,12,252,UAA-148058,UAA102A031126,03/11/2026 08:11:34 AM,,bbudnagyuaa,bbudnagyuaa,9 Day Expiry Rule,03/11/2026,0
IBUAA1067331,Located,="72561",GV WHITE HOT DOG BUNS 8P 11Z,03/11/2026 08:14:32 AM,252,252,0,03/11/2026 08:12:14 AM,ROFRZ-0-001-0,03/11/2026 08:12:15 AM,,04/04/2026,12,252,UAA-148058,UAA102A031126,03/11/2026 08:12:14 AM,,bburastorgauaa,bburastorgauaa,9 Day Expiry Rule,03/11/2026,0
IBUAA1067393,Located,="72561",GV WHITE HOT DOG BUNS 8P 11Z,03/11/2026 08:15:33 AM,252,252,0,03/11/2026 08:12:45 AM,ROFRZ-0-001-0,03/11/2026 08:12:46 AM,,04/04/2026,12,252,UAA-148058,UAA102A031126,03/11/2026 08:12:45 AM,,bburastorgauaa,bbudnagyuaa,9 Day Expiry Rule,03/11/2026,0
IBUAA1067394,Located,="72561",GV WHITE HOT DOG BUNS 8P 11Z,03/11/2026 08:16:05 AM,252,252,0,03/11/2026 08:12:52 AM,ROFRZ-0-001-0,03/11/2026 08:12:53 AM,,04/04/2026,12,252,UAA-148058,UAA102A031126,03/11/2026 08:12:52 AM,,bburastorgauaa,bburastorgauaa,9 Day Expiry Rule,03/11/2026,0
IBUAA1067374,Located,="72561",GV WHITE HOT DOG BUNS 8P 11Z,03/11/2026 08:22:28 AM,252,252,0,03/11/2026 08:18:39 AM,ROFRZ-0-001-0,03/11/2026 08:18:40 AM,,04/04/2026,12,252,UAA-148058,UAA102A031126,03/11/2026 08:18:39 AM,,bbudnagyuaa,bburastorgauaa,9 Day Expiry Rule,03/11/2026,0
IBUAA1067375,Located,="72561",GV WHITE HOT DOG BUNS 8P 11Z,03/11/2026 08:20:54 AM,252,252,0,03/11/2026 08:18:42 AM,ROFRZ-0-001-0,03/11/2026 08:18:43 AM,,04/04/2026,12,252,UAA-148058,UAA102A031126,03/11/2026 08:18:42 AM,,bbudnagyuaa,bbudnagyuaa,9 Day Expiry Rule,03/11/2026,0
IBUAA1067397,Located,="72561",GV WHITE HOT DOG BUNS 8P 11Z,03/11/2026 08:22:28 AM,252,252,0,03/11/2026 08:20:03 AM,ROFRZ-0-001-0,03/11/2026 08:20:04 AM,,04/04/2026,12,252,UAA-148058,UAA102A031126,03/11/2026 08:20:03 AM,,bburastorgauaa,bburastorgauaa,9 Day Expiry Rule,03/11/2026,0
IBUAA1067398,Located,="72561",GV WHITE HOT DOG BUNS 8P 11Z,03/11/2026 08:24:11 AM,252,252,0,03/11/2026 08:21:49 AM,ROFRZ-0-001-0,03/11/2026 08:21:50 AM,,04/04/2026,12,252,UAA-148058,UAA102A031126,03/11/2026 08:21:49 AM,,bburastorgauaa,bburastorgauaa,9 Day Expiry Rule,03/11/2026,0
IBUAA1067399,Located,="72561",GV WHITE HOT DOG BUNS 8P 11Z,03/11/2026 08:38:57 AM,252,252,0,03/11/2026 08:26:28 AM,ROFRZ-0-001-0,03/11/2026 08:38:18 AM,,04/04/2026,12,252,UAA-148058,UAA102A031126,03/11/2026 08:26:28 AM,,bburastorgauaa,bburastorgauaa,9 Day Expiry Rule,03/11/2026,0
IBUAA1067400,Located,="72561",GV WHITE HOT DOG BUNS 8P 11Z,03/11/2026 08:29:19 AM,252,252,0,03/11/2026 08:26:35 AM,ROFRZ-0-001-0,03/11/2026 08:26:36 AM,,04/04/2026,12,252,UAA-148058,UAA102A031126,03/11/2026 08:26:35 AM,,bburastorgauaa,bbudnagyuaa,9 Day Expiry Rule,03/11/2026,0
IBUAA1067401,Located,="72561",GV WHITE HOT DOG BUNS 8P 11Z,03/11/2026 08:32:15 AM,252,252,0,03/11/2026 08:30:27 AM,ROFRZ-0-001-0,03/11/2026 08:30:28 AM,,04/04/2026,12,252,UAA-148058,UAA102A031126,03/11/2026 08:30:27 AM,,bburastorgauaa,bbudnagyuaa,9 Day Expiry Rule,03/11/2026,0
IBUAA1067402,Located,="72561",GV WHITE HOT DOG BUNS 8P 11Z,03/11/2026 08:35:56 AM,252,252,0,03/11/2026 08:31:54 AM,ROFRZ-0-001-0,03/11/2026 08:31:55 AM,,04/04/2026,12,252,UAA-148058,UAA102A031126,03/11/2026 08:31:54 AM,,bburastorgauaa,bburastorgauaa,9 Day Expiry Rule,03/11/2026,0
IBUAA1067403,Located,="72561",GV WHITE HOT DOG BUNS 8P 11Z,03/11/2026 08:34:54 AM,252,252,0,03/11/2026 08:32:21 AM,ROFRZ-0-001-0,03/11/2026 08:32:22 AM,,04/04/2026,12,252,UAA-148058,UAA102A031126,03/11/2026 08:32:21 AM,,bburastorgauaa,bbudnagyuaa,9 Day Expiry Rule,03/11/2026,0
IBUAA1067404,Located,="72561",GV WHITE HOT DOG BUNS 8P 11Z,03/11/2026 08:35:57 AM,252,252,0,03/11/2026 08:33:19 AM,ROFRZ-0-001-0,03/11/2026 08:33:20 AM,,04/04/2026,12,252,UAA-148058,UAA102A031126,03/11/2026 08:33:19 AM,,bburastorgauaa,bburastorgauaa,9 Day Expiry Rule,03/11/2026,0
OBUAA0000990746,Received,="76937",SL ARTESANO WHITE BAKERY BREAD 20Z,03/11/2026 08:57:55 AM,0,170,0,03/11/2026 08:34:28 AM,,03/11/2026 08:36:14 AM,,03/28/2026,10,0,,UAA110A031126,,,bbutmullinsuaa,bbutmullinsuaa,9 Day Expiry Rule,,1
IBUAA1067406,Located,="72561",GV WHITE HOT DOG BUNS 8P 11Z,03/11/2026 08:38:57 AM,252,252,0,03/11/2026 08:37:05 AM,ROFRZ-0-001-0,03/11/2026 08:37:07 AM,,04/04/2026,12,252,UAA-148058,UAA102A031126,03/11/2026 08:37:05 AM,,bburastorgauaa,bburastorgauaa,9 Day Expiry Rule,03/11/2026,0
IBUAA1067409,Located,="72561",GV WHITE HOT DOG BUNS 8P 11Z,03/11/2026 08:43:51 AM,252,252,0,03/11/2026 08:42:53 AM,ROFRZ-0-001-0,03/11/2026 08:42:54 AM,,04/04/2026,12,252,UAA-148058,UAA102A031126,03/11/2026 08:42:53 AM,,bburastorgauaa,bburastorgauaa,9 Day Expiry Rule,03/11/2026,0
IBUAA1067411,Located,="72561",GV WHITE HOT DOG BUNS 8P 11Z,03/11/2026 08:59:24 AM,252,252,0,03/11/2026 08:44:59 AM,ROFRZ-0-001-0,03/11/2026 08:45:01 AM,,04/04/2026,12,252,UAA-148058,UAA102A031126,03/11/2026 08:44:59 AM,,bburastorgauaa,bburastorgauaa,9 Day Expiry Rule,03/11/2026,0
IBUAA1067412,Located,="72561",GV WHITE HOT DOG BUNS 8P 11Z,03/11/2026 08:59:24 AM,252,252,0,03/11/2026 08:45:09 AM,ROFRZ-0-001-0,03/11/2026 08:45:10 AM,,04/04/2026,12,252,UAA-148058,UAA102A031126,03/11/2026 08:45:09 AM,,bburastorgauaa,bburastorgauaa,9 Day Expiry Rule,03/11/2026,0
IBUAA1067414,Located,="72561",GV WHITE HOT DOG BUNS 8P 11Z,03/11/2026 08:58:01 AM,252,252,0,03/11/2026 08:56:57 AM,ROFRZ-0-001-0,03/11/2026 08:56:59 AM,,04/04/2026,12,252,UAA-148058,UAA102A031126,03/11/2026 08:56:57 AM,,bburastorgauaa,bburastorgauaa,9 Day Expiry Rule,03/11/2026,0
IBUAA1067415,Located,="72561",GV WHITE HOT DOG BUNS 8P 11Z,03/11/2026 09:01:57 AM,252,252,0,03/11/2026 09:00:07 AM,ROFRZ-0-001-0,03/11/2026 09:00:08 AM,,04/04/2026,12,252,UAA-148058,UAA102A031126,03/11/2026 09:00:07 AM,,bburastorgauaa,bburastorgauaa,9 Day Expiry Rule,03/11/2026,0
IBUAA1067416,Located,="72561",GV WHITE HOT DOG BUNS 8P 11Z,03/11/2026 09:01:57 AM,252,252,0,03/11/2026 09:00:18 AM,ROFRZ-0-001-0,03/11/2026 09:00:19 AM,,04/04/2026,12,252,UAA-148058,UAA102A031126,03/11/2026 09:00:18 AM,,bburastorgauaa,bburastorgauaa,9 Day Expiry Rule,03/11/2026,0
OBUAA0000991067,Received,="78944",MP WHITE HOT DOG BUNS 8P 11Z,03/11/2026 10:29:40 AM,0,84,0,03/11/2026 10:29:40 AM,,03/11/2026 10:29:48 AM,,04/04/2026,12,0,,UAA102A031126,,,bbumkentgenuaa,bbumkentgenuaa,9 Day Expiry Rule,,1
OBUAA0000991275,Located,="76928",SL RS WHITE HAMBURGER BUNS 16P 30Z,03/11/2026 02:15:27 PM,0,63,0,03/11/2026 01:38:44 PM,ROFRZ-0-004-0,03/11/2026 01:39:00 PM,,04/04/2026,3,0,,UAA102A031126,,,bbualewisuaa,bbuebryantuaa,12 Day Expiry Rule,,0
IBUAA1067803,Located,="76928",SL RS WHITE HAMBURGER BUNS 16P 30Z,03/11/2026 02:15:27 PM,63,63,0,03/11/2026 02:07:08 PM,ROFRZ-0-004-0,03/11/2026 02:07:10 PM,,04/04/2026,3,63,UAA-148066,UAA102A031126,03/11/2026 02:07:08 PM,,bbuebryantuaa,bbuebryantuaa,12 Day Expiry Rule,03/11/2026,0
IBUAA1067850,Located,="76928",SL RS WHITE HAMBURGER BUNS 16P 30Z,03/11/2026 02:15:27 PM,63,63,0,03/11/2026 02:09:38 PM,ROFRZ-0-004-0,03/11/2026 02:09:40 PM,,04/04/2026,3,63,UAA-148066,UAA102A031126,03/11/2026 02:09:38 PM,,bbuocoxuaa,bbuebryantuaa,12 Day Expiry Rule,03/11/2026,0
IBUAA1067851,Located,="76928",SL RS WHITE HAMBURGER BUNS 16P 30Z,03/11/2026 02:15:27 PM,63,63,0,03/11/2026 02:09:56 PM,ROFRZ-0-004-0,03/11/2026 02:09:57 PM,,04/04/2026,3,63,UAA-148066,UAA102A031126,03/11/2026 02:09:56 PM,,bbuocoxuaa,bbuebryantuaa,12 Day Expiry Rule,03/11/2026,0
IBUAA1067892,Located,="76928",SL RS WHITE HAMBURGER BUNS 16P 30Z,03/11/2026 02:20:22 PM,63,63,0,03/11/2026 02:17:42 PM,ROFRZ-0-004-0,03/11/2026 02:17:43 PM,,04/04/2026,3,63,UAA-148066,UAA102A031126,03/11/2026 02:17:42 PM,,bbuocoxuaa,bbuocoxuaa,12 Day Expiry Rule,03/11/2026,0
IBUAA1067893,Located,="76928",SL RS WHITE HAMBURGER BUNS 16P 30Z,03/11/2026 02:20:22 PM,63,63,0,03/11/2026 02:17:57 PM,ROFRZ-0-004-0,03/11/2026 02:17:58 PM,,04/04/2026,3,63,UAA-148066,UAA102A031126,03/11/2026 02:17:57 PM,,bbuocoxuaa,bbuocoxuaa,12 Day Expiry Rule,03/11/2026,0
IBUAA1067804,Located,="76928",SL RS WHITE HAMBURGER BUNS 16P 30Z,03/11/2026 02:22:28 PM,63,63,0,03/11/2026 02:18:03 PM,ROFRZ-0-004-0,03/11/2026 02:18:04 PM,,04/04/2026,3,63,UAA-148066,UAA102A031126,03/11/2026 02:18:03 PM,,bbuebryantuaa,bbuebryantuaa,12 Day Expiry Rule,03/11/2026,0
IBUAA1067805,Located,="76928",SL RS WHITE HAMBURGER BUNS 16P 30Z,03/11/2026 02:22:28 PM,63,63,0,03/11/2026 02:18:10 PM,ROFRZ-0-004-0,03/11/2026 02:18:11 PM,,04/04/2026,3,63,UAA-148066,UAA102A031126,03/11/2026 02:18:10 PM,,bbuebryantuaa,bbuebryantuaa,12 Day Expiry Rule,03/11/2026,0
IBUAA1067894,Located,="76928",SL RS WHITE HAMBURGER BUNS 16P 30Z,03/11/2026 02:27:43 PM,63,63,0,03/11/2026 02:24:10 PM,ROFRZ-0-004-0,03/11/2026 02:24:11 PM,,04/04/2026,3,63,UAA-148066,UAA102A031126,03/11/2026 02:24:10 PM,,bbuocoxuaa,bbuocoxuaa,12 Day Expiry Rule,03/11/2026,0
IBUAA1067896,Located,="76928",SL RS WHITE HAMBURGER BUNS 16P 30Z,03/11/2026 02:27:43 PM,63,63,0,03/11/2026 02:24:51 PM,ROFRZ-0-004-0,03/11/2026 02:24:52 PM,,04/04/2026,3,63,UAA-148066,UAA102A031126,03/11/2026 02:24:51 PM,,bbuocoxuaa,bbuocoxuaa,12 Day Expiry Rule,03/11/2026,0
IBUAA1067808,Located,="76928",SL RS WHITE HAMBURGER BUNS 16P 30Z,03/11/2026 02:27:52 PM,63,63,0,03/11/2026 02:24:52 PM,ROFRZ-0-004-0,03/11/2026 02:24:53 PM,,04/04/2026,3,63,UAA-148066,UAA102A031126,03/11/2026 02:24:52 PM,,bbuebryantuaa,bbuebryantuaa,12 Day Expiry Rule,03/11/2026,0
IBUAA1067809,Located,="76928",SL RS WHITE HAMBURGER BUNS 16P 30Z,03/11/2026 02:27:52 PM,63,63,0,03/11/2026 02:24:57 PM,ROFRZ-0-004-0,03/11/2026 02:24:58 PM,,04/04/2026,3,63,UAA-148066,UAA102A031126,03/11/2026 02:24:57 PM,,bbuebryantuaa,bbuebryantuaa,12 Day Expiry Rule,03/11/2026,0
IBUAA1067913,Located,="76928",SL RS WHITE HAMBURGER BUNS 16P 30Z,03/11/2026 02:30:57 PM,63,63,0,03/11/2026 02:29:16 PM,ROFRZ-0-004-0,03/11/2026 02:29:17 PM,,04/04/2026,3,63,UAA-148066,UAA102A031126,03/11/2026 02:29:16 PM,,bbuebryantuaa,bbuebryantuaa,12 Day Expiry Rule,03/11/2026,0
IBUAA1067901,Located,="76928",SL RS WHITE HAMBURGER BUNS 16P 30Z,03/11/2026 02:35:20 PM,63,63,0,03/11/2026 02:30:03 PM,ROFRZ-0-004-0,03/11/2026 02:30:04 PM,,04/04/2026,3,63,UAA-148066,UAA102A031126,03/11/2026 02:30:03 PM,,bbuocoxuaa,bbuocoxuaa,12 Day Expiry Rule,03/11/2026,0
IBUAA1067902,Located,="76928",SL RS WHITE HAMBURGER BUNS 16P 30Z,03/11/2026 02:35:20 PM,63,63,0,03/11/2026 02:31:34 PM,ROFRZ-0-004-0,03/11/2026 02:31:35 PM,,04/04/2026,3,63,UAA-148066,UAA102A031126,03/11/2026 02:31:34 PM,,bbuocoxuaa,bbuocoxuaa,12 Day Expiry Rule,03/11/2026,0
IBUAA1067914,Located,="76928",SL RS WHITE HAMBURGER BUNS 16P 30Z,03/11/2026 02:36:48 PM,63,63,0,03/11/2026 02:33:09 PM,ROFRZ-0-004-0,03/11/2026 02:33:10 PM,,04/04/2026,3,63,UAA-148066,UAA102A031126,03/11/2026 02:33:09 PM,,bbuebryantuaa,bbuebryantuaa,12 Day Expiry Rule,03/11/2026,0
IBUAA1067915,Located,="76928",SL RS WHITE HAMBURGER BUNS 16P 30Z,03/11/2026 02:36:48 PM,63,63,0,03/11/2026 02:33:15 PM,ROFRZ-0-004-0,03/11/2026 02:33:16 PM,,04/04/2026,3,63,UAA-148066,UAA102A031126,03/11/2026 02:33:15 PM,,bbuebryantuaa,bbuebryantuaa,12 Day Expiry Rule,03/11/2026,0
IBUAA1067916,Located,="76928",SL RS WHITE HAMBURGER BUNS 16P 30Z,03/11/2026 02:36:48 PM,63,63,0,03/11/2026 02:33:20 PM,ROFRZ-0-004-0,03/11/2026 02:33:21 PM,,04/04/2026,3,63,UAA-148066,UAA102A031126,03/11/2026 02:33:20 PM,,bbuebryantuaa,bbuebryantuaa,12 Day Expiry Rule,03/11/2026,0
IBUAA1067904,Located,="76928",SL RS WHITE HAMBURGER BUNS 16P 30Z,03/11/2026 02:39:45 PM,63,63,0,03/11/2026 02:36:55 PM,ROFRZ-0-004-0,03/11/2026 02:36:56 PM,,04/04/2026,3,63,UAA-148066,UAA102A031126,03/11/2026 02:36:55 PM,,bbuocoxuaa,bbuocoxuaa,12 Day Expiry Rule,03/11/2026,0
IBUAA1067905,Located,="76928",SL RS WHITE HAMBURGER BUNS 16P 30Z,03/11/2026 02:39:45 PM,63,63,0,03/11/2026 02:37:19 PM,ROFRZ-0-004-0,03/11/2026 02:37:20 PM,,04/04/2026,3,63,UAA-148066,UAA102A031126,03/11/2026 02:37:19 PM,,bbuocoxuaa,bbuocoxuaa,12 Day Expiry Rule,03/11/2026,0
IBUAA1067917,Located,="76928",SL RS WHITE HAMBURGER BUNS 16P 30Z,03/11/2026 02:45:49 PM,63,63,0,03/11/2026 02:38:42 PM,ROFRZ-0-004-0,03/11/2026 02:38:43 PM,,04/04/2026,3,63,UAA-148066,UAA102A031126,03/11/2026 02:38:42 PM,,bbuebryantuaa,bbuebryantuaa,12 Day Expiry Rule,03/11/2026,0
IBUAA1067918,Located,="76928",SL RS WHITE HAMBURGER BUNS 16P 30Z,03/11/2026 02:45:49 PM,63,63,0,03/11/2026 02:38:45 PM,ROFRZ-0-004-0,03/11/2026 02:38:45 PM,,04/04/2026,3,63,UAA-148066,UAA102A031126,03/11/2026 02:38:45 PM,,bbuebryantuaa,bbuebryantuaa,12 Day Expiry Rule,03/11/2026,0
IBUAA1067919,Located,="76928",SL RS WHITE HAMBURGER BUNS 16P 30Z,03/11/2026 02:45:50 PM,63,63,0,03/11/2026 02:42:29 PM,ROFRZ-0-004-0,03/11/2026 02:42:30 PM,,04/04/2026,3,63,UAA-148066,UAA102A031126,03/11/2026 02:42:29 PM,,bbuebryantuaa,bbuebryantuaa,12 Day Expiry Rule,03/11/2026,0
IBUAA1067908,Located,="76928",SL RS WHITE HAMBURGER BUNS 16P 30Z,03/11/2026 02:44:40 PM,63,63,0,03/11/2026 02:42:43 PM,ROFRZ-0-004-0,03/11/2026 02:42:44 PM,,04/04/2026,3,63,UAA-148066,UAA102A031126,03/11/2026 02:42:43 PM,,bbuocoxuaa,bbuocoxuaa,12 Day Expiry Rule,03/11/2026,0
IBUAA1067909,Located,="76928",SL RS WHITE HAMBURGER BUNS 16P 30Z,03/11/2026 03:01:40 PM,63,63,0,03/11/2026 02:42:55 PM,ROFRZ-0-004-0,03/11/2026 02:42:56 PM,DOCK-0-0-16,04/04/2026,3,63,UAA-148066,UAA102A031126,03/11/2026 02:42:55 PM,,bbuocoxuaa,bbuocoxuaa,12 Day Expiry Rule,03/11/2026,0
IBUAA1067920,Located,="76928",SL RS WHITE HAMBURGER BUNS 16P 30Z,03/11/2026 03:01:36 PM,63,63,0,03/11/2026 02:47:50 PM,ROFRZ-0-004-0,03/11/2026 02:47:50 PM,,04/04/2026,3,63,UAA-148066,UAA102A031126,03/11/2026 02:47:50 PM,,bbuebryantuaa,bbuebryantuaa,12 Day Expiry Rule,03/11/2026,0
IBUAA1067952,Located,="76928",SL RS WHITE HAMBURGER BUNS 16P 30Z,03/11/2026 02:54:19 PM,63,63,0,03/11/2026 02:49:38 PM,ROFRZ-0-004-0,03/11/2026 02:49:39 PM,,04/04/2026,3,63,UAA-148066,UAA102A031126,03/11/2026 02:49:38 PM,,bbuocoxuaa,bbuocoxuaa,12 Day Expiry Rule,03/11/2026,0
IBUAA1067954,Located,="76928",SL RS WHITE HAMBURGER BUNS 16P 30Z,03/11/2026 02:54:19 PM,63,63,0,03/11/2026 02:49:55 PM,ROFRZ-0-004-0,03/11/2026 02:49:56 PM,,04/04/2026,3,63,UAA-148066,UAA102A031126,03/11/2026 02:49:55 PM,,bbuocoxuaa,bbuocoxuaa,12 Day Expiry Rule,03/11/2026,0
IBUAA1067955,Located,="76928",SL RS WHITE HAMBURGER BUNS 16P 30Z,03/11/2026 02:54:19 PM,63,63,0,03/11/2026 02:50:04 PM,ROFRZ-0-004-0,03/11/2026 02:50:04 PM,,04/04/2026,3,63,UAA-148066,UAA102A031126,03/11/2026 02:50:04 PM,,bbuocoxuaa,bbuocoxuaa,12 Day Expiry Rule,03/11/2026,0
IBUAA1067956,Located,="76928",SL RS WHITE HAMBURGER BUNS 16P 30Z,03/11/2026 02:54:19 PM,63,63,0,03/11/2026 02:50:13 PM,ROFRZ-0-004-0,03/11/2026 02:50:14 PM,,04/04/2026,3,63,UAA-148066,UAA102A031126,03/11/2026 02:50:13 PM,,bbuocoxuaa,bbuocoxuaa,12 Day Expiry Rule,03/11/2026,0
IBUAA1067957,Located,="76928",SL RS WHITE HAMBURGER BUNS 16P 30Z,03/11/2026 03:29:45 PM,63,63,0,03/11/2026 02:50:25 PM,ROFRZ-0-004-0,03/11/2026 03:24:56 PM,,04/04/2026,3,63,UAA-148066,UAA102A031126,03/11/2026 02:50:25 PM,,bbuocoxuaa,bbuocoxuaa,12 Day Expiry Rule,03/11/2026,0
IBUAA1067924,Located,="76928",SL RS WHITE HAMBURGER BUNS 16P 30Z,03/11/2026 03:01:36 PM,63,63,0,03/11/2026 02:53:05 PM,ROFRZ-0-004-0,03/11/2026 02:53:06 PM,,04/04/2026,3,63,UAA-148066,UAA102A031126,03/11/2026 02:53:05 PM,,bbuebryantuaa,bbuebryantuaa,12 Day Expiry Rule,03/11/2026,0
IBUAA1067925,Located,="76928",SL RS WHITE HAMBURGER BUNS 16P 30Z,03/11/2026 03:09:01 PM,63,63,0,03/11/2026 02:53:48 PM,ROFRZ-0-004-0,03/11/2026 02:53:49 PM,,04/04/2026,3,63,UAA-148066,UAA102A031126,03/11/2026 02:53:48 PM,,bbuebryantuaa,bbuebryantuaa,12 Day Expiry Rule,03/11/2026,0
IBUAA1067926,Located,="76928",SL RS WHITE HAMBURGER BUNS 16P 30Z,03/11/2026 03:01:36 PM,63,63,0,03/11/2026 02:53:55 PM,ROFRZ-0-004-0,03/11/2026 02:53:56 PM,,04/04/2026,3,63,UAA-148066,UAA102A031126,03/11/2026 02:53:55 PM,,bbuebryantuaa,bbuebryantuaa,12 Day Expiry Rule,03/11/2026,0
IBUAA1067960,Located,="76928",SL RS WHITE HAMBURGER BUNS 16P 30Z,03/11/2026 02:59:39 PM,63,63,0,03/11/2026 02:57:40 PM,ROFRZ-0-004-0,03/11/2026 02:57:40 PM,,04/04/2026,3,63,UAA-148066,UAA102A031126,03/11/2026 02:57:40 PM,,bbuocoxuaa,bbuocoxuaa,12 Day Expiry Rule,03/11/2026,0
IBUAA1067961,Located,="76928",SL RS WHITE HAMBURGER BUNS 16P 30Z,03/11/2026 02:59:39 PM,63,63,0,03/11/2026 02:57:48 PM,ROFRZ-0-004-0,03/11/2026 02:57:49 PM,,04/04/2026,3,63,UAA-148066,UAA102A031126,03/11/2026 02:57:48 PM,,bbuocoxuaa,bbuocoxuaa,12 Day Expiry Rule,03/11/2026,0
IBUAA1067930,Located,="76928",SL RS WHITE HAMBURGER BUNS 16P 30Z,03/11/2026 03:09:02 PM,63,63,0,03/11/2026 03:03:55 PM,ROFRZ-0-004-0,03/11/2026 03:03:56 PM,,04/04/2026,3,63,UAA-148066,UAA102A031126,03/11/2026 03:03:55 PM,,bbuebryantuaa,bbuebryantuaa,12 Day Expiry Rule,03/11/2026,0
IBUAA1067931,Located,="76928",SL RS WHITE HAMBURGER BUNS 16P 30Z,03/11/2026 03:17:33 PM,63,63,0,03/11/2026 03:03:58 PM,ROFRZ-0-004-0,03/11/2026 03:03:59 PM,,04/04/2026,3,63,UAA-148066,UAA102A031126,03/11/2026 03:03:58 PM,,bbuebryantuaa,bbuebryantuaa,12 Day Expiry Rule,03/11/2026,0
IBUAA1067992,Located,="76928",SL RS WHITE HAMBURGER BUNS 16P 30Z,03/11/2026 03:09:01 PM,63,63,0,03/11/2026 03:04:02 PM,ROFRZ-0-004-0,03/11/2026 03:04:03 PM,,04/04/2026,3,63,UAA-148066,UAA102A031126,03/11/2026 03:04:02 PM,,bbuebryantuaa,bbuebryantuaa,12 Day Expiry Rule,03/11/2026,0
IBUAA1067993,Located,="76928",SL RS WHITE HAMBURGER BUNS 16P 30Z,03/11/2026 03:09:02 PM,63,63,0,03/11/2026 03:04:04 PM,ROFRZ-0-004-0,03/11/2026 03:04:05 PM,,04/04/2026,3,63,UAA-148066,UAA102A031126,03/11/2026 03:04:04 PM,,bbuebryantuaa,bbuebryantuaa,12 Day Expiry Rule,03/11/2026,0
IBUAA1067963,Located,="76928",SL RS WHITE HAMBURGER BUNS 16P 30Z,03/11/2026 03:07:06 PM,63,63,0,03/11/2026 03:04:56 PM,ROFRZ-0-004-0,03/11/2026 03:04:58 PM,,04/04/2026,3,63,UAA-148066,UAA102A031126,03/11/2026 03:04:56 PM,,bbuocoxuaa,bbuocoxuaa,12 Day Expiry Rule,03/11/2026,0
IBUAA1067964,Located,="76928",SL RS WHITE HAMBURGER BUNS 16P 30Z,03/11/2026 03:07:05 PM,63,63,0,03/11/2026 03:05:23 PM,ROFRZ-0-004-0,03/11/2026 03:05:24 PM,,04/04/2026,3,63,UAA-148066,UAA102A031126,03/11/2026 03:05:23 PM,,bbuocoxuaa,bbuocoxuaa,12 Day Expiry Rule,03/11/2026,0
IBUAA1067965,Located,="76928",SL RS WHITE HAMBURGER BUNS 16P 30Z,03/11/2026 03:11:03 PM,63,63,0,03/11/2026 03:09:02 PM,ROFRZ-0-004-0,03/11/2026 03:09:03 PM,,04/04/2026,3,63,UAA-148066,UAA102A031126,03/11/2026 03:09:02 PM,,bbuocoxuaa,bbuocoxuaa,12 Day Expiry Rule,03/11/2026,0
IBUAA1067966,Located,="76928",SL RS WHITE HAMBURGER BUNS 16P 30Z,03/11/2026 03:11:03 PM,63,63,0,03/11/2026 03:09:10 PM,ROFRZ-0-004-0,03/11/2026 03:09:11 PM,,04/04/2026,3,63,UAA-148066,UAA102A031126,03/11/2026 03:09:10 PM,,bbuocoxuaa,bbuocoxuaa,12 Day Expiry Rule,03/11/2026,0
IBUAA1067996,Located,="76928",SL RS WHITE HAMBURGER BUNS 16P 30Z,03/11/2026 03:17:33 PM,63,63,0,03/11/2026 03:11:14 PM,ROFRZ-0-004-0,03/11/2026 03:11:15 PM,,04/04/2026,3,63,UAA-148066,UAA102A031126,03/11/2026 03:11:14 PM,,bbuebryantuaa,bbuebryantuaa,12 Day Expiry Rule,03/11/2026,0
IBUAA1067997,Located,="76928",SL RS WHITE HAMBURGER BUNS 16P 30Z,03/11/2026 03:27:40 PM,63,63,0,03/11/2026 03:12:33 PM,ROFRZ-0-004-0,03/11/2026 03:12:34 PM,,04/04/2026,3,63,UAA-148066,UAA102A031126,03/11/2026 03:12:33 PM,,bbuebryantuaa,bbuebryantuaa,12 Day Expiry Rule,03/11/2026,0
IBUAA1067998,Located,="76928",SL RS WHITE HAMBURGER BUNS 16P 30Z,03/11/2026 03:17:33 PM,63,63,0,03/11/2026 03:12:38 PM,ROFRZ-0-004-0,03/11/2026 03:12:39 PM,,04/04/2026,3,63,UAA-148066,UAA102A031126,03/11/2026 03:12:38 PM,,bbuebryantuaa,bbuebryantuaa,12 Day Expiry Rule,03/11/2026,0
IBUAA1067967,Located,="76928",SL RS WHITE HAMBURGER BUNS 16P 30Z,03/11/2026 03:21:03 PM,63,63,0,03/11/2026 03:18:06 PM,ROFRZ-0-004-0,03/11/2026 03:18:07 PM,,04/04/2026,3,63,UAA-148066,UAA102A031126,03/11/2026 03:18:06 PM,,bbuocoxuaa,bbuocoxuaa,12 Day Expiry Rule,03/11/2026,0
IBUAA1067968,Located,="76928",SL RS WHITE HAMBURGER BUNS 16P 30Z,03/11/2026 03:23:05 PM,63,63,0,03/11/2026 03:18:09 PM,ROFRZ-0-004-0,03/11/2026 03:18:10 PM,,04/04/2026,3,63,UAA-148066,UAA102A031126,03/11/2026 03:18:09 PM,,bbuocoxuaa,bbuocoxuaa,12 Day Expiry Rule,03/11/2026,0
IBUAA1067969,Located,="76928",SL RS WHITE HAMBURGER BUNS 16P 30Z,03/11/2026 03:21:03 PM,63,63,0,03/11/2026 03:18:12 PM,ROFRZ-0-004-0,03/11/2026 03:18:12 PM,,04/04/2026,3,63,UAA-148066,UAA102A031126,03/11/2026 03:18:12 PM,,bbuocoxuaa,bbuocoxuaa,12 Day Expiry Rule,03/11/2026,0
IBUAA1068002,Located,="76928",SL RS WHITE HAMBURGER BUNS 16P 30Z,03/11/2026 03:27:40 PM,63,63,0,03/11/2026 03:19:27 PM,ROFRZ-0-004-0,03/11/2026 03:19:28 PM,,04/04/2026,3,63,UAA-148066,UAA102A031126,03/11/2026 03:19:27 PM,,bbuebryantuaa,bbuebryantuaa,12 Day Expiry Rule,03/11/2026,0
IBUAA1068003,Located,="76928",SL RS WHITE HAMBURGER BUNS 16P 30Z,03/11/2026 03:27:40 PM,63,63,0,03/11/2026 03:19:30 PM,ROFRZ-0-004-0,03/11/2026 03:25:18 PM,,04/04/2026,3,63,UAA-148066,UAA102A031126,03/11/2026 03:19:30 PM,,bbuebryantuaa,bbuebryantuaa,12 Day Expiry Rule,03/11/2026,0
IBUAA1068012,Located,="76928",SL RS WHITE HAMBURGER BUNS 16P 30Z,03/11/2026 03:29:45 PM,63,63,0,03/11/2026 03:25:10 PM,ROFRZ-0-004-0,03/11/2026 03:25:11 PM,,04/04/2026,3,63,UAA-148066,UAA102A031126,03/11/2026 03:25:10 PM,,bbuocoxuaa,bbuocoxuaa,12 Day Expiry Rule,03/11/2026,0
IBUAA1068006,Located,="76928",SL RS WHITE HAMBURGER BUNS 16P 30Z,03/11/2026 03:32:51 PM,63,63,0,03/11/2026 03:25:48 PM,ROFRZ-0-004-0,03/11/2026 03:25:49 PM,,04/04/2026,3,63,UAA-148066,UAA102A031126,03/11/2026 03:25:48 PM,,bbuebryantuaa,bbuebryantuaa,12 Day Expiry Rule,03/11/2026,0
IBUAA1068007,Located,="76928",SL RS WHITE HAMBURGER BUNS 16P 30Z,03/11/2026 03:32:51 PM,63,63,0,03/11/2026 03:25:51 PM,ROFRZ-0-004-0,03/11/2026 03:25:51 PM,,04/04/2026,3,63,UAA-148066,UAA102A031126,03/11/2026 03:25:51 PM,,bbuebryantuaa,bbuebryantuaa,12 Day Expiry Rule,03/11/2026,0
IBUAA1068008,Located,="76928",SL RS WHITE HAMBURGER BUNS 16P 30Z,03/11/2026 03:32:51 PM,63,63,0,03/11/2026 03:25:53 PM,ROFRZ-0-004-0,03/11/2026 03:25:54 PM,,04/04/2026,3,63,UAA-148066,UAA102A031126,03/11/2026 03:25:53 PM,,bbuebryantuaa,bbuebryantuaa,12 Day Expiry Rule,03/11/2026,0
IBUAA1068009,Located,="76928",SL RS WHITE HAMBURGER BUNS 16P 30Z,03/11/2026 03:39:16 PM,63,63,0,03/11/2026 03:30:23 PM,ROFRZ-0-004-0,03/11/2026 03:30:24 PM,,04/04/2026,3,63,UAA-148066,UAA102A031126,03/11/2026 03:30:23 PM,,bbuebryantuaa,bbuebryantuaa,12 Day Expiry Rule,03/11/2026,0
IBUAA1068010,Located,="76928",SL RS WHITE HAMBURGER BUNS 16P 30Z,03/11/2026 03:39:16 PM,63,63,0,03/11/2026 03:30:27 PM,ROFRZ-0-004-0,03/11/2026 03:30:28 PM,,04/04/2026,3,63,UAA-148066,UAA102A031126,03/11/2026 03:30:27 PM,,bbuebryantuaa,bbuebryantuaa,12 Day Expiry Rule,03/11/2026,0
IBUAA1068011,Located,="76928",SL RS WHITE HAMBURGER BUNS 16P 30Z,03/11/2026 03:39:16 PM,63,63,0,03/11/2026 03:30:43 PM,ROFRZ-0-004-0,03/11/2026 03:30:44 PM,,04/04/2026,3,63,UAA-148066,UAA102A031126,03/11/2026 03:30:43 PM,,bbuebryantuaa,bbuebryantuaa,12 Day Expiry Rule,03/11/2026,0
IBUAA1068034,Located,="76928",SL RS WHITE HAMBURGER BUNS 16P 30Z,03/11/2026 03:39:16 PM,63,63,0,03/11/2026 03:34:34 PM,ROFRZ-0-004-0,03/11/2026 03:34:35 PM,,04/04/2026,3,63,UAA-148066,UAA102A031126,03/11/2026 03:34:34 PM,,bbuebryantuaa,bbuebryantuaa,12 Day Expiry Rule,03/11/2026,0
IBUAA1068035,Located,="76928",SL RS WHITE HAMBURGER BUNS 16P 30Z,03/11/2026 03:39:16 PM,63,63,0,03/11/2026 03:34:52 PM,ROFRZ-0-004-0,03/11/2026 03:34:53 PM,,04/04/2026,3,63,UAA-148066,UAA102A031126,03/11/2026 03:34:52 PM,,bbuebryantuaa,bbuebryantuaa,12 Day Expiry Rule,03/11/2026,0
IBUAA1068052,Located,="76928",SL RS WHITE HAMBURGER BUNS 16P 30Z,03/11/2026 03:44:12 PM,63,63,0,03/11/2026 03:41:52 PM,ROFRZ-0-004-0,03/11/2026 03:41:54 PM,,04/04/2026,3,63,UAA-148066,UAA102A031126,03/11/2026 03:41:52 PM,,bbucminderuaa,bbucminderuaa,12 Day Expiry Rule,03/11/2026,0
IBUAA1068053,Located,="76928",SL RS WHITE HAMBURGER BUNS 16P 30Z,03/11/2026 03:44:12 PM,63,63,0,03/11/2026 03:42:02 PM,ROFRZ-0-004-0,03/11/2026 03:42:03 PM,,04/04/2026,3,63,UAA-148066,UAA102A031126,03/11/2026 03:42:02 PM,,bbucminderuaa,bbucminderuaa,12 Day Expiry Rule,03/11/2026,0
IBUAA1068013,Located,="76928",SL RS WHITE HAMBURGER BUNS 16P 30Z,03/11/2026 03:49:48 PM,63,63,0,03/11/2026 03:47:32 PM,ROFRZ-0-004-0,03/11/2026 03:47:34 PM,,04/04/2026,3,63,UAA-148066,UAA102A031126,03/11/2026 03:47:32 PM,,bbublopezruaa,bbublopezruaa,12 Day Expiry Rule,03/11/2026,0
IBUAA1068014,Located,="76928",SL RS WHITE HAMBURGER BUNS 16P 30Z,03/11/2026 03:49:48 PM,63,63,0,03/11/2026 03:47:41 PM,ROFRZ-0-004-0,03/11/2026 03:47:42 PM,,04/04/2026,3,63,UAA-148066,UAA102A031126,03/11/2026 03:47:41 PM,,bbublopezruaa,bbublopezruaa,12 Day Expiry Rule,03/11/2026,0
IBUAA1068015,Located,="76928",SL RS WHITE HAMBURGER BUNS 16P 30Z,03/11/2026 03:49:48 PM,63,63,0,03/11/2026 03:47:51 PM,ROFRZ-0-004-0,03/11/2026 03:47:52 PM,,04/04/2026,3,63,UAA-148066,UAA102A031126,03/11/2026 03:47:51 PM,,bbublopezruaa,bbublopezruaa,12 Day Expiry Rule,03/11/2026,0
IBUAA1068018,Located,="76928",SL RS WHITE HAMBURGER BUNS 16P 30Z,03/11/2026 03:52:54 PM,63,63,0,03/11/2026 03:51:17 PM,ROFRZ-0-004-0,03/11/2026 03:51:18 PM,,04/04/2026,3,63,UAA-148066,UAA102A031126,03/11/2026 03:51:17 PM,,bbublopezruaa,bbuocoxuaa,12 Day Expiry Rule,03/11/2026,0
IBUAA1068019,Located,="76928",SL RS WHITE HAMBURGER BUNS 16P 30Z,03/11/2026 03:52:53 PM,63,63,0,03/11/2026 03:51:32 PM,ROFRZ-0-004-0,03/11/2026 03:51:33 PM,,04/04/2026,3,63,UAA-148066,UAA102A031126,03/11/2026 03:51:32 PM,,bbublopezruaa,bbuocoxuaa,12 Day Expiry Rule,03/11/2026,0
IBUAA1068020,Located,="76928",SL RS WHITE HAMBURGER BUNS 16P 30Z,03/11/2026 03:52:53 PM,63,63,0,03/11/2026 03:51:39 PM,ROFRZ-0-004-0,03/11/2026 03:51:40 PM,,04/04/2026,3,63,UAA-148066,UAA102A031126,03/11/2026 03:51:39 PM,,bbublopezruaa,bbuocoxuaa,12 Day Expiry Rule,03/11/2026,0
IBUAA1068021,Located,="76928",SL RS WHITE HAMBURGER BUNS 16P 30Z,03/11/2026 03:52:53 PM,63,63,0,03/11/2026 03:51:44 PM,ROFRZ-0-004-0,03/11/2026 03:51:44 PM,,04/04/2026,3,63,UAA-148066,UAA102A031126,03/11/2026 03:51:44 PM,,bbublopezruaa,bbuocoxuaa,12 Day Expiry Rule,03/11/2026,0
IBUAA1068022,Located,="76928",SL RS WHITE HAMBURGER BUNS 16P 30Z,03/11/2026 03:54:38 PM,63,63,0,03/11/2026 03:51:48 PM,ROFRZ-0-004-0,03/11/2026 03:51:49 PM,,04/04/2026,3,63,UAA-148066,UAA102A031126,03/11/2026 03:51:48 PM,,bbublopezruaa,bbublopezruaa,12 Day Expiry Rule,03/11/2026,0
IBUAA1068023,Located,="76928",SL RS WHITE HAMBURGER BUNS 16P 30Z,03/11/2026 03:54:38 PM,63,63,0,03/11/2026 03:51:53 PM,ROFRZ-0-004-0,03/11/2026 03:51:53 PM,,04/04/2026,3,63,UAA-148066,UAA102A031126,03/11/2026 03:51:53 PM,,bbublopezruaa,bbublopezruaa,12 Day Expiry Rule,03/11/2026,0
IBUAA1068024,Located,="76928",SL RS WHITE HAMBURGER BUNS 16P 30Z,03/11/2026 03:54:38 PM,63,63,0,03/11/2026 03:51:58 PM,ROFRZ-0-004-0,03/11/2026 03:51:59 PM,,04/04/2026,3,63,UAA-148066,UAA102A031126,03/11/2026 03:51:58 PM,,bbublopezruaa,bbublopezruaa,12 Day Expiry Rule,03/11/2026,0
IBUAA1068039,Located,="76928",SL RS WHITE HAMBURGER BUNS 16P 30Z,03/11/2026 03:56:00 PM,63,63,0,03/11/2026 03:54:44 PM,ROFRZ-0-004-0,03/11/2026 03:54:46 PM,,04/04/2026,3,63,UAA-148066,UAA102A031126,03/11/2026 03:54:44 PM,,bbuocoxuaa,bbuocoxuaa,12 Day Expiry Rule,03/11/2026,0
IBUAA1068040,Located,="76928",SL RS WHITE HAMBURGER BUNS 16P 30Z,03/11/2026 03:56:00 PM,63,63,0,03/11/2026 03:54:48 PM,ROFRZ-0-004-0,03/11/2026 03:54:49 PM,,04/04/2026,3,63,UAA-148066,UAA102A031126,03/11/2026 03:54:48 PM,,bbuocoxuaa,bbuocoxuaa,12 Day Expiry Rule,03/11/2026,0
IBUAA1068041,Located,="76928",SL RS WHITE HAMBURGER BUNS 16P 30Z,03/11/2026 03:56:00 PM,63,63,0,03/11/2026 03:54:59 PM,ROFRZ-0-004-0,03/11/2026 03:55:00 PM,,04/04/2026,3,63,UAA-148066,UAA102A031126,03/11/2026 03:54:59 PM,,bbuocoxuaa,bbuocoxuaa,12 Day Expiry Rule,03/11/2026,0
IBUAA1068044,Located,="76928",SL RS WHITE HAMBURGER BUNS 16P 30Z,03/11/2026 04:02:39 PM,63,63,0,03/11/2026 04:01:02 PM,ROFRZ-0-004-0,03/11/2026 04:01:03 PM,,04/04/2026,3,63,UAA-148066,UAA102A031126,03/11/2026 04:01:02 PM,,bbuocoxuaa,bbuocoxuaa,12 Day Expiry Rule,03/11/2026,0
IBUAA1068045,Located,="76928",SL RS WHITE HAMBURGER BUNS 16P 30Z,03/11/2026 04:02:39 PM,63,63,0,03/11/2026 04:01:06 PM,ROFRZ-0-004-0,03/11/2026 04:01:07 PM,,04/04/2026,3,63,UAA-148066,UAA102A031126,03/11/2026 04:01:06 PM,,bbuocoxuaa,bbuocoxuaa,12 Day Expiry Rule,03/11/2026,0
IBUAA1068026,Located,="76928",SL RS WHITE HAMBURGER BUNS 16P 30Z,03/11/2026 04:04:07 PM,63,63,0,03/11/2026 04:02:17 PM,ROFRZ-0-004-0,03/11/2026 04:02:18 PM,,04/04/2026,3,63,UAA-148066,UAA102A031126,03/11/2026 04:02:17 PM,,bbublopezruaa,bbublopezruaa,12 Day Expiry Rule,03/11/2026,0
IBUAA1068027,Located,="76928",SL RS WHITE HAMBURGER BUNS 16P 30Z,03/11/2026 04:04:07 PM,63,63,0,03/11/2026 04:02:27 PM,ROFRZ-0-004-0,03/11/2026 04:02:28 PM,,04/04/2026,3,63,UAA-148066,UAA102A031126,03/11/2026 04:02:27 PM,,bbublopezruaa,bbublopezruaa,12 Day Expiry Rule,03/11/2026,0
IBUAA1068046,Located,="76928",SL RS WHITE HAMBURGER BUNS 16P 30Z,03/11/2026 04:06:16 PM,63,63,0,03/11/2026 04:03:31 PM,ROFRZ-0-004-0,03/11/2026 04:03:32 PM,,04/04/2026,3,63,UAA-148066,UAA102A031126,03/11/2026 04:03:31 PM,,bbuocoxuaa,bbuocoxuaa,12 Day Expiry Rule,03/11/2026,0
IBUAA1068047,Located,="76928",SL RS WHITE HAMBURGER BUNS 16P 30Z,03/11/2026 04:06:16 PM,63,63,0,03/11/2026 04:03:35 PM,ROFRZ-0-004-0,03/11/2026 04:03:36 PM,,04/04/2026,3,63,UAA-148066,UAA102A031126,03/11/2026 04:03:35 PM,,bbuocoxuaa,bbuocoxuaa,12 Day Expiry Rule,03/11/2026,0
IBUAA1067939,Located,="76928",SL RS WHITE HAMBURGER BUNS 16P 30Z,03/11/2026 04:08:27 PM,63,63,0,03/11/2026 04:06:06 PM,ROFRZ-0-004-0,03/11/2026 04:06:08 PM,,04/04/2026,3,63,UAA-148066,UAA102A031126,03/11/2026 04:06:06 PM,,bbuebryantuaa,bbuebryantuaa,12 Day Expiry Rule,03/11/2026,0
IBUAA1067940,Located,="76928",SL RS WHITE HAMBURGER BUNS 16P 30Z,03/11/2026 04:08:27 PM,63,63,0,03/11/2026 04:06:13 PM,ROFRZ-0-004-0,03/11/2026 04:06:14 PM,,04/04/2026,3,63,UAA-148066,UAA102A031126,03/11/2026 04:06:13 PM,,bbuebryantuaa,bbuebryantuaa,12 Day Expiry Rule,03/11/2026,0
IBUAA1067941,Located,="76928",SL RS WHITE HAMBURGER BUNS 16P 30Z,03/11/2026 04:15:07 PM,63,63,0,03/11/2026 04:11:43 PM,ROFRZ-0-004-0,03/11/2026 04:11:44 PM,,04/04/2026,3,63,UAA-148066,UAA102A031126,03/11/2026 04:11:43 PM,,bbuebryantuaa,bbuocoxuaa,12 Day Expiry Rule,03/11/2026,0
IBUAA1067942,Located,="76928",SL RS WHITE HAMBURGER BUNS 16P 30Z,03/11/2026 04:14:24 PM,63,63,0,03/11/2026 04:11:46 PM,ROFRZ-0-004-0,03/11/2026 04:11:47 PM,,04/04/2026,3,63,UAA-148066,UAA102A031126,03/11/2026 04:11:46 PM,,bbuebryantuaa,bbuebryantuaa,12 Day Expiry Rule,03/11/2026,0
IBUAA1067943,Located,="76928",SL RS WHITE HAMBURGER BUNS 16P 30Z,03/11/2026 04:14:24 PM,63,63,0,03/11/2026 04:11:52 PM,ROFRZ-0-004-0,03/11/2026 04:11:53 PM,,04/04/2026,3,63,UAA-148066,UAA102A031126,03/11/2026 04:11:52 PM,,bbuebryantuaa,bbuebryantuaa,12 Day Expiry Rule,03/11/2026,0
IBUAA1068049,Located,="76928",SL RS WHITE HAMBURGER BUNS 16P 30Z,03/11/2026 04:34:36 PM,63,63,0,03/11/2026 04:18:58 PM,ROFRZ-0-004-0,03/11/2026 04:18:59 PM,,04/04/2026,3,63,UAA-148066,UAA102A031126,03/11/2026 04:18:58 PM,,bbuocoxuaa,bbuebryantuaa,12 Day Expiry Rule,03/11/2026,0
IBUAA1068050,Located,="76928",SL RS WHITE HAMBURGER BUNS 16P 30Z,03/11/2026 04:34:36 PM,63,63,0,03/11/2026 04:19:03 PM,ROFRZ-0-004-0,03/11/2026 04:19:04 PM,,04/04/2026,3,63,UAA-148066,UAA102A031126,03/11/2026 04:19:03 PM,,bbuocoxuaa,bbuebryantuaa,12 Day Expiry Rule,03/11/2026,0
IBUAA1069154,Located,="77836",MP HONEY WHEAT ROUND TOP BREAD 20Z,03/12/2026 04:10:05 AM,170,170,0,03/12/2026 04:06:18 AM,STG-0-0-FSB,03/12/2026 04:06:20 AM,,03/30/2026,10,170,UAA-148114,UAA110A031226,03/12/2026 04:06:18 AM,,bbucjaheimuaa,bbucjaheimuaa,9 Day Expiry Rule,03/12/2026,0
IBUAA1069156,Located,="77836",MP HONEY WHEAT ROUND TOP BREAD 20Z,03/12/2026 04:10:05 AM,100,100,0,03/12/2026 04:08:53 AM,STG-0-0-FSB,03/12/2026 04:08:54 AM,,03/30/2026,10,100,UAA-148114,UAA110A031226,03/12/2026 04:08:53 AM,,bbucjaheimuaa,bbucjaheimuaa,9 Day Expiry Rule,03/12/2026,0
IBUAA1069367,Located,="73358",GV HONEY WHEAT ROUND TOP BREAD 20Z,03/12/2026 08:23:27 AM,170,170,0,03/12/2026 08:16:55 AM,INV-01-01-01,03/12/2026 08:21:15 AM,,04/06/2026,10,170,UAA-148106,UAA110A031226,03/12/2026 08:16:55 AM,,bbuocoxuaa,bbuocoxuaa,9 Day Expiry Rule,03/12/2026,0
IBUAA1069421,Located,="73358",GV HONEY WHEAT ROUND TOP BREAD 20Z,03/12/2026 08:19:30 AM,170,170,0,03/12/2026 08:17:01 AM,INV-01-01-01,03/12/2026 08:18:13 AM,,04/06/2026,10,170,UAA-148106,UAA110A031226,03/12/2026 08:17:01 AM,,bbuahollowayuaa,bbuahollowayuaa,9 Day Expiry Rule,03/12/2026,0
IBUAA1069422,Located,="73358",GV HONEY WHEAT ROUND TOP BREAD 20Z,03/12/2026 08:19:30 AM,170,170,0,03/12/2026 08:19:05 AM,INV-01-01-01,03/12/2026 08:19:06 AM,,04/06/2026,10,170,UAA-148106,UAA110A031226,03/12/2026 08:19:05 AM,,bbuahollowayuaa,bbuahollowayuaa,9 Day Expiry Rule,03/12/2026,0
IBUAA1069369,Located,="73358",GV HONEY WHEAT ROUND TOP BREAD 20Z,03/12/2026 08:23:26 AM,170,170,0,03/12/2026 08:21:48 AM,INV-01-01-01,03/12/2026 08:21:50 AM,,04/06/2026,10,170,UAA-148106,UAA110A031226,03/12/2026 08:21:48 AM,,bbuocoxuaa,bbuocoxuaa,9 Day Expiry Rule,03/12/2026,0
IBUAA1069427,Located,="73358",GV HONEY WHEAT ROUND TOP BREAD 20Z,03/12/2026 08:29:39 AM,170,170,0,03/12/2026 08:26:48 AM,INV-01-01-01,03/12/2026 08:26:49 AM,INV-01-01-01,04/06/2026,10,170,UAA-148106,UAA110A031226,03/12/2026 08:26:48 AM,,bbuahollowayuaa,bbuocoxuaa,9 Day Expiry Rule,03/12/2026,0
IBUAA1069428,Located,="73358",GV HONEY WHEAT ROUND TOP BREAD 20Z,03/12/2026 08:27:08 AM,170,170,0,03/12/2026 08:26:53 AM,INV-01-01-01,03/12/2026 08:26:54 AM,,04/06/2026,10,170,UAA-148106,UAA110A031226,03/12/2026 08:26:53 AM,,bbuahollowayuaa,bbuahollowayuaa,9 Day Expiry Rule,03/12/2026,0
IBUAA1069371,Located,="73358",GV HONEY WHEAT ROUND TOP BREAD 20Z,03/12/2026 08:29:40 AM,30,30,0,03/12/2026 08:28:07 AM,INV-01-01-01,03/12/2026 08:28:08 AM,,04/06/2026,10,30,UAA-148106,UAA110A031226,03/12/2026 08:28:07 AM,,bbuocoxuaa,bbuocoxuaa,9 Day Expiry Rule,03/12/2026,0
IBUAA1069558,Located,="927713",TH BUTTRMILK EM LE TRAY 6P 13Z,03/12/2026 09:45:22 AM,442,442,0,03/12/2026 09:39:48 AM,INV-01-01-02,03/12/2026 09:39:49 AM,,03/30/2026,26,442,UAA-148213,UAA125A031226,03/12/2026 09:39:48 AM,,bbudhyattuaa,bbudhyattuaa,9 Day Expiry Rule,03/12/2026,0
IBUAA1069559,Located,="927713",TH BUTTRMILK EM LE TRAY 6P 13Z,03/12/2026 09:47:56 AM,442,442,0,03/12/2026 09:45:32 AM,INV-01-01-02,03/12/2026 09:45:33 AM,,03/30/2026,26,442,UAA-148213,UAA125A031226,03/12/2026 09:45:32 AM,,bbudhyattuaa,bbudhyattuaa,9 Day Expiry Rule,03/12/2026,0
IBUAA1069562,Located,="927713",TH BUTTRMILK EM LE TRAY 6P 13Z,03/12/2026 09:51:24 AM,442,442,0,03/12/2026 09:49:36 AM,INV-01-01-02,03/12/2026 09:49:37 AM,,03/30/2026,26,442,UAA-148213,UAA125A031226,03/12/2026 09:49:36 AM,,bbudhyattuaa,bbudhyattuaa,9 Day Expiry Rule,03/12/2026,0
IBUAA1069563,Located,="927713",TH BUTTRMILK EM LE TRAY 6P 13Z,03/12/2026 09:55:24 AM,442,442,0,03/12/2026 09:55:10 AM,INV-01-01-02,03/12/2026 09:55:11 AM,,03/30/2026,26,442,UAA-148213,UAA125A031226,03/12/2026 09:55:10 AM,,bbudhyattuaa,bbudhyattuaa,9 Day Expiry Rule,03/12/2026,0
IBUAA1069565,Located,="927713",TH BUTTRMILK EM LE TRAY 6P 13Z,03/12/2026 10:02:03 AM,442,442,0,03/12/2026 10:00:21 AM,INV-01-01-02,03/12/2026 10:00:22 AM,,03/30/2026,26,442,UAA-148213,UAA125A031226,03/12/2026 10:00:21 AM,,bbudhyattuaa,bbudhyattuaa,9 Day Expiry Rule,03/12/2026,0
IBUAA1069579,Located,="927713",TH BUTTRMILK EM LE TRAY 6P 13Z,03/12/2026 10:20:41 AM,442,442,0,03/12/2026 10:15:59 AM,INV-01-01-02,03/12/2026 10:16:28 AM,,03/30/2026,26,442,UAA-148213,UAA125A031226,03/12/2026 10:15:59 AM,,bbucminderuaa,bbucminderuaa,9 Day Expiry Rule,03/12/2026,0
IBUAA1069580,Located,="927713",TH BUTTRMILK EM LE TRAY 6P 13Z,03/12/2026 10:20:41 AM,442,442,0,03/12/2026 10:18:24 AM,INV-01-01-02,03/12/2026 10:18:24 AM,,03/30/2026,26,442,UAA-148213,UAA125A031226,03/12/2026 10:18:24 AM,,bbucminderuaa,bbucminderuaa,9 Day Expiry Rule,03/12/2026,0
IBUAA1069582,Located,="927713",TH BUTTRMILK EM LE TRAY 6P 13Z,03/12/2026 10:23:38 AM,442,442,0,03/12/2026 10:23:23 AM,INV-01-01-02,03/12/2026 10:23:24 AM,,03/30/2026,26,442,UAA-148213,UAA125A031226,03/12/2026 10:23:23 AM,,bbucminderuaa,bbucminderuaa,9 Day Expiry Rule,03/12/2026,0
IBUAA1069584,Located,="927713",TH BUTTRMILK EM LE TRAY 6P 13Z,03/12/2026 10:28:32 AM,442,442,0,03/12/2026 10:26:38 AM,INV-01-01-02,03/12/2026 10:26:40 AM,,03/30/2026,26,442,UAA-148213,UAA125A031226,03/12/2026 10:26:38 AM,,bbucminderuaa,bbucminderuaa,9 Day Expiry Rule,03/12/2026,0
IBUAA1069632,Located,="927713",TH BUTTRMILK EM LE TRAY 6P 13Z,03/12/2026 10:38:46 AM,442,442,0,03/12/2026 10:37:42 AM,INV-01-01-02,03/12/2026 10:37:43 AM,,03/30/2026,26,442,UAA-148213,UAA125A031226,03/12/2026 10:37:42 AM,,bbucminderuaa,bbucminderuaa,9 Day Expiry Rule,03/12/2026,0
IBUAA1069619,Located,="927713",TH BUTTRMILK EM LE TRAY 6P 13Z,03/12/2026 10:46:52 AM,442,442,0,03/12/2026 10:45:15 AM,INV-01-01-02,03/12/2026 10:45:17 AM,,03/30/2026,26,442,UAA-148213,UAA125A031226,03/12/2026 10:45:15 AM,,bbudhyattuaa,bbudhyattuaa,9 Day Expiry Rule,03/12/2026,0
IBUAA1069622,Located,="927713",TH BUTTRMILK EM LE TRAY 6P 13Z,03/12/2026 10:46:52 AM,442,442,0,03/12/2026 10:46:22 AM,INV-01-01-02,03/12/2026 10:46:23 AM,,03/30/2026,26,442,UAA-148213,UAA125A031226,03/12/2026 10:46:22 AM,,bbudhyattuaa,bbudhyattuaa,9 Day Expiry Rule,03/12/2026,0
IBUAA1069626,Located,="927713",TH BUTTRMILK EM LE TRAY 6P 13Z,03/12/2026 10:52:57 AM,442,442,0,03/12/2026 10:51:52 AM,INV-01-01-02,03/12/2026 10:51:53 AM,,03/30/2026,26,442,UAA-148213,UAA125A031226,03/12/2026 10:51:52 AM,,bbudhyattuaa,bbudhyattuaa,9 Day Expiry Rule,03/12/2026,0
IBUAA1069628,Located,="927713",TH BUTTRMILK EM LE TRAY 6P 13Z,03/12/2026 10:57:05 AM,442,442,0,03/12/2026 10:55:09 AM,INV-01-01-02,03/12/2026 10:55:12 AM,,03/30/2026,26,442,UAA-148213,UAA125A031226,03/12/2026 10:55:09 AM,,bbudhyattuaa,bbudhyattuaa,9 Day Expiry Rule,03/12/2026,0
IBUAA1069697,Located,="927713",TH BUTTRMILK EM LE TRAY 6P 13Z,03/12/2026 11:23:56 AM,442,442,0,03/12/2026 11:14:58 AM,INV-01-01-02,03/12/2026 11:15:00 AM,,03/30/2026,26,442,UAA-148213,UAA125A031226,03/12/2026 11:14:58 AM,,bbudhyattuaa,bbudhyattuaa,9 Day Expiry Rule,03/12/2026,0
IBUAA1069675,Located,="78944",MP WHITE HOT DOG BUNS 8P 11Z,03/12/2026 11:18:28 AM,24,24,0,03/12/2026 11:15:19 AM,INV-01-01-02,03/12/2026 11:15:22 AM,,04/05/2026,12,24,UAA-148434,UAA102A031226,03/12/2026 11:15:19 AM,,bbupreiduaa,bbupreiduaa,9 Day Expiry Rule,03/12/2026,0
IBUAA1069698,Located,="927713",TH BUTTRMILK EM LE TRAY 6P 13Z,03/12/2026 11:23:56 AM,442,442,0,03/12/2026 11:15:24 AM,INV-01-01-02,03/12/2026 11:15:25 AM,,03/30/2026,26,442,UAA-148213,UAA125A031226,03/12/2026 11:15:24 AM,,bbudhyattuaa,bbudhyattuaa,9 Day Expiry Rule,03/12/2026,0
IBUAA1069699,Located,="927713",TH BUTTRMILK EM LE TRAY 6P 13Z,03/12/2026 11:23:56 AM,442,442,0,03/12/2026 11:15:33 AM,INV-01-01-02,03/12/2026 11:15:34 AM,,03/30/2026,26,442,UAA-148213,UAA125A031226,03/12/2026 11:15:33 AM,,bbudhyattuaa,bbudhyattuaa,9 Day Expiry Rule,03/12/2026,0
IBUAA1069700,Located,="927713",TH BUTTRMILK EM LE TRAY 6P 13Z,03/12/2026 11:23:56 AM,442,442,0,03/12/2026 11:18:27 AM,INV-01-01-02,03/12/2026 11:18:28 AM,,03/30/2026,26,442,UAA-148213,UAA125A031226,03/12/2026 11:18:27 AM,,bbudhyattuaa,bbudhyattuaa,9 Day Expiry Rule,03/12/2026,0
IBUAA1069705,Located,="927713",TH BUTTRMILK EM LE TRAY 6P 13Z,03/12/2026 11:27:53 AM,442,442,0,03/12/2026 11:24:05 AM,INV-01-01-02,03/12/2026 11:24:07 AM,,03/30/2026,26,442,UAA-148213,UAA125A031226,03/12/2026 11:24:05 AM,,bbudhyattuaa,bbudhyattuaa,9 Day Expiry Rule,03/12/2026,0
IBUAA1069710,Located,="927713",TH BUTTRMILK EM LE TRAY 6P 13Z,03/12/2026 11:31:53 AM,442,442,0,03/12/2026 11:31:19 AM,INV-01-01-02,03/12/2026 11:31:20 AM,,03/30/2026,26,442,UAA-148213,UAA125A031226,03/12/2026 11:31:19 AM,,bbudhyattuaa,bbudhyattuaa,9 Day Expiry Rule,03/12/2026,0
IBUAA1069671,Located,="72392",FS MWGW ROUND TOP BREAD 24Z,03/12/2026 01:13:35 PM,170,170,0,03/12/2026 01:07:05 PM,INV-01-01-01,03/12/2026 01:07:08 PM,,04/05/2026,10,170,UAA-148113,UAA110A031226,03/12/2026 01:07:05 PM,,bbuahollowayuaa,bbuahollowayuaa,12 Day Expiry Rule,03/12/2026,0
IBUAA1069792,Located,="72392",FS MWGW ROUND TOP BREAD 24Z,03/12/2026 01:13:34 PM,170,170,0,03/12/2026 01:07:17 PM,INV-01-01-01,03/12/2026 01:07:18 PM,,04/05/2026,10,170,UAA-148113,UAA110A031226,03/12/2026 01:07:17 PM,,bbuahollowayuaa,bbuahollowayuaa,12 Day Expiry Rule,03/12/2026,0
IBUAA1069644,Located,="72392",FS MWGW ROUND TOP BREAD 24Z,03/12/2026 01:13:26 PM,170,170,0,03/12/2026 01:10:16 PM,INV-01-01-01,03/12/2026 01:10:34 PM,,04/05/2026,10,170,UAA-148113,UAA110A031226,03/12/2026 01:10:16 PM,,bbuocoxuaa,bbuocoxuaa,12 Day Expiry Rule,03/12/2026,0
IBUAA1069645,Located,="72392",FS MWGW ROUND TOP BREAD 24Z,03/12/2026 01:13:26 PM,170,170,0,03/12/2026 01:11:20 PM,INV-01-01-01,03/12/2026 01:11:21 PM,,04/05/2026,10,170,UAA-148113,UAA110A031226,03/12/2026 01:11:20 PM,,bbuocoxuaa,bbuocoxuaa,12 Day Expiry Rule,03/12/2026,0
IBUAA1069794,Located,="72392",FS MWGW ROUND TOP BREAD 24Z,03/12/2026 01:14:05 PM,170,170,0,03/12/2026 01:13:45 PM,INV-01-01-01,03/12/2026 01:13:46 PM,,04/05/2026,10,170,UAA-148113,UAA110A031226,03/12/2026 01:13:45 PM,,bbuahollowayuaa,bbuahollowayuaa,12 Day Expiry Rule,03/12/2026,0
IBUAA1069795,Located,="72392",FS MWGW ROUND TOP BREAD 24Z,03/12/2026 01:14:05 PM,170,170,0,03/12/2026 01:13:50 PM,INV-01-01-01,03/12/2026 01:13:51 PM,,04/05/2026,10,170,UAA-148113,UAA110A031226,03/12/2026 01:13:50 PM,,bbuahollowayuaa,bbuahollowayuaa,12 Day Expiry Rule,03/12/2026,0
IBUAA1069647,Located,="72392",FS MWGW ROUND TOP BREAD 24Z,03/12/2026 01:18:36 PM,170,170,0,03/12/2026 01:15:55 PM,INV-01-01-01,03/12/2026 01:15:56 PM,,04/05/2026,10,170,UAA-148113,UAA110A031226,03/12/2026 01:15:55 PM,,bbuocoxuaa,bbuocoxuaa,12 Day Expiry Rule,03/12/2026,0
IBUAA1069648,Located,="72392",FS MWGW ROUND TOP BREAD 24Z,03/12/2026 01:18:36 PM,170,170,0,03/12/2026 01:16:12 PM,INV-01-01-01,03/12/2026 01:16:13 PM,,04/05/2026,10,170,UAA-148113,UAA110A031226,03/12/2026 01:16:12 PM,,bbuocoxuaa,bbuocoxuaa,12 Day Expiry Rule,03/12/2026,0
IBUAA1069649,Located,="72392",FS MWGW ROUND TOP BREAD 24Z,03/12/2026 01:24:23 PM,170,170,0,03/12/2026 01:21:47 PM,INV-01-01-01,03/12/2026 01:21:48 PM,,04/05/2026,10,170,UAA-148113,UAA110A031226,03/12/2026 01:21:47 PM,,bbuocoxuaa,bbuocoxuaa,12 Day Expiry Rule,03/12/2026,0
IBUAA1069650,Located,="72392",FS MWGW ROUND TOP BREAD 24Z,03/12/2026 01:24:22 PM,170,170,0,03/12/2026 01:21:59 PM,INV-01-01-01,03/12/2026 01:22:00 PM,,04/05/2026,10,170,UAA-148113,UAA110A031226,03/12/2026 01:21:59 PM,,bbuocoxuaa,bbuocoxuaa,12 Day Expiry Rule,03/12/2026,0
IBUAA1069800,Located,="72392",FS MWGW ROUND TOP BREAD 24Z,03/12/2026 01:23:56 PM,170,170,0,03/12/2026 01:23:33 PM,INV-01-01-01,03/12/2026 01:23:34 PM,,04/05/2026,10,170,UAA-148113,UAA110A031226,03/12/2026 01:23:33 PM,,bbuahollowayuaa,bbuahollowayuaa,12 Day Expiry Rule,03/12/2026,0
IBUAA1069801,Located,="72392",FS MWGW ROUND TOP BREAD 24Z,03/12/2026 01:23:55 PM,170,170,0,03/12/2026 01:23:38 PM,INV-01-01-01,03/12/2026 01:23:39 PM,,04/05/2026,10,170,UAA-148113,UAA110A031226,03/12/2026 01:23:38 PM,,bbuahollowayuaa,bbuahollowayuaa,12 Day Expiry Rule,03/12/2026,0
IBUAA1069651,Located,="72392",FS MWGW ROUND TOP BREAD 24Z,03/12/2026 01:27:06 PM,170,170,0,03/12/2026 01:24:59 PM,INV-01-01-01,03/12/2026 01:25:00 PM,,04/05/2026,10,170,UAA-148113,UAA110A031226,03/12/2026 01:24:59 PM,,bbuocoxuaa,bbuocoxuaa,12 Day Expiry Rule,03/12/2026,0
IBUAA1069832,Located,="72392",FS MWGW ROUND TOP BREAD 24Z,03/12/2026 01:27:06 PM,170,170,0,03/12/2026 01:25:14 PM,INV-01-01-01,03/12/2026 01:25:15 PM,,04/05/2026,10,170,UAA-148113,UAA110A031226,03/12/2026 01:25:14 PM,,bbuocoxuaa,bbuocoxuaa,12 Day Expiry Rule,03/12/2026,0
IBUAA1069803,Located,="72392",FS MWGW ROUND TOP BREAD 24Z,03/12/2026 01:30:26 PM,170,170,0,03/12/2026 01:29:05 PM,INV-01-01-01,03/12/2026 01:29:06 PM,,04/05/2026,10,170,UAA-148113,UAA110A031226,03/12/2026 01:29:05 PM,,bbuahollowayuaa,bbuahollowayuaa,12 Day Expiry Rule,03/12/2026,0
IBUAA1069833,Located,="72392",FS MWGW ROUND TOP BREAD 24Z,03/12/2026 01:30:56 PM,170,170,0,03/12/2026 01:29:16 PM,INV-01-01-01,03/12/2026 01:29:17 PM,,04/05/2026,10,170,UAA-148113,UAA110A031226,03/12/2026 01:29:16 PM,,bbuocoxuaa,bbuocoxuaa,12 Day Expiry Rule,03/12/2026,0
IBUAA1069806,Located,="72392",FS MWGW ROUND TOP BREAD 24Z,03/12/2026 01:32:46 PM,170,170,0,03/12/2026 01:32:19 PM,INV-01-01-01,03/12/2026 01:32:20 PM,,04/05/2026,10,170,UAA-148113,UAA110A031226,03/12/2026 01:32:19 PM,,bbuahollowayuaa,bbuahollowayuaa,12 Day Expiry Rule,03/12/2026,0
IBUAA1069834,Located,="72392",FS MWGW ROUND TOP BREAD 24Z,03/12/2026 01:34:56 PM,170,170,0,03/12/2026 01:33:37 PM,INV-01-01-01,03/12/2026 01:33:38 PM,,04/05/2026,10,170,UAA-148113,UAA110A031226,03/12/2026 01:33:37 PM,,bbuocoxuaa,bbuocoxuaa,12 Day Expiry Rule,03/12/2026,0
IBUAA1069872,Located,="72392",FS MWGW ROUND TOP BREAD 24Z,03/12/2026 01:47:26 PM,160,160,0,03/12/2026 01:45:27 PM,INV-01-01-01,03/12/2026 01:45:28 PM,,04/05/2026,10,160,UAA-148113,UAA110A031226,03/12/2026 01:45:27 PM,,bbuocoxuaa,bbuocoxuaa,12 Day Expiry Rule,03/12/2026,0
IBUAA1069774,Located,="927782",OH WHITE RTBRD 20Z,03/12/2026 04:56:09 PM,170,170,0,03/12/2026 02:11:54 PM,STG-0-0-FSB,03/12/2026 02:11:56 PM,STG-0-0-CHRS,03/30/2026,10,170,UAA-148115,UAA110A031226,03/12/2026 02:11:54 PM,,bbuahollowayuaa,bbudduranuaa,9 Day Expiry Rule,03/12/2026,0
IBUAA1069913,Located,="927782",OH WHITE RTBRD 20Z,03/12/2026 02:19:47 PM,170,170,0,03/12/2026 02:19:29 PM,INV-01-01-01,03/12/2026 02:19:30 PM,,03/30/2026,10,170,UAA-148115,UAA110A031226,03/12/2026 02:19:29 PM,,bbuebryantuaa,bbuebryantuaa,9 Day Expiry Rule,03/12/2026,0
IBUAA1069914,Located,="927782",OH WHITE RTBRD 20Z,03/12/2026 02:32:29 PM,170,170,0,03/12/2026 02:31:48 PM,INV-01-01-01,03/12/2026 02:31:50 PM,,03/30/2026,10,170,UAA-148115,UAA110A031226,03/12/2026 02:31:48 PM,,bbuocoxuaa,bbuocoxuaa,9 Day Expiry Rule,03/12/2026,0
IBUAA1069915,Located,="927782",OH WHITE RTBRD 20Z,03/12/2026 02:32:29 PM,140,140,0,03/12/2026 02:32:12 PM,INV-01-01-01,03/12/2026 02:32:13 PM,,03/30/2026,10,140,UAA-148115,UAA110A031226,03/12/2026 02:32:12 PM,,bbuocoxuaa,bbuocoxuaa,9 Day Expiry Rule,03/12/2026,0
IBUAA1069955,Located,="72561",GV WHITE HOT DOG BUNS 8P 11Z,03/12/2026 03:29:02 PM,252,252,0,03/12/2026 03:15:19 PM,INV-01-01-02,03/12/2026 03:15:20 PM,,04/05/2026,12,252,UAA-148426,UAA102A031226,03/12/2026 03:15:19 PM,,bbublopezruaa,bbuebryantuaa,9 Day Expiry Rule,03/12/2026,0
IBUAA1069956,Located,="72561",GV WHITE HOT DOG BUNS 8P 11Z,03/12/2026 03:29:02 PM,252,252,0,03/12/2026 03:15:28 PM,INV-01-01-02,03/12/2026 03:15:29 PM,,04/05/2026,12,252,UAA-148426,UAA102A031226,03/12/2026 03:15:28 PM,,bbublopezruaa,bbuebryantuaa,9 Day Expiry Rule,03/12/2026,0
IBUAA1069910,Located,="72561",GV WHITE HOT DOG BUNS 8P 11Z,03/12/2026 03:29:02 PM,252,252,0,03/12/2026 03:18:43 PM,INV-01-01-02,03/12/2026 03:18:46 PM,,04/05/2026,12,252,UAA-148426,UAA102A031226,03/12/2026 03:18:43 PM,,bbupreiduaa,bbuebryantuaa,9 Day Expiry Rule,03/12/2026,0
IBUAA1069972,Located,="72561",GV WHITE HOT DOG BUNS 8P 11Z,03/12/2026 03:29:02 PM,252,252,0,03/12/2026 03:22:20 PM,INV-01-01-02,03/12/2026 03:22:22 PM,,04/05/2026,12,252,UAA-148426,UAA102A031226,03/12/2026 03:22:20 PM,,bbuebryantuaa,bbuebryantuaa,9 Day Expiry Rule,03/12/2026,0
IBUAA1069974,Located,="72561",GV WHITE HOT DOG BUNS 8P 11Z,03/12/2026 03:29:02 PM,252,252,0,03/12/2026 03:26:20 PM,INV-01-01-02,03/12/2026 03:26:21 PM,,04/05/2026,12,252,UAA-148426,UAA102A031226,03/12/2026 03:26:20 PM,,bbuebryantuaa,bbuebryantuaa,9 Day Expiry Rule,03/12/2026,0
IBUAA1069975,Located,="72561",GV WHITE HOT DOG BUNS 8P 11Z,03/12/2026 03:34:37 PM,252,252,0,03/12/2026 03:26:34 PM,INV-01-01-02,03/12/2026 03:26:34 PM,INV-01-01-02,04/05/2026,12,252,UAA-148426,UAA102A031226,03/12/2026 03:26:33 PM,,bbuebryantuaa,bbuebryantuaa,9 Day Expiry Rule,03/12/2026,0
IBUAA1069976,Located,="72561",GV WHITE HOT DOG BUNS 8P 11Z,03/12/2026 03:29:02 PM,252,252,0,03/12/2026 03:26:36 PM,INV-01-01-02,03/12/2026 03:26:37 PM,,04/05/2026,12,252,UAA-148426,UAA102A031226,03/12/2026 03:26:36 PM,,bbuebryantuaa,bbuebryantuaa,9 Day Expiry Rule,03/12/2026,0
IBUAA1069977,Located,="72561",GV WHITE HOT DOG BUNS 8P 11Z,03/12/2026 03:34:37 PM,252,252,0,03/12/2026 03:32:12 PM,INV-01-01-02,03/12/2026 03:32:13 PM,,04/05/2026,12,252,UAA-148426,UAA102A031226,03/12/2026 03:32:12 PM,,bbuebryantuaa,bbuebryantuaa,9 Day Expiry Rule,03/12/2026,0
IBUAA1069978,Located,="72561",GV WHITE HOT DOG BUNS 8P 11Z,03/12/2026 03:34:37 PM,252,252,0,03/12/2026 03:32:18 PM,INV-01-01-02,03/12/2026 03:32:19 PM,,04/05/2026,12,252,UAA-148426,UAA102A031226,03/12/2026 03:32:18 PM,,bbuebryantuaa,bbuebryantuaa,9 Day Expiry Rule,03/12/2026,0
IBUAA1069979,Located,="72561",GV WHITE HOT DOG BUNS 8P 11Z,03/12/2026 03:34:37 PM,252,252,0,03/12/2026 03:32:21 PM,INV-01-01-02,03/12/2026 03:32:22 PM,,04/05/2026,12,252,UAA-148426,UAA102A031226,03/12/2026 03:32:21 PM,,bbuebryantuaa,bbuebryantuaa,9 Day Expiry Rule,03/12/2026,0
IBUAA1069921,Located,="72561",GV WHITE HOT DOG BUNS 8P 11Z,03/12/2026 03:38:50 PM,252,252,0,03/12/2026 03:38:26 PM,INV-01-01-02,03/12/2026 03:38:29 PM,,04/05/2026,12,252,UAA-148426,UAA102A031226,03/12/2026 03:38:26 PM,,bbublopezruaa,bbublopezruaa,9 Day Expiry Rule,03/12/2026,0
IBUAA1069922,Located,="72561",GV WHITE HOT DOG BUNS 8P 11Z,03/12/2026 03:38:50 PM,252,252,0,03/12/2026 03:38:35 PM,INV-01-01-02,03/12/2026 03:38:36 PM,,04/05/2026,12,252,UAA-148426,UAA102A031226,03/12/2026 03:38:35 PM,,bbublopezruaa,bbublopezruaa,9 Day Expiry Rule,03/12/2026,0
IBUAA1069924,Located,="72561",GV WHITE HOT DOG BUNS 8P 11Z,03/12/2026 03:40:43 PM,252,252,0,03/12/2026 03:40:34 PM,INV-01-01-02,03/12/2026 03:40:35 PM,,04/05/2026,12,252,UAA-148426,UAA102A031226,03/12/2026 03:40:34 PM,,bbublopezruaa,bbublopezruaa,9 Day Expiry Rule,03/12/2026,0
IBUAA1069947,Located,="72561",GV WHITE HOT DOG BUNS 8P 11Z,03/12/2026 03:42:06 PM,252,252,0,03/12/2026 03:41:33 PM,INV-01-01-02,03/12/2026 03:41:35 PM,,04/05/2026,12,252,UAA-148426,UAA102A031226,03/12/2026 03:41:33 PM,,bbupreiduaa,bbupreiduaa,9 Day Expiry Rule,03/12/2026,0
IBUAA1069948,Located,="72561",GV WHITE HOT DOG BUNS 8P 11Z,03/12/2026 03:42:06 PM,252,252,0,03/12/2026 03:41:42 PM,INV-01-01-02,03/12/2026 03:41:43 PM,,04/05/2026,12,252,UAA-148426,UAA102A031226,03/12/2026 03:41:42 PM,,bbupreiduaa,bbupreiduaa,9 Day Expiry Rule,03/12/2026,0
IBUAA1069949,Located,="72561",GV WHITE HOT DOG BUNS 8P 11Z,03/12/2026 03:42:06 PM,252,252,0,03/12/2026 03:41:48 PM,INV-01-01-02,03/12/2026 03:41:49 PM,,04/05/2026,12,252,UAA-148426,UAA102A031226,03/12/2026 03:41:48 PM,,bbupreiduaa,bbupreiduaa,9 Day Expiry Rule,03/12/2026,0
IBUAA1069950,Located,="72561",GV WHITE HOT DOG BUNS 8P 11Z,03/12/2026 03:45:15 PM,252,252,0,03/12/2026 03:44:59 PM,INV-01-01-02,03/12/2026 03:45:00 PM,,04/05/2026,12,252,UAA-148426,UAA102A031226,03/12/2026 03:44:59 PM,,bbupreiduaa,bbupreiduaa,9 Day Expiry Rule,03/12/2026,0
IBUAA1069926,Located,="72561",GV WHITE HOT DOG BUNS 8P 11Z,03/12/2026 03:45:53 PM,252,252,0,03/12/2026 03:45:44 PM,INV-01-01-02,03/12/2026 03:45:45 PM,,04/05/2026,12,252,UAA-148426,UAA102A031226,03/12/2026 03:45:44 PM,,bbublopezruaa,bbublopezruaa,9 Day Expiry Rule,03/12/2026,0
IBUAA1069992,Located,="72561",GV WHITE HOT DOG BUNS 8P 11Z,03/12/2026 03:46:54 PM,252,252,0,03/12/2026 03:46:42 PM,INV-01-01-02,03/12/2026 03:46:43 PM,,04/05/2026,12,252,UAA-148426,UAA102A031226,03/12/2026 03:46:42 PM,,bbupreiduaa,bbupreiduaa,9 Day Expiry Rule,03/12/2026,0
IBUAA1069928,Located,="72561",GV WHITE HOT DOG BUNS 8P 11Z,03/12/2026 03:49:11 PM,252,252,0,03/12/2026 03:49:02 PM,INV-01-01-02,03/12/2026 03:49:03 PM,,04/05/2026,12,252,UAA-148426,UAA102A031226,03/12/2026 03:49:02 PM,,bbublopezruaa,bbublopezruaa,9 Day Expiry Rule,03/12/2026,0
IBUAA1069930,Located,="72561",GV WHITE HOT DOG BUNS 8P 11Z,03/12/2026 05:21:17 PM,252,252,0,03/12/2026 03:49:25 PM,INV-01-01-02,03/12/2026 05:20:32 PM,,04/05/2026,12,252,UAA-148426,UAA102A031226,03/12/2026 03:49:25 PM,,bbublopezruaa,bbualewisuaa,9 Day Expiry Rule,03/12/2026,0
IBUAA1069931,Located,="72561",GV WHITE HOT DOG BUNS 8P 11Z,03/12/2026 03:57:09 PM,252,252,0,03/12/2026 03:49:32 PM,INV-01-01-02,03/12/2026 03:49:33 PM,,04/05/2026,12,252,UAA-148426,UAA102A031226,03/12/2026 03:49:32 PM,,bbublopezruaa,bbublopezruaa,9 Day Expiry Rule,03/12/2026,0
IBUAA1070012,Located,="72561",GV WHITE HOT DOG BUNS 8P 11Z,03/12/2026 03:57:09 PM,252,252,0,03/12/2026 03:49:39 PM,INV-01-01-02,03/12/2026 03:49:40 PM,,04/05/2026,12,252,UAA-148426,UAA102A031226,03/12/2026 03:49:39 PM,,bbublopezruaa,bbublopezruaa,9 Day Expiry Rule,03/12/2026,0
IBUAA1069995,Located,="72561",GV WHITE HOT DOG BUNS 8P 11Z,03/12/2026 03:49:57 PM,252,252,0,03/12/2026 03:49:43 PM,INV-01-01-02,03/12/2026 03:49:43 PM,,04/05/2026,12,252,UAA-148426,UAA102A031226,03/12/2026 03:49:43 PM,,bbupreiduaa,bbupreiduaa,9 Day Expiry Rule,03/12/2026,0
IBUAA1069963,Located,="72561",GV WHITE HOT DOG BUNS 8P 11Z,03/12/2026 03:53:41 PM,252,252,0,03/12/2026 03:53:24 PM,INV-01-01-02,03/12/2026 03:53:26 PM,,04/05/2026,12,252,UAA-148426,UAA102A031226,03/12/2026 03:53:24 PM,,bbupreiduaa,bbupreiduaa,9 Day Expiry Rule,03/12/2026,0
IBUAA1069964,Located,="72561",GV WHITE HOT DOG BUNS 8P 11Z,03/12/2026 03:56:50 PM,252,252,0,03/12/2026 03:56:36 PM,INV-01-01-02,03/12/2026 03:56:37 PM,,04/05/2026,12,252,UAA-148426,UAA102A031226,03/12/2026 03:56:36 PM,,bbupreiduaa,bbupreiduaa,9 Day Expiry Rule,03/12/2026,0
IBUAA1070014,Located,="72561",GV WHITE HOT DOG BUNS 8P 11Z,03/12/2026 04:04:17 PM,252,252,0,03/12/2026 03:57:19 PM,INV-01-01-02,03/12/2026 03:57:20 PM,,04/05/2026,12,252,UAA-148426,UAA102A031226,03/12/2026 03:57:19 PM,,bbublopezruaa,bbublopezruaa,9 Day Expiry Rule,03/12/2026,0
IBUAA1070015,Located,="72561",GV WHITE HOT DOG BUNS 8P 11Z,03/12/2026 04:04:17 PM,252,252,0,03/12/2026 03:57:25 PM,INV-01-01-02,03/12/2026 03:57:26 PM,,04/05/2026,12,252,UAA-148426,UAA102A031226,03/12/2026 03:57:25 PM,,bbublopezruaa,bbublopezruaa,9 Day Expiry Rule,03/12/2026,0
IBUAA1069967,Located,="72561",GV WHITE HOT DOG BUNS 8P 11Z,03/12/2026 04:01:04 PM,252,252,0,03/12/2026 04:00:46 PM,INV-01-01-02,03/12/2026 04:00:47 PM,,04/05/2026,12,252,UAA-148426,UAA102A031226,03/12/2026 04:00:46 PM,,bbupreiduaa,bbupreiduaa,9 Day Expiry Rule,03/12/2026,0
IBUAA1070017,Located,="72561",GV WHITE HOT DOG BUNS 8P 11Z,03/12/2026 04:11:19 PM,252,252,0,03/12/2026 04:04:39 PM,INV-01-01-02,03/12/2026 04:04:41 PM,,04/05/2026,12,252,UAA-148426,UAA102A031226,03/12/2026 04:04:39 PM,,bbublopezruaa,bbublopezruaa,9 Day Expiry Rule,03/12/2026,0
IBUAA1070018,Located,="72561",GV WHITE HOT DOG BUNS 8P 11Z,03/12/2026 04:11:19 PM,252,252,0,03/12/2026 04:04:46 PM,INV-01-01-02,03/12/2026 04:04:47 PM,,04/05/2026,12,252,UAA-148426,UAA102A031226,03/12/2026 04:04:46 PM,,bbublopezruaa,bbublopezruaa,9 Day Expiry Rule,03/12/2026,0
IBUAA1069970,Located,="72561",GV WHITE HOT DOG BUNS 8P 11Z,03/12/2026 04:05:53 PM,252,252,0,03/12/2026 04:05:36 PM,INV-01-01-02,03/12/2026 04:05:36 PM,,04/05/2026,12,252,UAA-148426,UAA102A031226,03/12/2026 04:05:36 PM,,bbupreiduaa,bbupreiduaa,9 Day Expiry Rule,03/12/2026,0
IBUAA1070032,Located,="72561",GV WHITE HOT DOG BUNS 8P 11Z,03/12/2026 04:10:54 PM,252,252,0,03/12/2026 04:10:17 PM,INV-01-01-02,03/12/2026 04:10:18 PM,,04/05/2026,12,252,UAA-148426,UAA102A031226,03/12/2026 04:10:17 PM,,bbupreiduaa,bbupreiduaa,9 Day Expiry Rule,03/12/2026,0
IBUAA1070022,Located,="72561",GV WHITE HOT DOG BUNS 8P 11Z,03/12/2026 04:25:45 PM,252,252,0,03/12/2026 04:10:59 PM,INV-01-01-02,03/12/2026 04:11:00 PM,,04/05/2026,12,252,UAA-148426,UAA102A031226,03/12/2026 04:10:59 PM,,bbublopezruaa,bbublopezruaa,9 Day Expiry Rule,03/12/2026,0
IBUAA1070023,Located,="72561",GV WHITE HOT DOG BUNS 8P 11Z,03/12/2026 04:19:42 PM,252,252,0,03/12/2026 04:11:07 PM,INV-01-01-02,03/12/2026 04:11:08 PM,,04/05/2026,12,252,UAA-148426,UAA102A031226,03/12/2026 04:11:07 PM,,bbublopezruaa,bbublopezruaa,9 Day Expiry Rule,03/12/2026,0
IBUAA1070035,Located,="72561",GV WHITE HOT DOG BUNS 8P 11Z,03/12/2026 04:13:42 PM,252,252,0,03/12/2026 04:13:28 PM,INV-01-01-02,03/12/2026 04:13:29 PM,,04/05/2026,12,252,UAA-148426,UAA102A031226,03/12/2026 04:13:28 PM,,bbupreiduaa,bbupreiduaa,9 Day Expiry Rule,03/12/2026,0
IBUAA1070036,Located,="72561",GV WHITE HOT DOG BUNS 8P 11Z,03/12/2026 04:15:18 PM,252,252,0,03/12/2026 04:14:54 PM,INV-01-01-02,03/12/2026 04:14:55 PM,,04/05/2026,12,252,UAA-148426,UAA102A031226,03/12/2026 04:14:54 PM,,bbupreiduaa,bbupreiduaa,9 Day Expiry Rule,03/12/2026,0
IBUAA1069985,Located,="72561",GV WHITE HOT DOG BUNS 8P 11Z,03/12/2026 04:26:24 PM,252,252,0,03/12/2026 04:25:13 PM,INV-01-01-02,03/12/2026 04:25:15 PM,,04/05/2026,12,252,UAA-148426,UAA102A031226,03/12/2026 04:25:13 PM,,bbupreiduaa,bbupreiduaa,9 Day Expiry Rule,03/12/2026,0
IBUAA1069986,Located,="72561",GV WHITE HOT DOG BUNS 8P 11Z,03/12/2026 04:26:24 PM,48,48,0,03/12/2026 04:25:25 PM,INV-01-01-02,03/12/2026 04:25:26 PM,,04/05/2026,12,48,UAA-148426,UAA102A031226,03/12/2026 04:25:25 PM,,bbupreiduaa,bbupreiduaa,9 Day Expiry Rule,03/12/2026,0
IBUAA1070072,Located,="72561",GV WHITE HOT DOG BUNS 8P 11Z,03/12/2026 04:28:43 PM,60,60,0,03/12/2026 04:28:28 PM,INV-01-01-02,03/12/2026 04:28:29 PM,,04/05/2026,12,60,UAA-148426,UAA102A031226,03/12/2026 04:28:28 PM,,bbublopezruaa,bbublopezruaa,9 Day Expiry Rule,03/12/2026,0
